country_name,TERRITORY1,ISO_TER1,SOVEREIGN1,Continent, Groups,Population,Area_EEZ_KM2,GDP,CO2_emissions_2023,Debt (2015 US$),saltmarshes_area_km2,seagrasses_area_km2,mangroves_area_km2,Uptake Salt (t/km2),Uptake Seag (t/km2),Uptake Mang (t/km2),Uptake Salt LOW,Uptake Seag LOW,Uptake Mang LOW,Uptake Salt HIGH,Uptake Seag HIGH,Uptake Mang HIGH,tot_uptake (tC),tot_upt_LOW,tot_upt_HIGH,cBCW,BCP Seq (tC),oBCW,Total BCseq,Total BCW,Area_EEZ_KM2_per_capita,GDP_per_capita,CO2_emissions_2023_per_capita,Debt (2015 US$)_per_capita,Total BCW_per_capita
"Abu musa, Greater and Lesser Tunb","Abu musa, Greater and Lesser Tunb",,United Arab Emirates,,,,6199.306012,,,,,,,,,,,,,,,,,,,,,,,,,,,,
Afghanistan,Afghanistan,AFG,Afghanistan,Asia,LDCs,41454761.0,641860.3931,15325233810.138836,11020218.0,2588228316.5025,,,,,,,,,,,,,,,,,,,,,0.015483393888098884,369.6857354970358,0.2658372098683671,62.43500756167669,
Alaska,Alaska,,United States,,,,5193058.289,,,,1620.9523537258,150.5064595777,,272319.99542593444,33216.775628798394,,260973.3289498538,30191.59579128662,,283666.66190201504,36241.955466310166,,305536.77105473285,291164.92474114045,319908.6173683252,642830100.1929032,,,305536.77105473285,642830100.1929032,,,,,
Albania,Albania,ALB,Albania,Europe,Developed economies,2811655.0,40953.54483,14812273860.771984,5144279.0,8579785823.0375,46.5780205364,44.0192567338,,7825.1074501152,9715.04996114966,,7499.0613063604,8830.262900800279,,8151.15359387,10599.837021499041,,17540.15741126486,16329.324207160678,18750.99061536904,36903385.17082402,77900.0,163896687.8918041,95440.15741126487,200800073.06262812,0.014565636548580818,5268.169053732405,1.8296266789488753,3051.507323280239,71.41703838580058
Algeria,Algeria,DZA,Algeria,Africa,Developing economies,46164219.0,2444283.56,215143978140.21393,178132770.0,5523025799.7245,,40.4831979324,,,8934.64178368068,,,8120.92950523944,,,9748.354062121922,,8934.64178368068,8120.92950523944,9748.354062121922,18797922.924839336,3000000.0,6311810830.236359,3008934.6417836808,6330608753.161198,0.05294757743004382,4660.4054568802285,3.8586761318327514,119.63867080096166,137.13236983736684
Alhucemas Islands,Alhucemas Islands,,Spain,,,,14.10069656,,,,,,,,,,,,,,,,,,,,,,,,,,,,
American Samoa,American Samoa,ASM,United States,Oceania,SIDS,47521.0,406038.4238,662725190.8396946,,,0.0012361478,461.078688911,0.318919196,0.2076728304,101760.0666426577,58.5535643856,0.1990197958,92492.38499554658,53.86545220440001,0.216325865,111027.7482897688,63.24167656680001,101818.82787987369,92546.44946754677,111091.2062922006,214220393.51138613,,,101818.82787987369,214220393.51138613,8.544399819027378,13945.943705723672,,,4507.910050533156
Amsterdam and Saint Paul Islands,Amsterdam and Saint Paul Islands,ATF,France,Africa,Developing economies,,512251.8623,,,,,,,,,,,,,,,,,,,,,,,,,,,,
Andaman and Nicobar,Andaman and Nicobar,,India,,,,671991.0163,,,,,1646.1551333168,561.3487158309,,363306.4379230177,103063.62422655323,,330218.71974335006,94811.79810383901,,396394.15610268543,111315.45034926747,466370.06214957096,425030.5178471891,507709.6064519529,981213203.0578884,,,466370.06214957096,981213203.0578884,,,,,
Andorra,Andorra,AND,Andorra,Europe,Developed economies,80856.0,467.9036281,3216475797.7424917,423874.0,,,,,,,,,,,,,,,,,,,,,,0.005786875780399723,39780.29828018319,5.242332047096072,,
Angola,Angola,AGO,Angola,Africa,LDCs,36749906.0,1742905.72,85610610955.54346,20780540.0,43058970650.1525,,592.8554747721,280.6529351198,,130843.20328220246,51527.878887995284,,118926.80823928326,47402.28074173423,,142759.59832512168,55653.47703425635,182371.08217019774,166329.08898101747,198413.07535937804,383697257.1879263,12000000.0,25247243320.945435,12182371.082170198,25630940578.13336,0.04742612729403988,2329.5463927320916,0.5654583170906614,1171.6756676915718,697.4423438833657
Anguilla,Anguilla,AIA,United Kingdom,Caribbean,SIDS,14410.0,90247.35378,,144530.0,,,15.0100055743,0.0352719381,,3312.70823024801,6.475927835159999,,3011.00711820458,5.95743034509,,3614.4093422914398,6.99442532523,3319.1841580831697,3016.96454854967,3621.40376761667,6983354.1721794335,,,3319.1841580831697,6983354.1721794335,6.262828159611382,,10.029840388619014,,484.6186101443049
Antarctica,,,,,,,12524451.06,,,,,,,,,,,,,,,,,,,,,,,,,,,,
Antigua and Barbuda,Antigua and Barbuda,ATG,Antigua and Barbuda,Caribbean,SIDS,93316.0,112003.5377,1688158621.5782309,644826.0,,,249.6354414798,8.691842744,,55094.541934591856,1595.8223277984,,50076.869560847874,1468.0522394616,,60112.21430833584,1723.5924161352002,56690.364262390256,51544.92180030947,61835.80672447104,119272951.70713301,216760.0,456049371.854011,273450.36426239024,575322323.561144,1.20026080950748,18090.773517705762,6.910133310471945,,6165.312739092375
Argentina,Argentina,ARG,Argentina,Americas,Developing economies,45538401.0,3850468.218,589035991825.9438,195805970.0,200956281075.8405,1187.2151242691,,,199452.1408772088,,,191141.6350073251,,,207762.64674709248,,,199452.1408772088,191141.6350073251,207762.64674709248,419634727.63419807,10463247.0,22014011911.346027,10662699.14087721,22433646638.980225,0.08455431313892642,12934.929178254279,4.299798976253031,4412.897173878383,492.63140879672574
Armenia,Armenia,ARM,Armenia,Asia,Developing economies,2943393.0,29732.93033,15463065783.758963,7608323.0,11958318306.017,,,,,,,,,,,,,,,,,,,,,0.010101583556799925,5253.483236441401,2.5848818013768464,4062.76644199976,
Aruba,Aruba,ABW,Netherlands,Caribbean,SIDS,107939.0,30196.5565,3458629980.6177616,867180.0,,,33.0869116778,0.4329422039,,7302.28140729046,79.48818863604,,6637.2344825666805,73.12393823871,,7967.328332014241,85.85243903337,7381.7695959265,6710.358420805391,8053.1807710476105,15530777.760626117,,,7381.7695959265,15530777.760626117,0.2797557555656435,32042.449722693018,8.033982156588444,,143.88476603105565
Ascension,Ascension,SHN,United Kingdom,Africa,Developing economies,5289.0,446104.7597,,11118.0,,,,,,,,,,,,,,,,,,,,,,84.34576662885233,,2.1020986954055587,,
Australia,Australia,AUS,Australia,Oceania,Developed economies,26451124.0,14559566.31,1634027215240.6533,382972000.0,,13186.5855516723,41065.9087326225,10036.8835398962,2215346.3726809463,9063246.057289785,1842771.8179249424,2123040.2738192403,8237821.291764073,1695229.6298884682,2307652.4715426527,9888670.822815498,1990314.0059614165,13121364.247895673,12056091.19547178,14186637.300319567,27606522989.114685,55272322.0,116289480203.97044,68393686.24789567,143896003193.08514,0.5504328024018942,61775.34138967604,14.47847736073522,,5440.071400863159
Austria,Austria,AUT,Austria,Europe,Developed economies,9130429.0,83989.03008,418735512774.00745,58578050.0,,,,,,,,,,,,,,,,,,,,,,0.009198804358480856,45861.53758755558,6.415695253749851,,
Azerbaijan,Azerbaijan,AZE,Azerbaijan,Asia,Developing economies,10318207.0,166590.1638,57383526259.1424,43936972.0,10972173049.3025,,,,,,,,,,,,,,,,,,,,,0.016145262815525994,5561.3854479894035,4.258198347833107,1063.379814855672,
Azores,Azores,,Portugal,,,,962788.3495,,,,,,,,,,,,,,,,,,,,,,,,,,,,
Bahamas,Bahamas,BHS,Bahamas,Caribbean,SIDS,399440.0,633060.0463,12404130127.191605,2505352.0,,,79757.0,1497.9220880028,,17602369.9,275018.49535731407,,15999254.2,252999.0406636729,,19205485.6,297037.95005095523,17877388.39535731,16252253.240663672,19502523.550050955,37612897896.71935,1015260.0,2136043021.1685884,18892648.39535731,39748940917.88794,1.5848689322551572,31053.800638873436,6.27216102543561,,99511.66863080297
Bahrain,Bahrain,BHR,Bahrain,Asia,Developing economies,1569666.0,8272.090041,36743087753.01661,36526764.0,,,535.7478652347,0.5836400717,,118239.55385729829,107.15631716412,,107471.02176608083,98.57680811013,,129008.08594851577,115.73582621811,118346.71017446241,107569.59857419095,129123.82177473388,248994015.6673384,,,118346.71017446241,248994015.6673384,0.005269968286883961,23408.22044499697,23.270405296413376,,158.62866091725144
Bajo Nuevo Bank,Bajo Nuevo Bank,,Colombia,,,,1553.214326,,,,,,,,,,,,,,,,,,,,,,,,,,,,
Bangladesh,Bangladesh,BGD,Bangladesh,Asia,LDCs,171466990.0,250237.1507,323279975125.39056,113426860.0,76592831348.9265,,,4482.3272145269,,,822955.2765871389,,,757065.0665335935,,,888845.4866406843,822955.2765871389,757065.0665335935,888845.4866406843,1731446009.1876202,1770446.0,3724906745.716213,2593401.276587139,5456352754.903833,0.0014593896510342894,1885.3773261278486,0.6615084337807527,446.6914089349005,31.821592919452506
Barbados,Barbados,BRB,Barbados,Caribbean,SIDS,282336.0,185441.1234,4988546956.990095,1191738.0,,,89.6291679305,0.1084302472,,19781.15736226135,19.907793385919998,,17979.611086858302,18.31386875208,,21582.703637664403,21.501718019760002,19801.06515564727,17997.924955610382,21604.205355684164,41660192.499876745,604947.0,1272770342.1063313,624748.0651556472,1314430534.606208,0.6568100539782388,17668.830602509403,4.220992009520571,,4655.554143312253
Bassas da India,Bassas da India,ATF,France,Africa,Developing economies,,120802.1517,,,,,,,,,,,,,,,,,,,,,,,,,,,,
Belarus,Belarus,BLR,Belarus,Europe,Developed economies,9115680.0,207594.6878,59501256894.3374,56490772.0,27711930772.4725,,,,,,,,,,,,,,,,,,,,,0.022773362799045162,6527.352528208253,6.197099064469135,3040.028914186599,
Belgium,Belgium,BEL,Belgium,Europe,Developed economies,11712893.0,34122.1657,523542297257.96826,83368480.0,,4.8730908933,,,818.6792700743999,,,784.5676338213,,,852.7909063274999,,,818.6792700743999,784.5676338213,852.7909063274999,1722449.561115198,,,818.6792700743999,1722449.561115198,0.002913214156400131,44697.94928186984,7.11766768466168,,0.14705586067551357
Belize,Belize,BLZ,Belize,Americas,SIDS,411106.0,54990.19842,2623271102.7779083,667898.0,1139988999.6995,,4692.2744180261,519.3732934924,,1035584.9640583602,95356.93668520464,,941270.2482560356,87722.14927086636,,1129899.6798606848,102991.72409954292,1130941.9007435648,1028992.3975269019,1232891.4039602277,2379430445.8271084,32900.0,69219525.43825872,1163841.9007435648,2448649971.265367,0.13376160508481996,6381.009040923529,1.6246369549459263,2772.98069038034,5956.249656452027
Benin,Benin,BEN,Benin,Africa,LDCs,14111034.0,150707.2389,17831064526.399136,5592317.0,9424478544.143,,1342.7526594473,28.8436640741,,296345.5119400191,5295.69672400476,,269356.18348512833,4871.694862115491,,323334.84039490984,5719.698585894031,301641.20866402384,274227.8783472438,329054.53898080386,634634082.5637236,1000000.0,2103936943.4121194,1301641.2086640238,2738571025.975843,0.01068009891408383,1263.625651132237,0.3963080947859668,667.8800819375107,194.07302299575232
Bermuda,Bermuda,BMU,United Kingdom,Americas,SIDS,64697.99999999999,464453.075,7150073873.987644,522532.0,,,,0.2094120034,,,38.448043824239996,,,35.369687374259996,,,41.52640027422,38.448043824239996,35.369687374259996,41.52640027422,80892.25980374671,,,38.448043824239996,80892.25980374671,7.178785665708369,110514.60437706954,8.076478407369626,,1.2503054159903972
Bhutan,Bhutan,BTN,Bhutan,Asia,Developing economies,786385.0,40035.13991,2610564317.156727,1713060.0,2468148408.7755,,,,,,,,,,,,,,,,,,,,,0.05091035550016849,3319.7025848111634,2.1783986215403397,3138.6005694100218,
Bolivia,Bolivia,BOL,Bolivia,Americas,Developing economies,12244159.0,1082640.856,39256060138.67176,23359406.0,12311737700.156,,,,,,,,,,,,,,,,,,,,,0.08842100596700843,3206.1050610884554,1.9077999558810042,1005.5192602575645,
Bonaire,Bonaire,BES,Netherlands,Caribbean,Developing economies,29898.0,13290.22322,,114883.0,,,2.610121266,1.8399214185,,576.0537634062,337.8095724366,,523.5903259596,310.76272758465,,628.5172008528001,364.85641728855,913.8633358428,834.3530535442501,993.3736181413501,1922710.8335095036,,,913.8633358428,1922710.8335095036,0.4445188046023145,,3.8424978259415346,,64.3090117569571
Bosnia and Herzegovina,Bosnia and Herzegovina,BIH,Bosnia and Herzegovina,Europe,Developed economies,3185073.0,50997.81703,20616871525.35991,20179128.0,10577693977.0655,,,,,,,,,,,,,,,,,11.0,23143.30637753331,11.0,23143.30637753331,0.01601150649608345,6472.966718615212,6.3355307711942555,3321.020892477347,0.0072661776912282105
Botswana,Botswana,BWA,Botswana,Africa,Developing economies,2480244.0,578166.1667,17946366788.711197,6713559.0,1569505737.6075,,,,,,,,,,,,,,,,,,,,,0.23310858395383677,7235.726319148921,2.70681392637176,632.8029571314355,
Bouvet,Bouvet,BVT,Norway,Americas,Developing economies,,50.71955487,,,,,,,,,,,,,,,,,,,,,,,,,,,,
Brazil,Brazil,BRA,Brazil,Americas,Developing economies,211140729.0,11678266.58,1954752120905.4956,486470080.0,458372194823.915,59.6879211643,426.4758433232,11375.5504338577,10027.5707556024,94123.21862143023,2088551.0596562736,9609.7553074523,85551.05417063393,1921330.4682785654,10445.3862037525,102695.38307222657,2255771.6510339817,2192701.8490333064,2016491.2777566516,2368912.420309961,4613306426.069237,12626309.0,26564957964.036934,14819010.849033307,31178264390.10617,0.05531034507321418,9258.05329063487,2.3040087163855536,2170.9321408278124,147.66579871999102
British Virgin Islands,British Virgin Islands,VGB,United Kingdom,Caribbean,SIDS,38985.0,81722.13214,,185295.0,,,40.8966706624,0.9839715953,,9025.895215191678,180.65718489708,,8203.87213487744,166.19280244617,,9847.91829550592,195.12156734799,9206.552400088758,8370.06493732361,10043.03986285391,19370005.716006257,,,9206.552400088758,19370005.716006257,2.096245533923304,,4.752981916121585,,496.85791242801736
Brunei,Brunei,BRN,Brunei,Asia,Developing economies,458949.0,48853.87613,13183357642.33033,11769600.0,,,,109.8247266832,,,20163.819819035518,,,18549.39633679248,,,21778.243301278562,20163.819819035518,18549.39633679248,21778.243301278562,42423405.437574305,284649.0,598883547.0053164,304812.81981903553,641306952.4428906,0.10644728745459735,28725.103752988525,25.644679474189942,,1397.3381627215456
Bulgaria,Bulgaria,BGR,Bulgaria,Europe,Developed economies,6795803.0,145697.603,62887874404.35671,36093596.0,,0.3155953668,,,53.0200216224,,,50.8108540548,,,55.22918919,,,53.0200216224,50.8108540548,55.22918919,111550.78223187674,,,53.0200216224,111550.78223187674,0.02143935058152804,9253.928403215443,5.311159843803595,,0.016414658022293575
Burkina Faso,Burkina Faso,BFA,Burkina Faso,Africa,LDCs,23025776.0,273981.2237,17181836771.13557,6186583.0,7850029098.472,,,,,,,,,,,,,,,,,,,,,0.011898892080770697,746.2001181256853,0.26868076020543236,340.92354144642076,
Burundi,Burundi,BDI,Burundi,Africa,LDCs,13689450.0,26832.74372,3470696161.982592,709700.0,787330246.3165,,,,,,,,,,,,,,,,,,,,,0.001960103855158534,253.5307234390419,0.051842842480888565,57.513650754157396,
Cambodia,Cambodia,KHM,Cambodia,Asia,LDCs,17423880.0,230091.0526,26312274342.205734,20178442.0,17012872287.2675,,,622.0971799122,,,114217.04223187991,,,105072.21368717057,,,123361.87077658926,114217.04223187991,105072.21368717057,123361.87077658926,240305454.7189144,,,114217.04223187991,240305454.7189144,0.01320550030188454,1510.127155501859,1.1580911943837997,976.4112406230702,13.791730356207365
Cameroon,Cameroon,CMR,Cameroon,Africa,Developing economies,28372687.0,480130.3404,41854256684.235855,9941406.0,11550952338.9305,,,1970.7793647354,,,361835.0913654194,,,332864.63470380905,,,390805.54802702984,361835.0913654194,332864.63470380905,390805.54802702984,761278216.1466055,0.0,0.0,361835.0913654194,761278216.1466055,0.016922272479867696,1475.160131440348,0.35038648260561295,407.11520692173076,26.831375405036734
Canada,Canada,CAN,Canada,Americas,Developed economies,39299105.0,15700139.08,1779875574624.5852,549299000.0,,1114.0426138559,338.0805509232,,187159.1591277912,74614.37758875024,,179360.8608307999,67818.95851519392,,194957.4574247825,81409.79666230656,,261773.53671654145,247179.81934599383,276367.2540870891,550755014.7055805,16890002.0,35535499182.10458,17151775.536716543,36086254196.810165,0.3995037311918427,45290.48624961269,13.977392106003432,,918.2462093426851
Canary Islands,Canary Islands,,Spain,,,,453419.4586,,,,,2062.5431310577,,,455203.2690244344,,,413746.1520901746,,,496660.3859586942,,455203.2690244344,413746.1520901746,496660.3859586942,957718974.4624732,,,455203.2690244344,957718974.4624732,,,,,
Cape Verde,Cape Verde,CPV,Cape Verde,Africa,SIDS,522331.0,806027.0356,2214881716.0906777,534969.0,1850841876.923,,,,,,,,,,,,,,,,,12000000.0,25247243320.945435,12000000.0,25247243320.945435,1.5431345939643635,4240.379598550876,1.0241953856845563,3543.427207887336,48335.71685568238
Cayman Islands,Cayman Islands,CYM,United Kingdom,Caribbean,SIDS,73038.0,118567.3013,5697740746.843133,,,,44.9848554788,44.3153331966,,9928.15760417116,8136.29517489576,,9023.96200904728,7484.859776905741,,10832.353199295041,8787.730572885781,18064.45277906692,16508.82178595302,19620.08377218082,38006469.56440262,,,18064.45277906692,38006469.56440262,1.6233645677592488,78010.63483177432,,,520.3656940825682
Central African Republic,Central African Republic,CAF,Central African Republic,Africa,LDCs,5152421.0,620252.6857,2052368906.1435351,281213.0,770761440.551,,,,,,,,,,,,,,,,,,,,,0.12038082402427908,398.330979969132,0.05457880868042421,149.5920928338348,
Ceuta,Ceuta,,Spain,,,,53.21027835,,,,,,,,,,,,,,,,,,,,,,,,,,,,
Chad,Chad,TCD,Chad,Africa,LDCs,19319064.0,1270766.578,10957423661.064392,3079389.0,2426601481.3105,,,,,,,,,,,,,,,,,,,,,0.06577785435153587,567.1819121808588,0.15939638690570102,125.60657603859588,
Chafarinas Islands,Chafarinas Islands,,Spain,,,,26.11627785,,,,,,,,,,,,,,,,,,,,,,,,,,,,
Chagos Archipelago,Chagos Archipelago,,Republic of Mauritius,,,,647738.231,,,,,,,,,,,,,,,,,,,,7522878.0,15827660944.982279,7522878.0,15827660944.982279,,,,,
Chile,Chile,CHL,Chile,Americas,Developing economies,19658835.0,3244211.698,279676771459.2289,77287704.0,,9.2112564191,,,1547.4910784088,,,1483.0122834751,,,1611.9698733425,,,1547.4910784088,1483.0122834751,1611.9698733425,3255823.649464935,63103556.00000001,132765902729.07552,63105103.491078414,132769158552.72498,0.1650256334111355,14226.518074912827,3.931448837125903,,6753.663609909996
China,China,CHN,China,Asia,Developing economies,1422584933.0,10340834.12,17173989334581.701,11902503000.0,1827259180805.1423,5421.2208431855,8075.0073487158,206.55837377,910765.1016551639,1782154.1218615768,37924.117424172,872816.5557528655,1619846.4741523894,34887.709329753,948713.6475574624,1944461.7695707646,40960.52551859101,2730843.3409409127,2527550.739235008,2934135.9426468182,5745522191.676564,5103023.0,10736438612.781744,7833866.340940913,16481960804.45831,0.0072690451586555635,12072.382418928446,8.366813624898697,1284.4640333366601,11.5859239206903
Christmas Island,Christmas Island,CXR,Australia,Oceania,Developed economies,,328133.6411,,0.0,,,158.4675802562,,,34973.79496254334,,,31788.596599393717,,,38158.99332569296,,34973.79496254334,31788.596599393717,38158.99332569296,73582659.27301562,,,34973.79496254334,73582659.27301562,,,,,
Clipperton Island,Clipperton Island,,France,,,,435659.2121,,,,,,,,,,,,,,,,,,,,,,,,,,,,
Cocos Islands,Cocos Islands,CCK,Australia,Oceania,Developed economies,,467456.8656,,,,,215.1809427618,,,47490.434067529255,,,43165.29711801708,,,51815.57101704144,,47490.434067529255,43165.29711801708,51815.57101704144,99916878.69335228,,,47490.434067529255,99916878.69335228,,,,,
Collectivity of Saint Martin,Collectivity of Saint Martin,MAF,France,Caribbean,Developing economies,27515.0,1155.029918,,,,,48.6839978735,0.0103011623,,10744.55833068145,1.89129339828,,9766.0099734241,1.73986631247,,11723.1066879388,2.04272048409,10746.449624079729,9767.749839736569,11725.14940842289,22609852.374618627,,,10746.449624079729,22609852.374618627,0.04197819073232782,,,,821.728234585449
Colombia,Colombia,COL,Colombia,Americas,Developing economies,52321152.0,1855095.355,356793627488.7035,105238664.0,149116408496.23102,,430.8488816356,2784.0928490099,,95088.34817697691,511159.44707821764,,86428.28565610135,470233.2821977721,,103748.41069785248,552085.6119586632,606247.7952551945,556661.5678538735,655834.0226565157,1275507133.2995503,8714865.0,18335526430.349262,9321112.795255195,19611033563.64881,0.035455934819630885,6819.29991695717,2.011398067076199,2850.0215074819266,374.8203702328422
Colombian Exclusive Economic Zone (Quitasueño Bank),Quitasueño Bank,,Colombia,,,,4008.865682,,,,,,,,,,,,,,,,,,,,,,,,,,,,
Comores,Comores,COM,Comores,Africa,SIDS,850387.0,166148.6598,1171138792.0164423,448731.0,309052047.451,,1265.1507921094,0.9699378602,,279218.7798185446,178.08059113271997,,253789.24889714565,163.82250458778,,304648.3107399435,192.33867767766,279396.8604096773,253953.07140173344,304840.6494176212,587833376.489279,1000000.0,2103936943.4121194,1279396.8604096773,2691770319.9013987,0.19538005613914605,1377.1833200841997,0.5276785745783978,363.4251787139267,3165.3474475755143
Cook Islands,Cook Islands,COK,New Zealand,Oceania,SIDS,14222.0,1969814.156,,72832.0,,,,0.0327153751,,,6.0065428683599995,,,5.5256268543900005,,,6.48745888233,6.0065428683599995,5.5256268543900005,6.48745888233,12637.387442931202,4756571.0,10007525450.862728,4756577.006542868,10007538088.250172,138.50472198003092,,5.121080016875264,,703666.0166115997
Costa Rica,Costa Rica,CRI,Costa Rica,Americas,Developing economies,5105525.0,632867.9047,73105190309.2925,8279033.5,29463964312.3475,,,368.211787166,,,67603.68412367761,,,62190.97085233741,,,73016.3973950178,67603.68412367761,62190.97085233741,73016.3973950178,142233888.5385687,11540220.0,24279895193.10341,11607823.684123678,24422129081.64198,0.12395745877260418,14318.838965491796,1.6215831868417059,5770.995992057135,4783.470667882731
Croatia,Croatia,HRV,Croatia,Europe,Developed economies,3896023.0,112170.1033,66407902523.77938,17524080.0,,5.3796232593,299.6174028317,,903.7767075623999,66125.56080495619,,866.1193447472999,60103.25100803902,,941.4340703775,72147.87060187336,,67029.33751251858,60969.37035278632,73089.30467225086,141025499.48502767,39100.0,82263934.48741387,106129.33751251858,223289433.97244155,0.028790924309225075,17045.048893135227,4.49794059223983,,57.31214471075801
Crozet Islands,Crozet Islands,ATF,France,Africa,Developing economies,,575821.6657,,,,,,,,,,,,,,,,,,,,,,,,,,,,
Cuba,Cuba,CUB,Cuba,Caribbean,SIDS,11019931.0,462964.0389,83527267339.32599,23097436.0,,,13906.1906719471,0.0,,3069096.281298725,0.0,,2789581.8487925883,0.0,,3348610.713804862,0.0,3069096.281298725,2789581.8487925883,3348610.713804862,6457185049.113141,1736817.0,3654153450.246207,4805913.281298725,10111338499.359348,0.04201151884707808,7579.654295414915,2.0959692034369364,,917.5500735312543
Curaçao,Curaçao,CUW,Netherlands,Caribbean,SIDS,185427.0,25838.3905,2608672800.245662,2023421.0,,,,0.4441490499,,,81.54576556164,,,75.01677452811,,,88.07475659517,81.54576556164,75.01677452811,88.07475659517,171567.14874395813,,,81.54576556164,171567.14874395813,0.13934535153995914,14068.46252296409,10.912224217616636,,0.9252544060140008
Cyprus,Cyprus,CYP,Cyprus,Asia,Developed economies,1344976.0,107717.1685,28577218405.253716,7174221.0,,19.5673118179,69.8778706976,,3287.3083854071997,15422.04606296032,,3150.3372026818997,14017.50086193856,,3424.2795681324997,16826.59126398208,,18709.35444836752,17167.83806462046,20250.870832114582,39363302.0113123,491678.99999999994,1034461612.3999274,510388.3544483675,1073824914.4112396,0.08008854321564102,21247.381667222104,5.334088489311333,,798.3970824841779
Czech Republic,Czech Republic,CZE,Czech Republic,Europe,Developed economies,10809716.0,78841.84408,215302078357.6402,85624184.0,,,,,,,,,,,,,,,,,,,,,,0.007293609201203806,19917.459289183935,7.921039183638127,,
Democratic Republic of the Congo,Democratic Republic of the Congo,COD,Democratic Republic of the Congo,Africa,LDCs,105789731.0,2342345.487,56837576516.86883,4615953.0,8355503187.596001,,,236.3872634144,,,43400.701562883834,,,39925.80879069216,,,46875.59433507552,43400.701562883834,39925.80879069216,46875.59433507552,91312339.3881554,0.0,0.0,43400.701562883834,91312339.3881554,0.02214152039955561,537.2693169705558,0.04363328043626465,78.98217632858902,0.863149367381938
Denmark,Denmark,DNK,Denmark,Europe,Developed economies,5948136.0,147744.0325,362953266629.8091,27264778.0,,304.3514896613,1182.1938121945,,51131.0502630984,260910.17435132613,,49000.5898354693,237148.07872621669,,53261.5106907275,284672.2699764356,,312041.2246144245,286148.668561686,337933.7806671631,656515060.3338469,16410864.0,34527423042.91199,16722905.224614425,35183938103.245834,0.0248387112365958,61019.665090006194,4.583751615632191,,5915.119980989984
Djibouti,Djibouti,DJI,Djibouti,Africa,LDCs,1152944.0,28895.09636,3549091358.5237513,492543.0,2588640346.2765,,,7.0912418152,,,1301.95199727072,,,1197.71074258728,,,1406.1932519541601,1301.95199727072,1197.71074258728,1406.1932519541601,2739224.905607063,,,1301.95199727072,2739224.905607063,0.025062011997113477,3078.2859865906335,0.4272046170499174,2245.2437813775,2.375852518081592
Dominica,Dominica,DMA,Dominica,Caribbean,SIDS,66510.0,29307.45227,558681739.5701864,163060.0,451592618.9205,,513.932054341,0.0146515174,,113424.8043930587,2.6900185946399997,,103094.7701008046,2.47464128886,,123754.83868531282,2.90539590042,113427.49441165334,103097.24474209346,123757.74408121324,238644295.8913492,83700.0,176099522.1635944,197127.49441165334,414743818.05494356,0.4406473052172606,8399.966013684956,2.451661404300105,6789.845420545782,6235.811427679199
Dominican Republic,Dominican Republic,DOM,Dominican Republic,Caribbean,SIDS,11331265.0,398851.9321,100365578190.53175,32019646.0,39453754599.5685,,346.6886384632,190.5646372618,,76514.18250882823,34987.66740126647,,69545.74087571792,32186.36723351802,,83482.62414193856,37788.96756901494,111501.84991009471,101732.10810923594,121271.59171095351,234592861.28464156,613543.0,1290855784.071902,725044.8499100948,1525448645.3565435,0.035199241399790755,8857.402786937888,2.8257785869450585,3481.8490785952404,134.62297857799138
Doumeira Islands,Doumeira Islands,,Eritrea,,,,245.903579,,,,,,,,,,,,,,,,,,,,,,,,,,,,
East Timor,East Timor,TLS,East Timor,Asia,SIDS,1384286.0,89659.78377,1851106829.1772978,632121.0,232074948.6145,,334.7823342356,8.5570678111,,73886.4611657969,1571.0776501179598,,67157.33624766135,1445.28875329479,,80615.58608393247,1696.86654694113,75457.53881591487,68602.62500095615,82312.45263087361,158757903.5737573,461810.0,971619119.8371508,537267.5388159149,1130377023.4109082,0.06476969626941254,1337.2285995649004,0.4566404630257042,167.6495670797075,816.5776605491266
Easter Island,Easter Island,,Chile,,,,729932.3374,,,,,,,,,,,,,,,,,,,,,,,,,,,,
Ecuador,Ecuador,ECU,Ecuador,Americas,Developing economies,17980083.0,484248.1905,112162610913.16594,43172870.0,45725533038.4675,0.0870523702,,1465.9738155052,14.6247981936,,269152.7925267547,14.015431602200001,,247602.9774388283,15.234164785,,290702.6076146812,269167.4173249483,247616.9928704305,290717.8417794662,566311273.272786,34946708.0,73525670011.83586,35215875.417324945,74091981285.10864,0.026932478036947885,6238.15868442687,2.4011496498653537,2543.121354805064,4120.780826490547
Egypt,Egypt,EGY,Egypt,Africa,Developing economies,114535772.0,1226673.099,470886489666.42615,269006200.0,126887036880.218,,2438.7337198099,2.0322796169,,538228.5319620449,373.12653766283995,,489209.9841938659,343.25202729440997,,587247.0797302239,403.00104803127,538601.6584997077,489553.23622116033,587650.0807782551,1133183927.1005733,1000000.0,2103936943.4121194,1538601.6584997077,3237120870.5126925,0.010709956178581483,4111.261324247469,2.3486653584523793,1107.837618453543,28.262968101465212
El Salvador,El Salvador,SLV,El Salvador,Americas,Developing economies,6309624.0,115630.1488,28274665875.30024,8230260.0,17169835108.4495,,,369.4258995836,,,67826.59516354896,,,62396.034439670046,,,73257.15588742789,67826.59516354896,62396.034439670046,73257.15588742789,142702879.31044844,2600795.0,5471908682.741523,2668621.595163549,5614611562.051971,0.01832599673134247,4481.196641083564,1.3043978531842786,2721.2136742933494,889.8488344237265
Equatorial Guinea,Equatorial Guinea,GNQ,Equatorial Guinea,Africa,Developing economies,1847549.0,330928.1973,9440987169.357283,6141370.0,,,,254.532945152,,,46732.248729907195,,,42990.6144361728,,,50473.8830236416,46732.248729907195,42990.6144361728,50473.8830236416,98321704.55157584,6000000.0,12623621660.472717,6046732.248729907,12721943365.024294,0.17911741301583883,5110.00637566705,3.3240633942590967,,6885.848962611705
Eritrea,Eritrea,ERI,Eritrea,Africa,LDCs,3470390.0,199286.1331,,620764.0,538148250.0205001,,16.3330002004,73.4137384352,,3604.69314422828,13478.76237670272,,3276.39984020024,12399.580421705281,,3932.9864482563203,14557.94433170016,17083.455520931,15675.98026190552,18490.93077995648,35942513.19162446,,,17083.455520931,35942513.19162446,0.05742470820282447,,0.17887442045418525,155.06852256389053,10.356908932893555
Estonia,Estonia,EST,Estonia,Europe,Developed economies,1367196.0,81842.11413,27658753938.98749,10018740.0,,3.9012615752,,,655.4119446336,,,628.1031136072,,,682.72077566,,,655.4119446336,628.1031136072,682.72077566,1378945.4034682096,,,655.4119446336,1378945.4034682096,0.059861288454618064,20230.277106565183,7.327947126820149,,1.0085937959650333
Ethiopia,Ethiopia,ETH,Ethiopia,Africa,LDCs,128691692.0,1129076.695,112653319434.8363,15227142.0,25134155490.766,,,,,,,,,,,,,,,,,,,,,0.008773501050868148,875.3736755192892,0.11832264976359158,195.3051910356886,
Europa Island,Europa Island,ATF,France,Africa,Developing economies,,127985.5126,,,,,,6.7230182021,,,1234.34614190556,,,1135.5177743346899,,,1333.17450947643,1234.34614190556,1135.5177743346899,1333.17450947643,2596986.4489133265,,,1234.34614190556,2596986.4489133265,,,,,
Faeroe,Faeroe,FRO,Denmark,Europe,Developed economies,54714.0,266742.342,3169430571.8820496,797616.0,,,,,,,,,,,,,,,,,,,,,,4.875211865336111,57927.23200427769,14.577914244983003,,
Falkland Islands,Falkland / Malvinas Islands,FLK,United Kingdom,Americas,Developing economies,,562938.29,,,,,,,,,,,,,,,,,,,,,,,,,,,,
Federal Republic of Somalia,Federal Republic of Somalia,SOM,Federal Republic of Somalia,Africa,LDCs,18358615.0,1454124.33,9236430682.686113,557614.0,2282239463.9605,,,34.6370844949,,,6359.3687132636405,,,5850.20357118861,,,6868.533855338671,6359.3687132636405,5850.20357118861,6868.533855338671,13379710.772614567,12000000.0,25247243320.945435,12006359.368713263,25260623031.71805,0.07920664657982097,503.1115191797482,0.03037342413902138,124.31435944162997,1375.9547238023156
Fiji,Fiji,FJI,Fiji,Oceania,SIDS,924145.0,1315157.77,5336367607.302078,1146151.0,2527499695.4290004,,1736.2949932675,487.2593668274,,383200.30501413724,89460.81974951064,,348300.7756494605,82298.10705714786,,418099.83437881403,96623.53244187342,472661.1247636479,430598.8827066084,514723.3668206874,994449202.1049638,2835137.0,5964949473.934606,3307798.124763648,6959398676.03957,1.423107596751592,5774.383465042908,1.2402285355653062,2734.960093306787,7530.634993469174
Finland,Finland,FIN,Finland,Europe,Developed economies,5601185.0,420076.1537,256537132518.7499,31622000.0,,133.2318237148,,,22382.946384086397,,,21450.3236180828,,,23315.56915009,,,22382.946384086397,21450.3236180828,23315.56915009,47092307.79989208,,,22382.946384086397,47092307.79989208,0.07499772881988366,45800.51052031845,5.64559106689031,,8.407561578468142
France,France,FRA,France,Europe,Developed economies,66438822.0,897522.0351,2656973944325.3457,272475840.0,,800.792595264,1094.5051404912,,134533.156004352,241557.28450640786,,128927.60783750401,219557.73118253474,,140138.70417120002,263556.837830281,,376090.4405107598,348485.3390200387,403695.54200148105,791270571.8547255,44719481.0,94086968166.11635,45095571.44051076,94878238737.97107,0.01350899982994882,39991.286183932425,4.101153990960285,,1428.0541990640813
French Guiana,French Guiana,GUF,France,Americas,Developing economies,303402.0,214504.1101,,,,,,635.7043780956,,,116715.32381835215,,,107370.46946034684,,,126060.17817635748,116715.32381835215,107370.46946034684,126060.17817635748,245561681.64373955,,,116715.32381835215,245561681.64373955,0.7069963615928702,,,,809.3607874824146
French Polynesia,French Polynesia,PYF,France,Oceania,SIDS,281118.0,4774877.62,5899733908.231991,916154.0,,,785.2108340843,1.2587179809,,173296.031082405,231.10062129323998,,157513.29331731057,212.59746697401,,189078.76884749945,249.60377561247,173527.13170369825,157725.8907842846,189328.3726231119,365090143.0757512,,,173527.13170369825,365090143.0757512,16.98531442312481,20986.68142286154,3.2589659858137865,,1298.7078133586294
Gabon,Gabon,GAB,Gabon,Africa,Developing economies,2484789.0,463413.3578,16214753599.298986,5410930.0,5729015342.809,,,1743.9924236951,,,320197.0089904203,,,294560.32036210236,,,345833.69761873834,320197.0089904203,294560.32036210236,345833.69761873834,673674316.3850077,4000000.0,8415747773.648478,4320197.00899042,9089422090.033485,0.18650008423250425,6525.605835867346,2.1776215203785916,2305.6345399182787,3658.025727751324
Galapagos,Galapagos,,Ecuador,,,,849472.6397000002,,,,,,50.2139757278,,,9219.28594362408,,,8481.14050042542,,,9957.43138682274,9219.28594362408,8481.14050042542,9957.43138682274,19396796.288670763,,,9219.28594362408,19396796.288670763,,,,,
Gambia,Gambia,GMB,Gambia,Africa,LDCs,2697845.0,33723.36947,1962179256.1582973,710899.0,1000411697.0015,,,610.5583841905,,,112098.5193373758,,,103123.31108977545,,,121073.72758497615,112098.5193373758,103123.31108977545,121073.72758497615,235848216.1357028,0.0,0.0,112098.5193373758,235848216.1357028,0.012500113783408609,727.3135618088872,0.2635062429457586,370.8188190950555,87.42096604352837
Georgia,Georgia,GEO,Georgia,Asia,Developing economies,3807492.0,92515.43535,22887810113.831554,11768941.0,18472995944.99,,,,,,,,,,,,,,,,,,,,,0.02429826125701643,6011.256258406204,3.0909955950005936,4851.749115950868,
Germany,Germany,DEU,Germany,Europe,Developed economies,84548231.0,414273.458,3622499230389.373,596151360.0,,202.8151075803,317.2246646485,,34072.938073490404,70011.48348792394,,32653.232320428302,63635.267728489096,,35492.6438265525,76387.6992473588,,104084.42156141435,96288.5000489174,111880.3430739113,218987059.7567406,119.99999999999999,252472.43320945432,104204.42156141435,219239532.18995005,0.00489984773306493,42845.358058282414,7.051021091145006,,2.593070601204537
Germany,Germany,DEU,Germany,Europe,Developed economies,84548231.0,414273.458,3622499230389.373,596151360.0,,202.8151075803,317.2246646485,,34072.938073490404,70011.48348792394,,32653.232320428302,63635.267728489096,,35492.6438265525,76387.6992473588,,104084.42156141435,96288.5000489174,111880.3430739113,218987059.7567406,119.99999999999999,252472.43320945432,104204.42156141435,219239532.18995005,0.00489984773306493,42845.358058282414,7.051021091145006,,2.593070601204537
Ghana,Ghana,GHA,Ghana,Africa,Developing economies,33787914.0,466117.5817,70508824388.01715,19647176.0,33025195621.8555,,2713.6813560531,178.0888239632,,598909.4752809191,32697.10807964352,,544364.4800242519,30079.202367384485,,653454.4705375865,35315.013791902566,631606.5833605627,574443.6823916363,688769.4843294891,1328860424.4345944,3000000.0,6311810830.236359,3631606.5833605626,7640671254.670953,0.01379539387071957,2086.80608066,0.5814853204610382,977.4262957415926,226.1362229900003
Gibraltar,Gibraltar,GIB,United Kingdom,Europe,Developed economies,38471.0,394.8886291,,,,,,,,,,,,,,,,,,,,,,,,0.010264579270099555,,,,
Glorioso Islands,Glorioso Islands,,Madagascar,,,,43537.67295,,,,,,,,,,,,,,,,,,,,,,,,,,,,
Grand Duchy of Luxembourg,Grand Duchy of Luxembourg,LUX,Grand Duchy of Luxembourg,Europe,Developed economies,665098.0,2595.470758,70870003856.63783,6993124.0,,,,,,,,,,,,,,,,,,,,,,0.003902388457039414,106555.73142099034,10.514426445426087,,
Greece,Greece,GRC,Greece,Europe,Developed economies,10242908.0,615356.1362,215793609025.3217,55196200.0,,,626.4317346594,,,138253.4838393296,,,125662.20597267564,,,150844.76170598355,,138253.4838393296,125662.20597267564,150844.76170598355,290876612.20499593,10113005.0,21277124828.41148,10251258.48383933,21568001440.616474,0.06007631194188213,21067.611758821,5.388723592948409,,2105.6521683702003
Greenland,Greenland,GRL,Denmark,Americas,Developed economies,55922.0,4437543.214,2713483852.1753616,596405.0,,,,,,,,,,,,,,,,,,,,,,79.35236962197345,48522.65391394016,10.664944029183506,,
Grenada,Grenada,GRD,Grenada,Caribbean,SIDS,117081.0,25929.44268,1152594316.5676591,339363.0,548992148.845,,10.2293264417,1.9255285289,,2257.6123456831897,353.52703790604,,2052.0028842050197,325.22176853121,,2463.22180716136,381.83230728087,2611.1393835892295,2377.2246527362295,2845.05411444223,5493672.613531729,138794.0,292013824.1239417,141405.13938358924,297507496.7374734,0.22146584569656905,9844.418108554411,2.8985317856868322,4688.994361553113,2541.0399359202042
Guadeloupe,Guadeloupe,GLP,France,Caribbean,SIDS,376517.0,92355.18888,,,,,758.3848122393,34.1929994847,,167375.5280612135,6277.83470539092,,152131.9933352036,5775.197612965831,,182619.06278722346,6780.471797816011,173653.3627666044,157907.19094816942,189399.53458503948,365355725.2724056,,,173653.3627666044,365355725.2724056,0.24528823102276923,,,,970.3565184902823
Guam,Guam,GUM,United States,Oceania,SIDS,166506.0,208784.2053,5719850773.430391,,,0.0799664038,473.2691110017,0.5224856718,13.4343558384,104450.4927980752,95.92836934248001,12.8745910118,94937.78366694102,88.24782996702001,13.994120665,113963.20192920938,103.60890871794001,104559.85552325608,95038.90608791984,114080.80495859231,219987342.8332122,,,104559.85552325608,219987342.8332122,1.2539140049007242,34352.22018083667,,,1321.1976915739506
Guatemala,Guatemala,GTM,Guatemala,Americas,Developing economies,18124838.0,218931.7525,80906407059.09987,20382320.0,19150458164.958,,0.1797344864,248.9808509726,,39.667401148479996,45712.88423856936,,36.05473797184,42052.86572927214,,43.28006432512,49372.90274786658,45752.551639717836,42088.92046724398,49416.1828121917,96260483.6501731,2857422.0,6011835708.718545,2903174.551639718,6108096192.368718,0.012079101203552826,4463.841666286886,1.124551844270277,1056.5864459013649,337.0014227089212
Guernsey,Guernsey,GGY,United Kingdom,Europe,Developed economies,64016.99999999999,3768.532398,,,,,,,,,,,,,,,,,,,,,,,,0.05886768199072122,,,,
Guinea,Guinea,GIN,Guinea,Africa,LDCs,14405468.0,346871.3948,14755537829.156134,4042787.0,3898922758.4445,,12808.1078549931,2184.5761293394,,2826749.4035969772,401088.1773467138,,2569306.4357116157,368974.9082454246,,3084192.3714823388,433201.446448003,3227837.580943691,2938281.3439570405,3517393.8179303417,6791166733.881438,1000000.0,2103936943.4121194,4227837.580943691,8895103677.293558,0.024079147917998915,1024.3011771055362,0.2806425310166945,270.65575088879444,617.4810618643947
Guinea-Bissau,Guinea-Bissau,GNB,Guinea-Bissau,Africa,SIDS,2153339.0,140611.56,1617578278.9288015,298003.0,851667801.516,,15319.1062725608,2675.5202435335,,3380926.7543541687,491225.5167127506,,3073012.7182756965,451895.3691328082,,3688840.790432641,530555.664292693,3872152.2710669194,3524908.0874085044,4219396.4547253335,8146764213.614831,1000000.0,2103936943.4121194,4872152.271066919,10250701157.02695,0.06529931422781085,751.1953663258788,0.1383911218809486,395.5103221164898,4760.3750069203925
Guyana,Guyana,GUY,Guyana,Americas,SIDS,826353.0,345516.279,18982777676.395844,3545070.0,2229193156.5615,,,267.353039156,,,49086.017989041604,,,45155.92831344841,,,53016.10766463481,49086.017989041604,45155.92831344841,53016.10766463481,103273886.6521365,583893.0,1228474053.6997328,632979.0179890416,1331747940.3518693,0.41812189100783803,22971.75381029154,4.290018914434873,2697.628200734432,1611.5969087688547
Haiti,Haiti,HTI,Haiti,Caribbean,SIDS,11637398.0,130502.8419,14187369712.67641,3522026.0,1991395422.9335,,748.6292875703,150.0431056151,,165222.4837667652,27547.91419093236,,150175.03508660218,25342.28053839039,,180269.93244692826,29753.54784347433,192770.39795769754,175517.31562499257,210023.4802904026,405576761.859456,221002.0,464974272.3679652,413772.3979576975,870551034.2274213,0.011214091148210278,1219.118716458474,0.3026472068756263,171.1203331649824,74.80632992249825
Hala'ib Triangle,Halaib Triangle,,Sudan,,,,37610.64963,,,,,,0.6236022255,,,114.4933686018,,,105.32641588695,,,123.66032131665001,114.4933686018,105.32641588695,123.66032131665001,240886.82797702824,,,114.4933686018,240886.82797702824,,,,,
Hawaii,Hawaii,,United States,,,,2491444.428,,,,1.8657893071,592.8871412703,6.9320541083,313.4526035928,130850.19207835522,1272.72513428388,300.3920784431,118933.16053882218,1170.82393889187,326.5131287425,142767.22361788826,1374.62632967589,132436.36981623192,120404.37655615715,144468.36307630665,278637771.1077601,,,132436.36981623192,278637771.1077601,,,,,
Heard and McDonald Islands,Heard and McDonald Islands,HMD,Australia,Oceania,Developed economies,,417684.5825,,,,,,,,,,,,,,,,,,,,,,,,,,,,
Honduras,Honduras,HND,Honduras,Americas,Developing economies,10644851.0,320588.1623000001,26904206369.372776,11042214.0,9679534332.2475,,2739.1957906176,600.9931089823,,604540.5109893043,110342.33480915027,,549482.6755978905,101507.73610711047,,659598.346380718,119176.93351119009,714882.8457984546,650990.411705001,778775.2798919082,1504068429.486958,591886.0,1245290821.6884258,1306768.8457984547,2749359251.1753836,0.030116735527815287,2527.4385117624265,1.0373291274814462,909.316093973274,258.2806702672854
Howland and Baker islands,Howland and Baker Islands,UMI,United States,Oceania,Developed economies,,434897.4775,,,,,,,,,,,,,,,,,,,,,,,,,,,,
Hungary,Hungary,HUN,Hungary,Europe,Developed economies,9686463.0,93001.38934,156187937314.84885,40190156.0,,,,,,,,,,,,,,,,,,,,,,0.009601171174658902,16124.351821180637,4.149105406173543,,
Iceland,Iceland,ISL,Iceland,Europe,Developed economies,387558.0,865630.9691,22983555206.469723,3762450.0,,26.2857318694,,,4416.0029540591995,,,4232.0028309734,,,4600.003077145,,,4416.0029540591995,4232.0028309734,4600.003077145,9290991.757262202,8803328.0,18521647004.174328,8807744.002954058,18530937995.93159,2.233552059562698,59303.52413437401,9.708095304444754,,47814.618704636705
India,India,IND,India,Asia,Developing economies,1438069596.0,4804678.648,3199055012896.7896,3062324500.0,488324234282.927,,2583.230114132,3446.1750775844,,570118.8861889323,632717.7442444958,,518195.9608948792,582058.9706040052,,622041.8114829856,683376.5178849865,1202836.630433428,1100254.9314988842,1305418.329367972,2530692423.6582394,33290126.000000004,70040325942.24434,34492962.63043343,72571018365.90257,0.0033410612819881912,2224.5481176954036,2.129468913408555,339.56926399195424,50.46419072328581
Indonesia,Indonesia,IDN,Indonesia,Asia,Developing economies,281190067.0,7906619.381,1178924195813.5652,733223940.0,306571090750.123,,17597.0823649314,0.0,,3883676.0779403597,0.0,,3529974.722405239,0.0,,4237377.433475481,0.0,3883676.0779403597,3529974.722405239,4237377.433475481,8171009576.624609,30885166.0,64980441750.81591,34768842.07794036,73151451327.44052,0.028118416362836886,4192.623901659958,2.6075741146290206,1090.2628745777247,260.1494857478039
Iran,Iran,IRN,Iran,Asia,Developing economies,90608707.0,1838516.136,511846684554.5944,817879900.0,7475158764.000501,,2704.3209827839,102.63787859,,596843.6409004068,18844.314509124,,542486.7891464503,17335.537693851,,651200.4926543632,20353.091324397003,615687.9554095308,559822.3268403014,671553.5839787602,1295368634.9999855,299557.0,630249038.9577042,915244.9554095308,1925617673.9576898,0.020290722568196452,5648.979016493353,9.026504483724727,82.49934262940647,21.2520158129802
Iraq,Iraq,IRQ,Iraq,Asia,Developing economies,45074049.0,438531.6527,188215848693.25772,176457950.0,15350201246.447,,90.6672882819,,,20010.27052381533,,,18187.85802934914,,,21832.68301828152,,20010.27052381533,18187.85802934914,21832.68301828152,42100347.40272565,,,20010.27052381533,42100347.40272565,0.009729138216537857,4175.703156671319,3.9148457685707356,340.5551883401245,0.9340263041983571
Ireland,Ireland,IRL,Ireland,Europe,Developed economies,5196630.0,498255.4494,482999506836.7123,34432788.0,,99.0633788019,3.6013766773,,16642.6476387192,794.8238326801101,,15949.2039871059,722.43616146638,,17336.0912903325,867.2115038938401,,17437.471471399313,16671.64014857228,18203.30279422634,36687340.4283719,2719716.0,5722110967.989036,2737153.4714713995,5758798308.417407,0.09588049358911448,92944.75589693942,6.625984147418616,,1108.1793986520893
Islas San Félix and San Ambrosio,Islas San Félix and San Ambrosio,CHL,Chile,Americas,Developing economies,19658835.0,450968.2044,279676771459.2289,77287704.0,,,,,,,,,,,,,,,,,,,,,,0.02293972172816955,14226.518074912827,3.931448837125903,,
Isle of Man,Isle of Man,IMN,United Kingdom,Europe,Developed economies,84165.0,4540.893665,7279527750.176964,,,,,,,,,,,,,,,,,,,,,,,0.05395228022337076,86491.15131202951,,,
Israel,Israel,ISR,Israel,Asia,Developed economies,9256314.0,46692.92813,416360345096.69434,59489496.0,,,17.3956373442,,,3839.21716186494,,,3489.56485124652,,,4188.86947248336,,3839.21716186494,3489.56485124652,4188.86947248336,8077470.820629475,20100.0,42289132.5625836,23939.21716186494,50366603.38321308,0.0050444408141296845,44981.22525842299,6.426909890913381,,5.4413239852508335
Italy,Italy,ITA,Italy,Europe,Developed economies,59499453.0,837224.5569,1984600131128.5137,313460640.0,,439.3309839357,3724.9805100926,,73807.60530119759,822103.1985774369,,70732.2884136477,747231.0903245755,,76882.9221887475,896975.3068302982,,895910.8038786345,817963.3787382232,973858.2290190456,1884939838.282309,8715967.0,18337844968.8609,9611877.803878635,20222784807.14321,0.014071130316105594,33354.93069370762,5.268294483312308,,339.8818608827078
Ivory Coast,Ivory Coast,CIV,Ivory Coast,Africa,Developing economies,31165654.0,492520.1653,71993628609.49347,13195601.0,27593650912.7935,,,53.4962968508,,,9821.92010180688,,,9035.52453810012,,,10608.31566551364,9821.92010180688,9035.52453810012,10608.31566551364,20664700.55743362,3000000.0,6311810830.236359,3009821.920101807,6332475530.793793,0.0158032995328768,2310.0310556452137,0.42340202454920406,885.3865512590719,203.18763504188914
Jamaica,Jamaica,JAM,Jamaica,Caribbean,SIDS,2839786.0,267911.9523,15132129758.476301,7648698.0,11588811231.297,,791.6998588876,97.6693403955,,174728.15885649333,17932.0908966138,,158814.99169285258,16496.35159279995,,190641.3260201341,19367.830200427652,192660.24975310714,175311.34328565252,210009.15622056174,405345016.9825677,838551.0,1764258427.8351762,1031211.2497531071,2169603444.817744,0.09434230336370417,5328.6162261791205,2.693406474994947,4080.874837504305,764.0024441340804
Jan Mayen,Jan Mayen,SJM,Norway,Europe,Developed economies,,293290.5763,,,,,,,,,,,,,,,,,,,,,,,,,,,,
Japan,Japan,JPN,Japan,Asia,Developed economies,124370947.0,4438697.451,4616966465093.54,988784700.0,,,473.7326777891,10.2871928875,,104552.80198805437,1888.728614145,,95030.77516449346,1737.5068786987501,,114074.8288116153,2039.9503495912502,106441.53060219937,96768.28204319222,116114.77916120655,223946268.5472989,22871261.0,48119690960.320816,22977702.530602198,48343637228.86812,0.035689182707598105,37122.54812286297,7.950286814170515,,388.70522734596625
Jarvis Island,Jarvis Island,UMI,United States,Oceania,Developed economies,,323192.6875,,,,,,,,,,,,,,,,,,,,,,,,,,,,
Jersey,Jersey,JEY,United Kingdom,Europe,Developed economies,103674.0,2456.817384,,,,,,,,,,,,,,,,,,,,,,,,0.023697526708721568,,,,
Johnston Atoll,Johnston Atoll,UMI,United States,Oceania,Developed economies,,442448.3936,,,,,,,,,,,,,,,,,,,,,,,,,,,,
Jordan,Jordan,JOR,Jordan,Asia,Developing economies,11439213.0,89443.77602,45064321343.93934,21188884.0,33695529316.798496,,1.3705424897,,,302.47872747678997,,,274.93082343382,,,330.02663151976003,,302.47872747678997,274.93082343382,330.02663151976003,636396.1693347049,,,302.47872747678997,636396.1693347049,0.007819049791274978,3939.459938716006,1.8523026015863153,2945.6160416628745,0.05563286297184123
Juan de Nova Island,Juan de Nova Island,ATF,France,Africa,Developing economies,,62824.02726,,,,,,,,,,,,,,,,,,,,,,,,,,,,
Kazakhstan,Kazakhstan,KAZ,Kazakhstan,Asia,Developing economies,20330104.0,2836835.689,232848717043.77054,255161470.0,123181664814.0375,,,,,,,,,,,,,,,,,,,,,0.13953867078102503,11453.395272536261,12.55091808679385,6059.076963602228,
Kenya,Kenya,KEN,Kenya,Africa,Developing economies,55339003.0,707484.6591,99939292457.50002,21531040.0,32397069670.921,,116.0615719036,542.0699299071,,25614.78891912452,99524.03913094355,,23281.95132386216,91555.61116130919,,27947.62651438688,107492.46710057794,125138.82805006807,114837.56248517135,135440.0936149648,263284203.389835,1000000.0,2103936943.4121194,1125138.828050068,2367221146.8019543,0.012784557378093711,1805.946747134205,0.3890753145661117,585.4292255847291,42.77672199482803
Kerguélen,Kerguélen,ATF,France,Africa,Developing economies,,558169.7229000002,,,,,,,,,,,,,,,,,,,,,,,,,,,,
Kiribati,Gilbert Islands,KIR,Kiribati,Oceania,SIDS,397590.0,3441229.2672999995,797610991.900717,206997.0,,,496.2343497951,1.4648261908,,109518.92099977857,268.94208863088,,99544.61056889706,247.40914362612,,119493.23143066009,290.47503363564,109787.86308840945,99792.01971252318,119783.70646429573,230986741.08997643,25833193.0,54351409118.99535,25942980.86308841,54582395860.08533,8.655220874015944,2006.114318520881,0.5206292914811741,,137283.12045093018
Kuril Islands,Kuril Islands,,Japan,,,,218735.0936,,,,,,,,,,,,,,,,,,,,,,,,,,,,
Kuwait,Kuwait,KWT,Kuwait,Asia,Developing economies,4838782.0,28241.48885,116668101996.92186,99233390.0,,,1568.6025533623,,,346190.5835270596,,,314661.67220447736,,,377719.4948496418,,346190.5835270596,314661.67220447736,377719.4948496418,728363158.1439798,,,346190.5835270596,728363158.1439798,0.005836487126305753,24111.04736624255,20.50792740817834,,150.52613615244078
Kyrgyzstan,Kyrgyzstan,KGZ,Kyrgyzstan,Asia,Developing economies,7073516.0,199637.6734,8975322159.940475,10152343.0,7636864478.799,,,,,,,,,,,,,,,,,,,,,0.02822325889981729,1268.862919083024,1.4352611911813022,1079.6419317916295,
Laos,Laos,LAO,Laos,Asia,LDCs,7664993.0,229724.7134,20303702352.29504,24796292.0,15166926309.996,,,,,,,,,,,,,,,,,,,,,0.02997063577227011,2648.8872660803527,3.235005172216074,1978.7267007283633,
Latvia,Latvia,LVA,Latvia,Europe,Developed economies,1882396.0,92872.99497,31886638241.206627,6512889.0,,0.7129094665,,,119.768790372,,,114.7784241065,,,124.7591566375,,,119.768790372,114.7784241065,124.7591566375,251985.98273143257,,,119.768790372,251985.98273143257,0.049337649979069226,16939.38907711588,3.4598931361945096,,0.1338644911758379
Lebanon,Lebanon,LBN,Lebanon,Asia,Developing economies,5773493.0,29064.42192,33944395264.176895,19475458.0,50053828102.414,,,,,,,,,,,,,,,,,40900.0,86051020.98555568,40900.0,86051020.98555568,0.005034113996500905,5879.351592558767,3.373253938300436,8669.591892189703,14.904499058984861
Lesotho,Lesotho,LSO,Lesotho,Africa,LDCs,2311472.0,30561.65539,2215449329.508964,3888782.0,1340588590.6115,,,,,,,,,,,,,,,,,,,,,0.013221728573826549,958.4582160237995,1.6823833470619587,579.9718061094835,
Liberia,Liberia,LBR,Liberia,Africa,LDCs,5493031.0,347612.3157,3589692300.477075,771001.0,1568933023.071,,,182.1353161055,,,33440.044036969804,,,30762.654890218953,,,36117.433183720656,33440.044036969804,30762.654890218953,36117.433183720656,70355744.03870893,3000000.0,6311810830.236359,3033440.04403697,6382166574.275067,0.06328242380208668,653.4993704708885,0.14035984868827428,285.622459270847,1161.8661125843032
Libya,Libya,LBY,Libya,Africa,Developing economies,7305659.0,1973738.166,67926705038.72879,60975930.0,,,11.5167549849,,,2541.74782516743,,,2310.26104997094,,,2773.2346003639204,,2541.74782516743,2310.26104997094,2773.2346003639204,5347677.150207165,7000000.0,14727558603.884834,7002541.747825167,14732906281.035042,0.2701656573349509,9297.820366202253,8.346396950637855,,2016.6430271430738
Liechtenstein,Liechtenstein,LIE,Liechtenstein,Europe,Developed economies,39598.0,160.8089954,,157238.0,,,,,,,,,,,,,,,,,,,,,,0.004061038320117177,,3.9708571139956566,,
Lithuania,Lithuania,LTU,Lithuania,Europe,Developed economies,2854099.0,71779.08695,52308255949.66091,12461681.0,,,,,,,,,,,,,,,,,,,,,,0.025149473424012272,18327.41469362517,4.366239923702716,,
Macedonia,Macedonia,MKD,Macedonia,Europe,Developed economies,1831802.0,25437.19787,11506514048.907011,7448824.0,9523789279.482,,,,,,,,,,,,,,,,,,,,,0.013886434161552394,6281.527178650865,4.0663914549716615,5199.136849660607,
Macquarie Island,Macquarie Island,,Australia,,,,476412.8641,,,,,,,,,,,,,,,,,,,,,,,,,,,,
Madagascar,Madagascar,MDG,Madagascar,Africa,LDCs,31195932.0,1786627.146,13975132286.380466,4476379.0,4871508029.0515,57.8254622808,5764.7648300837,2758.3331165541,9714.6776631744,1272283.5979994724,506429.96019933274,9309.8994272088,1156411.8249147902,465882.4633859875,10119.455899139999,1388155.371084155,546977.457012678,1788428.2358619797,1631604.1877279866,1945252.2839959732,3762740236.071382,3000000.0,6311810830.236359,4788428.235861979,10074551066.307741,0.057271157854812606,447.97931622560486,0.1434923950981814,156.15843851215922,322.9443847456694
Madeira,Madeira,,Portugal,,,,453615.7185,,,,,,,,,,,,,,,,,,,,,,,,,,,,
Malawi,Malawi,MWI,Malawi,Africa,LDCs,21104482.0,118501.0583,11482709535.228191,1752411.0,2721357106.8205,,,,,,,,,,,,,,,,,,,,,0.005614971184793828,544.0886696592786,0.0830350159743319,128.94687994808402,
Malaysia,Malaysia,MYS,Malaysia,Asia,Developing economies,35126298.0,847078.3438,401113360563.35,288823680.0,,,548.0749517944,5227.091421078,,120960.14186102408,959693.9849099208,,109943.83532995664,882855.7410200742,,131976.44839209152,1036532.2287997674,1080654.1267709448,992799.5763500308,1168508.6771918589,2273628140.364155,1108930.0,2333118794.6580014,2189584.126770945,4606746935.022156,0.02411521828460261,11419.175472557625,8.222434370966162,,131.14809123984986
Maldives,Maldives,MDV,Maldives,Asia,SIDS,525994.0,924130.53,6009933940.437218,2062305.0,3020167766.9645,,2400.9672221328,0.9734406622,,529893.465924709,178.72370557992,,481634.0247598397,164.41412784558,,578152.9070895783,193.03328331426002,530072.1896302889,481798.4388876853,578345.9403728925,1115238462.4385192,11633297.0,24475723331.98538,12163369.189630289,25590961794.423897,1.7569221892264932,11425.860257792328,3.9207766628516674,5741.829311673707,48652.5735929001
Mali,Mali,MLI,Mali,Africa,LDCs,23769127.0,1252545.079,17764846569.98078,6761669.0,4875151588.761,,,,,,,,,,,,,,,,,,,,,0.05269630134081071,747.3916299063395,0.2844727532483629,205.10436032257306,
Malta,Malta,MLT,Malta,Europe,Developed economies,532956.0,53247.41011,17254541747.15687,1822230.0,,,70.4110839898,,,15539.72623654886,,,14124.463448353881,,,16954.98902474384,,15539.72623654886,14124.463448353881,16954.98902474384,32694604.119585726,1556727.0,3275255446.1071186,1572266.726236549,3307950050.226704,0.09990957998408874,32375.17120954989,3.4191002634363814,,6206.797653514932
Marshall Islands,Marshall Islands,MHL,Marshall Islands,Oceania,SIDS,38827.0,2004958.808,227999999.99999994,153331.0,,,525.8349166768,0.3254464617,,116051.76611056976,59.751970368120006,,105482.48428536608,54.967907381130004,,126621.04793577346,64.53603335511,116111.51808093788,105537.45219274721,126685.58396912857,244291312.4461495,8845072.0,18609473747.94012,8961183.518080939,18853765060.38627,51.638262240193676,5872.202333427767,3.9490818245035673,,485583.87360306666
Martinique,Martinique,MTQ,France,Caribbean,SIDS,346002.0,48905.09809,,,,,548.7793639129,19.4411010032,,121115.60561557702,3569.3861441875197,,110085.14040092773,3283.60195944048,,132146.07083022632,3855.17032893456,124684.99175976454,113368.74236036821,136001.24115916088,262329360.4524043,,,124684.99175976454,262329360.4524043,0.1413433971190918,,,,758.1729598453312
Matthew and Hunter Islands,Matthew and Hunter Islands,,France,,,,187185.5177,,,,,,,,,,,,,,,,,,,,,,,,,,,,
Mauritania,Mauritania,MRT,Mauritania,Africa,LDCs,5022441.0,1212054.797,7917371715.89145,4412598.0,3475685433.226,23.0,772.0,3.4594715486,3864.0,170380.4,635.1589763229599,3703.0,154863.19999999998,584.3047445585399,4025.0,185897.6,686.01320808738,174879.55897632297,159150.50474455854,190608.6132080874,367935564.7779044,4000000.0,8415747773.648478,4174879.558976323,8783683338.426382,0.24132783182520212,1576.399148519903,0.8785763735203659,692.0311126056035,1748.887311653115
Mayotte,Mayotte,MYT,France,Africa,Developing economies,316015.0,67285.12793,,,,,1484.3952218942,6.7533274632,,327606.0254720499,1239.91092224352,,297769.6815119765,1140.63700853448,,357442.3694321234,1339.18483595256,328845.9363942934,298910.318520511,358781.5542680759,691871114.2709059,,,328845.9363942934,691871114.2709059,0.21291751318766516,,,,2189.3616260965646
Melilla,Melilla,,Spain,,,,40.73956715,,,,,,,,,,,,,,,,,,,,,,,,,,,,
Mexico,Mexico,MEX,Mexico,Americas,Developing economies,129739759.0,5138716.724,1326554712608.3315,482623460.0,449917841014.59,2714.0569471771,9758.378052241,9921.3205130288,455961.5671257528,2153674.0361295887,1821554.4461920878,436963.1684955131,1957530.6372795445,1675711.0346505644,474959.9657559925,2349817.434979633,1967397.8577336113,4431190.049447429,4070204.8404256217,4792175.258469237,9322944448.312622,30789336.0,64778821473.52873,35220526.04944743,74101765921.84135,0.039607879370270764,10224.735446042654,3.7199349198729434,3467.8485953915642,571.1569567648214
Micronesia,Micronesia,FSM,Micronesia,Oceania,SIDS,112630.0,3009867.645,336344290.3734163,149498.0,,,1584.2227649027,87.1055536458,,349637.9642140259,15992.57964936888,,317795.0866394816,14712.128010775621,,381480.84178857016,17273.03128796214,365630.54386339476,332507.2146502572,398753.8730765323,769263608.8740616,13999541.0,29454151500.712643,14365171.543863395,30223415109.586704,26.72349857941934,2986.2762174679597,1.3273372991210157,,268342.49409204215
Moldova,Moldova,MDA,Moldova,Europe,Developed economies,3067070.0,33855.6426,9164831732.38352,5962224.0,8032201706.082,,,,,,,,,,,,,,,,,,,,,0.011038431662792177,2988.139081398051,1.943947806864532,2618.8517725653473,
Monaco,Monaco,MCO,Monaco,Europe,Developed economies,38956.0,290.5136861,8339290931.819639,,,,0.4232879985,,,93.41966126895,,,84.91157249909999,,,101.9277500388,,93.41966126895,84.91157249909999,101.9277500388,196549.0765847902,,,93.41966126895,196549.0765847902,0.007457482444296128,214069.48690367694,,,5.045412172317235
Mongolia,Mongolia,MNG,Mongolia,Asia,Developing economies,3431932.0,1564953.688,15456208129.696028,46869964.0,25912572024.2215,,,,,,,,,,,,,,,,,,,,,0.45599787175270373,4503.646380434119,13.657020010885997,7550.432824491132,
Montenegro,Montenegro,MNE,Montenegro,Europe,Developed economies,633552.0,20237.20393,5160619234.927781,2328379.0,6505456412.2715,1.0502616735,,,176.44396114800003,,,169.09212943350002,,,183.7957928625,,,176.44396114800003,169.09212943350002,183.7957928625,371226.9683012499,40000.0,84157477.73648478,40176.443961148,84528704.70478603,0.03194245133785388,8145.533807687106,3.675119011541278,10268.228041694289,133.42031073185157
Montserrat,Montserrat,MSR,United Kingdom,Caribbean,SIDS,4420.0,7288.804817,,22235.0,,,12.9999232775,,,2869.08306734425,,,2607.7846094665,,,3130.381525222,,2869.08306734425,2607.7846094665,3130.381525222,6036369.85910373,,,2869.08306734425,6036369.85910373,1.6490508635746606,,5.030542986425339,,1365.6945382587623
Morocco,Morocco,MAR,Morocco,Africa,Developing economies,37712505.0,686691.5903,129532155782.89392,68667610.0,52296798825.4375,,,,,,,,,,,,,,,,,2000000.0,4207873886.824239,2000000.0,4207873886.824239,0.018208591296176163,3434.7269104211964,1.8208180549130852,1386.7230200019198,111.57768190747973
Mozambique,Mozambique,MOZ,Mozambique,Africa,LDCs,33635160.0,1352536.737,20437391974.129997,8023384.0,50470026201.365,,689.8324937973,2978.680385156,,152246.0313810641,546885.7187146415,,138380.39825573837,503099.1170528484,,166111.66450638985,590672.3203764348,699131.7500957056,641479.5153085868,756783.9848828247,1470929117.3387246,2000000.0,4207873886.824239,2699131.7500957055,5678803004.162964,0.04021199057771689,607.619882709938,0.23854157375793664,1500.513932485084,168.83532006873057
Myanmar,Myanmar,MMR,Myanmar,Asia,LDCs,54133798.0,1165256.57,63784628823.77949,30233224.0,9182387250.4675,,2933.5359685211,5319.8569842173,,647431.3882526067,976725.7423022962,,588467.3152853326,898523.8446343021,,706395.461219881,1054927.6399702907,1624157.1305549028,1486991.1599196347,1761323.1011901717,3417124188.8806806,4548515.0,9569788746.164175,6172672.130554903,12986912935.044855,0.021525490784888215,1178.2773642407187,0.5584907233000722,169.6239242343111,239.90396785100603
Namibia,Namibia,NAM,Namibia,Africa,Developing economies,2963095.0,1386405.326,11749736033.67952,4174205.8,,,,,,,,,,,,,,,,,,14000000.0,29455117207.76967,14000000.0,29455117207.76967,0.4678909471346683,3965.359205047263,1.40873168089447,,9940.659077002145
Nauru,Nauru,NRU,Nauru,Oceania,SIDS,11875.0,309282.8981,100293157.0493269,57499.0,,,,,,,,,,,,,,,,,,2013181.0000000002,4235605879.6753545,2013181.0000000002,4235605879.6753545,26.044875629473683,8445.73954099595,4.842021052631579,,356682.60039371403
Navassa Island,Navassa Island,,Haiti,,,,13895.46578,,,,,,,,,,,,,,,,,,,,,,,,,,,,
Nepal,Nepal,NPL,Nepal,Asia,LDCs,29694614.0,147296.9028,33735853500.290012,16677210.0,7526214694.42,,,,,,,,,,,,,,,,,,,,,0.004960391227850277,1136.0933501371667,0.5616240709510486,253.45386521676963,
Netherlands,Netherlands,NLD,Netherlands,Europe,Developed economies,18092524.0,99460.48933,895765770359.8453,118668370.0,,151.2944475334,1.1224619492,,25417.467185611196,247.72735218844,,24358.4060528774,225.16586700952,,26476.528318344997,270.28883736736003,,25665.194537799638,24583.57191988692,26746.817155712357,53997950.947935596,563712.0,1186014502.2447326,589377.1945377997,1240012453.1926682,0.005497325267055055,49510.27122361951,6.558972645276027,,68.53728386336081
New Caledonia,New Caledonia,NCL,France,Oceania,SIDS,289870.0,1198282.794,,5067623.0,,,1469.2951856795,334.8082100499,,324273.4474794656,61470.78736516165,,294740.6142473077,56549.10667742811,,353806.2807116236,66392.46805289517,385744.23484462727,351289.7209247358,420198.74876451876,811581546.3978518,,,385744.23484462727,811581546.3978518,4.133862745368614,,17.482399006451168,,2799.8121447471344
New Zealand,New Zealand,NZL,New Zealand,Oceania,Developed economies,5172836.0,4374135.887,217933683113.80746,30119236.0,,168.1917636481,,277.2352916621,28256.2162928808,,50900.39954916156,27078.8739473441,,46825.04076172869,29433.5586384175,,54975.75833659443,79156.61584204236,73903.9147090728,84409.31697501193,166540528.38555396,35752087.0,75220136643.38417,35831243.615842044,75386677171.76973,0.8455972482019535,42130.40643735998,5.8225770157801255,,14573.567994765295
Nicaragua,Nicaragua,NIC,Nicaragua,Americas,Developing economies,6823613.0,341809.2869,15399345045.34212,5588379.0,11448376616.284,,5532.4201101315,743.4585878993,,1221005.1183060221,136498.99673831149,,1109803.474092379,125570.15549619177,,1332206.7625196653,147427.8379804312,1357504.1150443335,1235373.6295885707,1479634.6005000966,2856103058.4757495,2565473.0,5397593422.0263195,3922977.1150443335,8253696480.502069,0.050092126692999735,2256.7729215215045,0.8189765451235291,1677.7587791517485,1209.5786323905047
Niger,Niger,NER,Niger,Africa,LDCs,26159867.0,1181112.974,14705444103.890184,2597634.0,4237811060.863,,,,,,,,,,,,,,,,,,,,,0.04514980806286209,562.1375714138832,0.09929844062280592,161.9966592667692,
Nigeria,Nigeria,NGA,Nigeria,Africa,Developing economies,227882945.0,1087016.427,550647684655.9976,128539720.0,77373684475.309,,8829.3065752691,8392.5148781293,,1948627.9611618903,1540865.7316245392,,1771158.8989989813,1417495.7629160387,,2126097.0233247993,1664235.7003330402,3489493.6927864295,3188654.66191502,3790332.7236578395,7341674694.05695,2000000.0,4207873886.824239,5489493.692786429,11549548580.881187,0.00477006485500703,2416.3619820517833,0.5640602898123859,339.5325809718187,50.68193488934061
Niue,Niue,NIU,New Zealand,Oceania,SIDS,1817.0,318407.1764,,7667.0,,,,,,,,,,,,,,,,,,514955.0,1083432848.694788,514955.0,1083432848.694788,175.23785162355531,,4.2195927352779306,,596275.6459520021
Norfolk Island,Norfolk Island,NFK,Australia,Oceania,Developed economies,,430640.4739,,,,,,,,,,,,,,,,,,,,,,,,,,,,
North Korea,North Korea,PRK,North Korea,Asia,Developing economies,26418204.0,236798.6621,,60764244.0,,4.9118865079,,,825.1969333272,,,790.8137277719001,,,859.5801388825,,,825.1969333272,790.8137277719001,859.5801388825,1736162.3136174835,,,825.1969333272,1736162.3136174835,0.008963465574722641,,2.300089892560448,,0.06571840817102796
Northern Mariana Islands,Northern Mariana Islands,MNP,United States,Oceania,SIDS,45143.0,764117.3579,729103030.3030304,,,0.0016172742,,,0.2717020656,,,0.2603811462,,,0.283022985,,,0.2717020656,0.2603811462,0.283022985,571.6440134172232,,,0.2717020656,571.6440134172232,16.926596768048203,16150.965383404522,,,0.012662960224558031
Norway,Norway,NOR,Norway,Europe,Developed economies,5519167.0,1256754.973,435713464916.813,38901000.0,,,62.2705825703,,,13743.11757326521,,,12491.47886360218,,,14994.756282928241,,13743.11757326521,12491.47886360218,14994.756282928241,28914652.78004899,10771371.0,22662285378.097946,10785114.117573265,22691200030.877995,0.22770736471645087,78945.51205223777,7.0483462450040015,,4111.345069079807
Oecusse,Oecusse,,East Timor,,,,2578.265425,,,,,,1.9302585377,,,354.39546752172004,,,326.02066701753,,,382.77026802591007,354.39546752172004,326.02066701753,382.77026802591007,745625.7166967567,,,354.39546752172004,745625.7166967567,,,,,
Oman,Oman,OMN,Oman,Asia,Developing economies,5049269.0,864660.6732,87416511280.57806,78511300.0,,,,1.3646663791,,,250.55274720276,,,230.49215142999,,,270.61334297553003,250.55274720276,230.49215142999,270.61334297553003,527147.1811132843,14782091.0,31100587355.779797,14782341.552747203,31101114502.96091,0.17124472338471172,17312.706310671518,15.54904284164698,,6159.528142184722
Pakistan,Pakistan,PAK,Pakistan,Asia,Developing economies,247504495.0,1096403.603,400165100120.7807,200666690.0,98789765095.487,,,777.4546405073,,,142740.67199714028,,,131312.08878168298,,,154169.2552125976,142740.67199714028,131312.08878168298,154169.2552125976,300317373.14225525,3384331.0,7120419019.634881,3527071.67199714,7420736392.777136,0.004429833094546424,1616.7993236679629,0.8107597803425752,399.1433169546557,29.9822287784193
Palau,Palau,PLW,Palau,Oceania,SIDS,17727.0,616992.7204,225375185.65177235,222330.0,,,727.4325533265,56.9219440142,,160544.36451915855,10450.86892100712,,145922.97019729592,9614.116343998381,,175165.75884102122,11287.62149801586,170995.23344016567,155537.0865412943,186453.38033903707,359763188.782144,2529223.0,5321325707.827631,2700218.233440166,5681088896.609775,34.80525302645682,12713.667606011866,12.541885259773228,,320476.6117566297
Palestine,Palestine,PSE,Palestine,Asia,Developing economies,5409202.0,7372.715335,14773700000.0,3496897.0,,,,,,,,,,,,,,,,,,,,,,0.0013629950101697072,2731.2161756946775,0.6464718825438577,,
Palmyra Atoll,Palmyra Atoll,UMI,United States,Oceania,Developed economies,,353675.8936,,,,,,,,,,,,,,,,,,,,,,,,,,,,
Panama,Panama,PAN,Panama,Americas,Developing economies,4458759.0,406250.2226,72803155248.87743,14018338.0,,,1791.3001132113,1528.2358256176,,395339.9349857339,280584.09758339135,,359334.80271018675,258119.03094681265,,431345.0672612811,303049.1642199701,675924.0325691253,617453.8336569994,734394.2314812512,1422101543.0622795,3835240.0,8069103122.851897,4511164.032569125,9491204665.914177,0.09111284610807625,16328.120727959826,3.143999933613815,,2128.6650984980747
Papua New Guinea,Papua New Guinea,PNG,Papua New Guinea,Oceania,SIDS,10389635.0,2861551.097,25646325074.996456,8322015.0,11567070522.191,,9227.2574378643,4492.6365050735,,2036455.716536651,824848.0623314946,,1850987.8420355786,758806.3057069143,,2221923.5910377237,890889.8189560751,2861303.7788681453,2609794.147742493,3112813.409993799,6020002726.685393,12196339.0,25660328196.478024,15057642.778868146,31680330923.163418,0.27542364067650116,2468.452941320504,0.8009920464000901,1113.3279005654192,3049.2246285036404
Paraguay,Paraguay,PRY,Paraguay,Americas,Developing economies,6844146.0,400752.4479000001,44019622007.03595,8139286.0,19902793661.54,,,,,,,,,,,,,,,,,,,,,0.05855404719595404,6431.7187282439545,1.1892332513070294,2908.002497541695,
Perejil Island,Perejil Island,,Spain,,,,0.785737099,,,,,,,,,,,,,,,,,,,,,,,,,,,,
Peru,Peru,PER,Peru,Americas,Developing economies,33845617.0,2146765.779,221775234260.73746,55863636.0,68001012912.709,282.6696741037,,54.1852527689,47488.5052494216,,9948.412408370039,45509.8175306957,,9151.88919266721,49467.1929681475,,10744.93562407287,57436.91765779164,54661.706723362906,60212.12859222037,120843652.97594772,45278430.0,95262961616.69962,45335866.91765779,95383805269.67557,0.06342817680055884,6552.554035600458,1.650542698039749,2009.1527039589498,2818.202583503665
Peñón de Vélez de la Gomera,Peñón de Vélez de la Gomera,,Spain,,,,3.738562293,,,,,,,,,,,,,,,,,,,,,,,,,,,,
Philippines,Philippines,PHL,Philippines,Asia,Developing economies,114891199.0,2260600.759,430342487096.5727,154578660.0,91658576316.029,,14946.0027147582,2820.259491479,,3298582.7991471346,517799.6426355444,,2998168.144580495,476341.82811080315,,3598997.4537137747,559257.4571602858,3816382.441782679,3474509.9726912985,4158254.9108740604,8029428009.45593,5609099.0,11801190605.355976,9425481.44178268,19830618614.811905,0.019676013294978322,3745.6523288313206,1.345435171235353,797.7858801528306,172.60346125217046
Pitcairn,Pitcairn,PCN,United Kingdom,Oceania,Developing economies,,842344.1991,,,,,,,,,,,,,,,,,,,,,,,,,,,,
Poland,Poland,POL,Poland,Europe,Developed economies,38762844.0,342427.1866,633564398461.3344,289281540.0,,,2.6594927668,,,586.95005363276,,,533.49424902008,,,640.4058582454401,,586.95005363276,533.49424902008,640.4058582454401,1234905.9017756886,,,586.95005363276,1234905.9017756886,0.008833902553692914,16344.631432650667,7.462856440564578,,0.03185797981633361
Portugal,Portugal,PRT,Portugal,Europe,Developed economies,10430738.0,404204.1673,235532701003.00494,37228136.0,,198.9353711863,0.0380443627,,33421.1423592984,8.39639084789,,32028.5947609943,7.63169915762,,34813.689957602495,9.16108253816,,33429.53875014629,32036.22646015192,34822.85104014065,70333641.57765979,12403497.0,26096175565.801395,12436926.538750146,26166509207.379055,0.03875125300817641,22580.63628891886,3.56907977172852,,2508.596151813904
Prince Edward Islands,Prince Edward Islands,,South Africa,,,,475239.5011,,,,,,,,,,,,,,,,,,,,,,,,,,,,
Puerto Rico,Puerto Rico,PRI,United States,Caribbean,SIDS,3242023.0,163631.3489,96564521010.4364,,,58.4387261237,600.654661828,81.9958562891,9817.7059887816,132564.4838654396,15054.43921467876,9408.6349059157,120491.3251626968,13849.10012722899,10226.7770716475,144637.6425681824,16259.778302128532,157436.62906889996,143749.0601958415,171124.19794195844,331236740.144329,,,157436.62906889996,331236740.144329,0.050471988909393924,29785.267103421662,,,102.16976873524001
Qatar,Qatar,QAT,Qatar,Asia,Developing economies,2979082.0,42976.44118,170947179495.95364,115711816.0,,,1147.2089035422,4.595108877,,253189.00501176354,843.6619898172,,230130.10605056531,776.1138893253001,,276247.90397296177,911.2100903091001,254032.66700158073,230906.2199398906,277159.11406327086,534468712.93813455,,,254032.66700158073,534468712.93813455,0.014426068560717698,57382.50222583791,38.84143370340259,,179.40718413864894
Republic of Mauritius,Republic of Mauritius,MUS,Republic of Mauritius,Africa,SIDS,1273588.0,1280968.84,14273219058.562893,4138937.0,14535515568.1795,,131.8322677674,3.9624566903,,29095.381496265178,727.5070483390799,,26445.55291414044,669.25893499167,,31745.210078389922,785.75516168649,29822.88854460426,27114.81184913211,32530.965240076413,62745476.96825499,7000000.0,14727558603.884834,7029822.888544604,14790304080.853088,1.0057953121417602,11207.092920601397,3.2498241189458446,11413.043753693895,11613.099433139358
Republic of the Congo,Republic of the Congo,COG,Republic of the Congo,Africa,Developing economies,6182885.0,376110.1204,10369226732.87588,7674340.0,5873262728.056,,,20.5416266422,,,3771.44265150792,,,3469.4807398675803,,,4073.4045631482604,3771.44265150792,3469.4807398675803,4073.4045631482604,7934877.524467671,1000000.0,2103936943.4121194,1003771.4426515079,2111871820.936587,0.06083084521222698,1677.0854921085997,1.2412231506812759,949.922686263128,341.56737848699873
Romania,Romania,ROU,Romania,Europe,Developed economies,19118479.0,267907.8796,236037846070.52167,68239480.0,,54.7212770144,,,9193.1745384192,,,8810.1255993184,,,9576.22347752,,,9193.1745384192,8810.1255993184,9576.22347752,19341859.53861581,,,9193.1745384192,19341859.53861581,0.014013033128838333,12346.057762781322,3.5692943983671506,,1.0116840120291897
Russia,Russia,RUS,Russia,Europe,Developed economies,145440500.0,24610608.92,1524520243059.5242,1815924700.0,,7043.8960256472,680.0401280493,,1183374.5323087296,150084.8562604805,,1134067.2601291991,136416.0496866896,,1232681.80448826,163753.66283427147,,1333459.3885692102,1270483.3098158888,1396435.4673225316,2805514470.150498,46459217.0,97747263008.30037,47792676.38856921,100552777478.45087,0.16921427607853384,10482.088847738589,12.485687961743805,,691.3671053004553
Rwanda,Réunion,RWA,Rwanda,Africa,LDCs,,25315.45209,,,,,,,,,,,,,,,,,,,,,,,,,,,,
Réunion,Réunion,REU,France,,,874883.0,317665.1825,,,,,,,,,,,,,,,,,,,,,,,,0.36309447377535053,,,,
Saba,Saba,BES,Netherlands,Caribbean,Developing economies,29898.0,9501.573907,,114883.0,,,0.6132910815,,,135.35334168705,,,123.0261909489,,,147.68049242520001,,135.35334168705,123.0261909489,147.68049242520001,284774.89598966815,,,135.35334168705,284774.89598966815,0.3177996490400696,,3.8424978259415346,,9.52488112882695
Saint Helena,Saint Helena,SHN,United Kingdom,Africa,Developing economies,5289.0,449352.0558,,11118.0,,,,,,,,,,,,,,,,,,,,,,84.95973828701077,,2.1020986954055587,,
Saint Kitts and Nevis,Saint Kitts and Nevis,KNA,Saint Kitts and Nevis,Caribbean,SIDS,46758.0,9768.631729,1016833010.7978816,233472.0,,,60.0867798917,0.3468710985,,13261.152322098189,63.685533684599996,,12053.408046275019,58.58652853665,,14468.89659792136,68.78453883255,13324.83785578279,12111.99457481167,14537.68113675391,28034618.629757743,23300.0,49021730.78150238,36624.83785578279,77056349.41126013,0.20891893855596905,21746.71737024427,4.993199024765816,,1647.9821508888347
Saint Lucia,Saint Lucia,LCA,Saint Lucia,Caribbean,SIDS,179285.0,16027.46852,2039492177.33218,511414.0,820129468.131,,6.6136956423,1.6215341376,,1459.64262825561,297.71366766336,,1326.70734584538,273.87711584064004,,1592.57791066584,321.55021948608004,1757.3562959189699,1600.58446168602,1914.12813015192,3697366.833721801,61099.99999999999,128550547.24248047,62857.356295918966,132247914.07620227,0.08939659491870486,11375.69890025479,2.8525197311543073,4574.44553716708,737.6407065633058
Saint Vincent and the Grenadines,Saint Vincent and the Grenadines,VCT,Saint Vincent and the Grenadines,Caribbean,SIDS,101323.0,36640.77601,950988378.2629379,237178.0,474524031.5805,,,0.3255645546,,,59.773652224559996,,,54.987853271940004,,,64.55945117718001,59.773652224559996,54.987853271940004,64.55945117718001,125759.9951579198,180854.0,380505411.9638554,180913.77365222457,380631171.9590133,0.3616234814405416,9385.710828370044,2.3408110695498556,4683.280514596883,3756.611746188065
Saint-Barthélemy,Saint-Barthélemy,BLM,France,Caribbean,Developing economies,11085.0,4203.437535,,,,,16.8932475997,,,3728.3397452537897,,,3388.78546849982,,,4067.89402200776,,3728.3397452537897,3388.78546849982,4067.89402200776,7844191.727631179,,,3728.3397452537897,7844191.727631179,0.37920049932341,,,,707.6402099802597
Saint-Pierre and Miquelon,Saint-Pierre and Miquelon,SPM,France,Americas,Developed economies,5681.0,12640.74524,,55588.0,,,,,,,,,,,,,,,,,,,,,,2.2250915754268616,,9.784897025171624,,
Samoa,Samoa,WSM,Samoa,Oceania,SIDS,216663.0,133333.9137,862588950.4396363,256830.0,326533634.702,,982.8710169627,2.314155737,,216919.63344366787,424.8789933132,,197163.9260027176,390.8609039793,,236675.34088461817,458.89708264710004,217344.51243698108,197554.7869066969,237134.23796726528,457279149.16405934,272057.0,572390773.013871,489401.5124369811,1029669922.1779304,0.615397708422758,3981.247146211565,1.1853892912033897,1507.1038188430882,4752.403143028253
San Marino,San Marino,SMR,San Marino,Europe,Developed economies,33733.0,58.46616607,1408422586.4216962,,,,,,,,,,,,,,,,,,,,,,,0.0017332038677259657,41752.07027011224,,,
Sao Tome and Principe,Sao Tome and Principe,STP,Sao Tome and Principe,Africa,SIDS,230871.0,131846.4427,315725838.98856896,166171.0,342976152.22150004,,,0.4838520661,,,88.83523933596,,,81.72261396429,,,95.94786470763,88.83523933596,81.72261396429,95.94786470763,186903.74191578376,3000000.0,6311810830.236359,3000088.835239336,6311997733.978274,0.5710827375460755,1367.5422161664694,0.719756920531379,1485.5748544490216,27339.933270000452
Sapodilla Cayes,Belize,BLZ,Belize,Americas,SIDS,,1449.95064,,,,,208.8283875165,,,46088.425124891546,,,41890.974535809895,,,50285.8757139732,,46088.425124891546,41890.974535809895,50285.8757139732,96967140.28394265,,,46088.425124891546,96967140.28394265,,,,,
Saudi Arabia,Saudi Arabia,SAU,Saudi Arabia,Asia,Developing economies,33264292.0,2149313.361,776114792530.154,736205300.0,,,20982.6977499275,69.3923174465,,4630881.393409,12740.4294831774,,4209129.168635457,11720.362416713851,,5052633.618182543,13760.496549640951,4643621.822892177,4220849.53105217,5066394.1147321835,9769887504.417582,,,4643621.822892177,9769887504.417582,0.06461323033720363,23331.769470101874,22.131999683023466,,293.7049585909594
Senegal,Senegal,SEN,Senegal,Africa,LDCs,18077573.0,353554.9855,26226336251.16682,11900644.0,30162333817.608498,,1482.0112378299,0.0,,327079.8801890589,0.0,,297291.45430867793,0.0,,356868.3060694399,0.0,327079.8801890589,297291.45430867793,356868.3060694399,688155443.3765708,3000000.0,6311810830.236359,3327079.880189059,6999966273.612929,0.0195576577397862,1450.7664414447017,0.6583098295329799,1668.4946490111531,387.21825510608807
Senkaku Islands,Senkaku Islands,,Taiwan,,,,73800.91173,,,,,,,,,,,,,,,,,,,,,,,,,,,,
Serbia,Serbia,SRB,Serbia,Europe,Developed economies,6773201.0,88332.90221,51200118921.335686,42357788.0,36995099662.416,,,,,,,,,,,,,,,,,,,,,0.013041529730182229,7559.220362917871,6.253732614756302,5461.981663088988,
Serrana Bank,Serrana Bank,,Colombia,,,,2842.327632,,,,,,,,,,,,,,,,,,,,,,,,,,,,
Serranilla Bank,Serranilla Bank,,Colombia,,,,1553.311591,,,,,,,,,,,,,,,,,,,,,,,,,,,,
Seychelles,Seychelles,SYC,Seychelles,Africa,SIDS,127951.0,1342014.332,2002037445.9106932,551015.0,,,,3.8298136769,,,703.15379107884,,,646.85553002841,,,759.4520521292701,703.15379107884,646.85553002841,759.4520521292701,1479391.2379510587,17000000.0,35766928038.00603,17000703.153791077,35768407429.24398,10.488502098459566,15646.907377907895,4.306453251635392,,279547.6973938772
Sierra Leone,Sierra Leone,SLE,Sierra Leone,Africa,LDCs,8460512.0,232907.7396,5580033029.221105,1231506.0,1798351452.9209998,,4411.0989118676,1508.2259567574,,973529.5298491792,276910.2856606586,,884866.4417206405,254739.36409632486,,1062192.6179777181,299081.2072249924,1250439.8155098378,1139605.8058169654,1361273.8252027105,2630846523.364583,2000000.0,4207873886.824239,3250439.815509838,6838720410.188822,0.02752879962820217,659.5384569185771,0.14555927584524436,212.5582296817261,808.3104675212116
Singapore,Singapore,SGP,Singapore,Asia,SIDS,5789090.0,1377.156656,387147091448.00244,49252784.0,,,119.530559041,6.9701526733,,26380.394380348698,1279.7200308178801,,23977.8301436246,1177.25878652037,,28782.958617072803,1382.1812751153902,27660.114411166578,25155.08893014497,30165.139892188192,58195136.56865933,0.0799,168.10456177862835,27660.19431116658,58195304.673221104,0.00023788827881411417,66875.2932581809,8.50786289382269,,10.052582473794864
Sint-Eustatius,Sint-Eustatius,BES,Netherlands,Caribbean,Developing economies,29898.0,2199.099395,,114883.0,,,1.2888806866,,,284.45596753262,,,258.54946573195997,,,310.36246933328,,284.45596753262,258.54946573195997,310.36246933328,598477.4188659176,,,284.45596753262,598477.4188659176,0.07355339470867617,,3.8424978259415346,,20.01730613639433
Sint-Maarten,Sint-Maarten,SXM,Netherlands,Caribbean,SIDS,42749.0,504.6385051,1408101898.58837,693003.0,,,24.0978992544,0.0539361904,,5318.40636544608,9.902684557439999,,4834.03859043264,9.109822558560001,,5802.774140459521,10.69554655632,5328.30905000352,4843.1484129912005,5813.4696870158405,11210426.25621954,,,5328.30905000352,11210426.25621954,0.011804685609020094,32938.82660619827,16.210975695337904,,262.2383273578222
Slovakia,Slovakia,SVK,Slovakia,Europe,Developed economies,5518055.0,49037.64322,104288234772.80817,30739160.0,,,,,,,,,,,,,,,,,,,,,,0.008886762313895022,18899.455473497124,5.570651253023031,,
Slovenia,Slovenia,SVN,Slovenia,Europe,Developed economies,2118396.0,20436.23849,54387934678.43866,11328390.0,,2.2113830746,0.0849964019,,371.5123565328,18.75870589933,,356.03267501060003,17.05027822114,,386.992038055,20.467133577520002,,390.27106243213,373.08295323174,407.45917163252,821105.706195656,,,390.27106243213,821105.706195656,0.00964703411921095,25674.111298566775,5.347626222859182,,0.3876072774852558
Solomon Islands,Solomon Islands,SLB,Solomon Islands,Oceania,SIDS,800005.0,1631260.53,1554171854.3442566,302829.0,398502310.2725,,1253.8889659394,525.650041244,,276733.2947828256,96509.3475723984,,251530.1265674436,88782.2919661116,,301936.4629982075,104236.40317868521,373242.642355224,340312.41853355523,406172.8661768927,785278984.1079129,6872945.0,14460242895.539608,7246187.642355224,15245521879.64752,2.0390629183567603,1942.7026760385957,0.378533884163224,498.124774560784,19056.783244664122
South Africa,South Africa,ZAF,South Africa,Africa,Developing economies,63212384.0,2292218.116,362876816124.89606,401893100.0,125168886492.85648,61.2951236623,405.561115167,26.5433526972,10297.5807752664,89507.3381173569,4873.35955520592,9868.5149096303,81355.5597025002,4483.17227055708,10726.6466409025,97659.11653221361,5263.54683985476,104678.27844782922,95707.24688268758,113649.31001297088,220236497.19916853,15000000.0,31559054151.181793,15104678.27844783,31779290648.380962,0.03626216843838701,5740.596907797309,6.357822226733293,1980.1323502188507,502.73836608315486
South Georgia and the South Sandwich Islands,South Georgia and the South Sandwich Islands,SGS,United Kingdom,Americas,Developing economies,,1241743.427,,,,,,,,,,,,,,,,,,,,,,,,,,,,
South Korea,South Korea,KOR,South Korea,Asia,Developed economies,51748739.0,448099.2543,1764487367948.6982,577416640.0,,,,,,,,,,,,,,,,,,1855368.0,3903577278.8246574,1855368.0,3903577278.8246574,0.008659133786815558,34097.20511158153,11.158081359238532,,75.43328309554862
South Sudan,South Sudan,SSD,South Sudan,Africa,LDCs,11483374.0,632552.3626,,1580456.0,,,,,,,,,,,,,,,,,,,,,,0.055084190639440984,,0.1376299335021223,,
Spain,Spain,ESP,Spain,Europe,Developed economies,47911579.0,1060247.985,1356724567298.0457,221615650.0,,881.5859162822,1037.8186489336,,148106.4339354096,229046.57581964548,,141935.3325214342,208186.42097608015,,154277.535349385,249906.73066321085,,377153.00975505507,350121.75349751435,404184.26601259585,793506150.5427318,11421840.0,24030831137.742283,11798993.009755054,24824337288.285015,0.022129264097098533,28317.258491899123,4.6255133858143145,,518.1281395105975
Sri Lanka,Sri Lanka,LKA,Sri Lanka,Asia,Developing economies,22971617.0,599363.0095,87457721050.97073,20317522.0,46587994907.751,,2867.8565481386,181.1910531588,,632935.9401741889,33266.67735995568,,575292.0235566031,30603.168878521323,,690579.8567917749,35930.18584139004,666202.6175341445,605895.1924351244,726510.0426331649,1401648298.8279414,7658827.0,16113689068.50221,8325029.617534145,17515337367.33015,0.026091459277768736,3807.207870955307,0.8844619862850752,2028.0677197321809,762.4773374608392
Sudan,Sudan,SDN,Sudan,Africa,LDCs,50042791.0,1915608.674,42271302948.33769,20001454.0,17048329624.520498,,4439.9415764222,6.3654840695,,979895.1059163796,1168.7028751602,,890652.2802302934,1075.13025933855,,1069137.931602466,1262.27549098185,981063.8087915397,891727.4104896319,1070400.2070934477,2064096391.161124,,,981063.8087915397,2064096391.161124,0.03827941319260151,844.7031451210963,0.399687019854668,340.6750359811166,41.246628133932894
Suriname,Suriname,SUR,Suriname,Americas,SIDS,628886.0,278588.9878,4505628350.6704035,2647446.0,3055909888.8585,,,806.2228176422,,,148022.50931910792,,,136171.0338997676,,,159873.98473844826,148022.50931910792,136171.0338997676,159873.98473844826,311430025.8130359,699754.0,1472238291.9004042,847776.509319108,1783668317.7134402,0.44298805793100815,7164.4596169582455,4.20973912601012,4859.242992940692,2836.234735251604
Svalbard,Svalbard,SJM,Norway,Europe,Developed economies,,857624.7462000002,,,,,,,,,,,,,,,,,,,,,,,,,,,,
Swaziland,Swaziland,SWZ,Swaziland,Africa,Developing economies,1230506.0,17367.387,5055738006.206263,1104210.0,936719142.228,,,,,,,,,,,,,,,,,,,,,0.014114020573650188,4108.665870955739,0.8973625484150423,761.2471147869251,
Sweden,Sweden,SWE,Sweden,Europe,Developed economies,10551494.0,605471.911,585008905028.7357,36556280.0,,50.0187173763,33.8751010946,,8403.1445192184,7476.234811578219,,8053.0134975843,6795.34527957676,,8753.2755408525,8157.12434357968,,15879.379330796619,14848.35877716106,16910.39988443218,33409212.81251782,,,15879.379330796619,33409212.81251782,0.057382576438938404,55443.229653424976,3.4645596159178975,,3.166301645294763
Switzerland,Switzerland,CHE,Switzerland,Europe,Developed economies,8870561.0,41270.47734,795978145781.8705,32737300.0,,,,,,,,,,,,,,,,,,,,,,0.004652521677039366,89732.55984394567,3.6905557607912285,,
Syria,Syria,SYR,Syria,Asia,Developing economies,23594623.0,197867.8245,15674500383.098156,25503272.0,3681034753.675501,,,,,,,,,,,,,,,,,11500.0,24195274.84923937,11500.0,24195274.84923937,0.008386140541427596,664.3251042026887,1.0808933882944431,156.01159440756908,1.0254571496751346
Taiwan,Taiwan,TWN,Taiwan,Asia,Developing economies,23317145.0,391613.4811,,261152590.0,,46.0495839507,1241.9345545891,1.5645513068,7736.3301037176,274094.9561978143,287.25161992848,7413.9830160627,249132.07165057343,264.25271571852005,8058.6771913725,299057.8407450553,310.25052413844,282118.5379214604,256810.30738235466,307426.76846056624,593559614.3543735,2564714.0,5395996533.88627,2846832.5379214603,5989556148.240643,0.01679508709578295,,11.2000242739838,,256.87347864589094
Tajikistan,Tajikistan,TJK,Tajikistan,Asia,Developing economies,10389799.0,142400.8008,14619564549.61737,9054525.0,5188938214.2585,,,,,,,,,,,,,,,,,,,,,0.013705828264820138,1407.107543622102,0.8714822105798197,499.4262366633368,
Tanzania,Tanzania,TZA,Tanzania,Africa,LDCs,66617606.0,1182382.508,70643261677.63626,18066046.0,26121455529.1915,,45.7689915576,1098.6138344444,,10101.21643676232,201705.50000399185,,9181.25970645456,185555.87663765918,,11021.173167070081,217855.12337032452,211806.7164407542,194737.13634411374,228876.2965373946,445627975.58251786,3000000.0,6311810830.236359,3211806.716440754,6757438805.818876,0.017748799138774213,1060.429305694898,0.27119026162543275,392.11039089563656,101.43623002331961
Thailand,Thailand,THA,Thailand,Asia,Developing economies,71702435.0,812462.5612,458437321749.60815,264388640.0,146187785724.337,,1822.151861586,2505.6032262862,,402148.91585203016,460028.7523461463,,365523.66343415156,423196.3849197392,,438774.1682699088,496861.1197725535,862177.6681981764,788720.0483538908,935635.2880424623,1813967447.9070597,339451.0,714183499.3781873,1201628.6681981764,2528150947.285247,0.011331031661616513,6393.608832804745,3.6873035064987683,2038.812011395945,35.258927361187204
Togo,Togo,TGO,Togo,Africa,LDCs,9304337.0,72151.4315,8344824334.036601,2620035.0,2548283001.115,,189.8178308684,0.1620513089,,41892.79527265588,29.752620314039998,,38077.45687220104,27.37046607321,,45708.13367311072,32.13477455487,41922.54789296992,38104.82733827425,45740.26844766559,88202397.2739833,0.0,0.0,41922.54789296992,88202397.2739833,0.007754602128018364,896.8746869375648,0.2815928743767557,273.881201972263,9.479707933406035
Tokelau,Tokelau,TKL,New Zealand,Oceania,Developing economies,2397.0,320755.744,,,,,,,,,,,,,,,,,,,,,,,,133.81549603671257,,,,
Tonga,Tonga,TON,Tonga,Oceania,SIDS,104597.0,666812.0242,465555896.912722,199331.0,148322391.443,,3684.5884327113,10.3884450631,,813188.6670993839,1907.31851358516,,739128.4396018868,1754.6083711575902,,887248.894596881,2060.02865601273,815095.985612969,740883.0479730443,889308.9232528937,1714910556.5580387,1375546.0,2894062046.762767,2190641.985612969,4608972603.320806,6.375058789449028,4450.948850471065,1.905704752526363,1418.036764371827,44064.09938450248
Trinidad and Tobago,Trinidad and Tobago,TTO,Trinidad and Tobago,Caribbean,SIDS,1502932.0,81719.32345,22128014027.032578,34317936.0,,,1.1171760354,81.893051038,,246.56075101277997,15035.5641705768,,224.10551270124,13831.7363203182,,269.01598932432,16239.3920208354,15282.124921589579,14055.84183301944,16508.40801015972,32152627.196371354,344084.0,723931039.2370157,359366.12492158957,756083666.433387,0.05437326735341319,14723.230343776417,22.833991158615294,,503.0724386954214
Trinidade,Trindade,,Brazil,,,,472492.5991,,,,,,,,,,,,,,,,,,,,,,,,,,,,
Tristan Da Cunha,Tristan da Cunha,SHN,United Kingdom,Africa,Developing economies,,758352.7671000002,,,,,,,,,,,,,,,,,,,,,,,,,,,,
Tromelin Island,Ile Tromelin,,France,,,,274562.3249,,,,,,,,,,,,,,,,,,,,,,,,,,,,
Tunisia,Tunisia,TUN,Tunisia,Africa,Developing economies,12200431.0,254795.9371,48611794724.78902,32792874.0,31165416031.301,,4988.2407528023,,,1100904.7341434676,,,1000641.0950121414,,,1201168.373274794,,1100904.7341434676,1000641.0950121414,1201168.373274794,2316234141.341739,1000000.0,2103936943.4121194,2100904.7341434676,4420171084.753859,0.020884175083650734,3984.4325765859435,2.6878455359486892,2554.4520543004587,362.2963061513039
Turkey,Turkey,TUR,Turkey,Asia,Developing economies,87270501.0,1042327.031,1248351176123.3855,432077340.0,377381075966.62,255.955139949,0.260049809,,43000.463511432,57.392992846300004,,41208.777531789,52.1659916854,,44792.149491075,62.619994007200006,,43057.856504278294,41260.943523474394,44854.76948508219,90591015.00348893,370398.0,779294035.9659623,413455.8565042783,869885050.9694512,0.011943635238211821,14304.388789098226,4.951012484734103,4324.268471503561,9.967687145160896
Turkmenistan,Turkmenistan,TKM,Turkmenistan,Asia,Developing economies,7364438.0,550026.2555,58034964683.20005,63362624.0,2957899449.476,,,,,,,,,,,,,,,,,,,,,0.07468679286864795,7880.4336031072635,8.603864137358478,401.646323789541,
Turks and Caicos Islands,Turks and Caicos Islands,TCA,United Kingdom,Caribbean,SIDS,46198.0,92016.57957,939974780.1068252,370590.0,,,951.9578942212,151.8826173705,,210097.10725461884,27885.648549223795,,190962.75358077273,25652.97407387745,,229231.46092846498,30118.32302457015,237982.75580384262,216615.72765465017,259349.78395303513,500700711.8307295,,,237982.75580384262,500700711.8307295,1.9917870810424694,20346.655268774088,8.021775834451708,,10838.14692910363
Tuvalu,Tuvalu,TUV,Tuvalu,Oceania,SIDS,9816.0,753174.5746000002,46855113.83529816,11500.0,,,,0.0891171497,,,16.36190868492,,,15.05188658433,,,17.67193078551,16.36190868492,15.05188658433,17.67193078551,34424.42414693879,2347440.0,4938865738.443346,2347456.361908685,4938900162.867493,76.72927614099432,4773.340855266723,1.171556642216789,,503147.9383524341
Uganda,Uganda,UGA,Uganda,Africa,LDCs,48656601.0,241519.178,46456943698.42431,5613657.0,14642067313.2755,,,,,,,,,,,,,,,,,,,,,0.004963749481802069,954.7922120253387,0.11537297888933919,300.9266371334796,
Ukraine,Ukraine,UKR,Ukraine,Europe,Developed economies,37732836.0,734668.3492000002,76141822182.01428,136460590.0,133367338666.3615,,5963.4948513879,,,1316143.3137013095,,,1196277.0671884126,,,1436009.5602142063,,1316143.3137013095,1196277.0671884126,1436009.5602142063,2769082540.521031,,,1316143.3137013095,2769082540.521031,0.01947026587664919,2017.9194106166385,3.616494397611672,3534.5166916783432,73.38654694603477
United Arab Emirates,United Arab Emirates,ARE,United Arab Emirates,Asia,Developing economies,10642081.0,122931.7161,446126441632.29236,229383650.0,,47.7634807019,1021.6823402571,73.8624741473,8024.2647579192,225485.29249474197,13561.15025344428,7689.9203930059,204949.47745557426,12475.37188347897,8358.6091228325,246021.1075339097,14646.928623409593,247070.70750610545,225114.76973205913,269026.6452801518,519821189.15706533,,,247070.70750610545,519821189.15706533,0.011551473447721363,41920.97782682657,21.55439805429032,,48.84582152278914
United Kingdom,United Kingdom,GBR,United Kingdom,Europe,Developed economies,68682962.0,972473.4921,3212799884330.5967,305146340.0,,562.1590147976,149.3221128348,,94442.7144859968,32955.39030264036,,90507.6013824136,29954.01583466088,,98377.82758958,35956.76477061984,,127398.10478863715,120461.61721707448,134334.59236019984,268037579.18550214,19729141.0,41508868611.68672,19856539.10478864,41776906190.87222,0.014158875269531912,46777.24708976,4.442824408184376,,608.2572005393743
United States,United States,USA,United States,Americas,Developed economies,343477335.0,10392443.11,21776284673936.2,4911391000.0,,17161.8447007787,0.0,2299.9444099495,2883189.9097308214,0.0,422269.7936667282,2763056.9968253705,0.0,388460.61084047053,3003322.8226362723,0.0,456078.97649298585,3305459.7033975497,3151517.607665841,3459401.799129258,6954478784.938171,79645600.0,167569320220.22427,82951059.70339754,174523799005.16245,0.030256561499174318,63399.48070790814,14.299024999713591,,508.10863256861603
United States Virgin Islands,United States Virgin Islands,VIR,United States,Caribbean,SIDS,85701.0,38636.04954,3800802294.557097,,,1.2639190068,83.5975913652,2.5984045131,212.33839314239998,18449.988414299638,477.06706860516005,203.4909600948,16769.67682785912,438.87052226259004,221.18582618999997,20130.30000074016,515.26361494773,19139.393876047197,17412.03831021651,20866.74944187789,40268077.85033137,,,19139.393876047197,40268077.85033137,0.45082378898729303,44349.567619480484,,,469.86707098320176
Uruguay,Uruguay,URY,Uruguay,Americas,Developing economies,3388081.0,320452.6077,61988013788.33545,7865945.0,,24.8173503336,,,4169.3148560448,,,3995.5934037096,,,4343.03630838,,,4169.3148560448,3995.5934037096,4343.03630838,8771975.554349637,839758.0,1766797879.7258747,843927.3148560448,1775569855.2802243,0.09458233368682743,18295.90667647422,2.321651991200919,,524.0635791411788
Uzbekistan,Uzbekistan,UZB,Uzbekistan,Asia,Developing economies,35652307.0,447320.9324,131234217776.52875,124768440.0,44684185475.818,,,,,,,,,,,,,,,,,,,,,0.01254675980435151,3680.9460262004573,3.499589521654237,1253.3322310900667,
Vanuatu,Vanuatu,VUT,Vanuatu,Oceania,SIDS,320409.0,638186.3255,842026927.6678325,226164.0,355351113.885,,1237.7259297573,15.7118828801,,273166.1126974361,2884.7016967863597,,248287.82150931438,2653.73701844889,,298044.40388555784,3115.66637512383,276050.81439422246,250941.55852776326,301160.0702606817,580793506.6630067,1444133.0,3038364769.900574,1720183.8143942226,3619158276.563581,1.9917865150479543,2627.9752680724714,0.7058603222755915,1109.054720326208,11295.432639418934
Vatican City,Vatican City,VAT,Vatican City,,,496.0,0.566205694,,,,,,,,,,,,,,,,,,,,,,,,0.0011415437379032258,,,,
Venezuela,Venezuela,VEN,Venezuela,Americas,Developing economies,28300854.0,1383023.211,,99568900.0,,,1286.2564828806,2858.525647631,,283876.8057717484,524825.3089050516,,258023.05046584836,482804.9818848759,,309730.5610776485,566845.6359252273,808702.1146768,740828.0323507243,876576.1970028759,1701458255.2840238,,,808702.1146768,1701458255.2840238,0.04886860343507655,,3.5182295205649976,,60.12038559981348
Vietnam,Vietnam,VNM,Vietnam,Asia,Developing economies,100352192.0,1079093.76,377364153384.1669,334726080.0,107096414267.2795,2.579936269,233.6156203233,1840.2533163553,433.429293192,51558.967405352305,337870.50888283306,415.369739309,46863.29343685398,310818.7851324102,451.488847075,56254.64137385064,364922.232633256,389862.9055813774,358097.44830857316,421628.3628541817,820246969.9186509,4154377.0,8740547247.16161,4544239.905581377,9560794217.080261,0.010753066161225457,3760.397713925042,3.3355133886861186,1067.2055301719718,95.27240039839151
Wake Island,Wake Island / Enenkio,UMI,United States,Oceania,Developed economies,,406978.1513000001,,,,,,,,,,,,,,,,,,,,,,,,,,,,
Wallis and Futuna,Wallis and Futuna,WLF,France,Oceania,Developing economies,11370.0,250790.027,,30666.0,,,,0.2936241421,,,53.90939248956,,,49.59311760069,,,58.22566737843,53.90939248956,49.59311760069,58.22566737843,113421.96245568912,,,53.90939248956,113421.96245568912,22.057170360598064,,2.6970976253298153,,9.975546390122174
Western Sahara,Western Sahara,ESH,Western Sahara,Africa,Developing economies,579729.0,553988.0766,,,,,,,,,,,,,,,,,,,,,,,,0.955598351298624,,,,
Yemen,Yemen,YEM,Yemen,Asia,LDCs,39390799.0,980397.204,,10034892.0,5498681798.2215,,5455.8421478658,15.4146862912,,1204104.362033982,2830.13640306432,,1094441.9348618796,2603.5405145836803,,1313766.7892060848,3056.7322915449604,1206934.4984370463,1097045.4753764633,1316823.5214976298,2539314079.540279,,,1206934.4984370463,2539314079.540279,0.024888990040542208,,0.2547521821022214,139.5930506060946,64.46465022301982
Yemen,Yemen,YEM,Yemen,Asia,LDCs,39390799.0,980397.204,,10034892.0,5498681798.2215,,5455.8421478658,15.4146862912,,1204104.362033982,2830.13640306432,,1094441.9348618796,2603.5405145836803,,1313766.7892060848,3056.7322915449604,1206934.4984370463,1097045.4753764633,1316823.5214976298,2539314079.540279,,,1206934.4984370463,2539314079.540279,0.024888990040542208,,0.2547521821022214,139.5930506060946,64.46465022301982
Zambia,Zambia,ZMB,Zambia,Africa,LDCs,20723965.0,751191.6791,27712400006.14794,7748922.0,22332092742.977,,,,,,,,,,,,,,,,,,,,,0.03624748831123774,1337.2151519339056,0.3739111699908777,1077.5974936734838,
Zimbabwe,Zimbabwe,ZWE,Zimbabwe,Africa,Developing economies,16340822.0,390689.6313,23052145847.33067,11164030.0,10731107193.0785,,,,,,,,,,,,,,,,,,,,,0.023908811398839054,1410.7090724891727,0.6831988011374214,656.7054700845833,
Overlapping Claims,,,,,,,397679.20127355994,,,,,,,,,,,,,,,,,,,,,,,,,,,,
Joint Regimes,,,,,,,377047.05997778,,,,,2.1668535853,,,478.22458627571,,,434.67082921118003,,,521.7783433402401,,478.22458627571,434.67082921118003,521.7783433402401,1006154.3743134427,,,478.22458627571,1006154.3743134427,,,,,
