country_name,TERRITORY1,ISO,SOVEREIGN1,Continent,Groups,Population,Area_EEZ_KM2,GDP,CO2_emissions_2023,Debt (2015 US$),saltmarshes_area_km2,seagrasses_area_km2,mangroves_area_km2,uptake_total_partial,uptake_salt_mean,uptake_salt_se,uptake_seag_mean,uptake_seag_se,uptake_mang_mean,uptake_mang_se,uptake_total_mean,uptake_total_se,BCP Seq (tC),cBCW,cBCW_se,oBCW,oBCW_se,Total BCseq,Total BCseq_se,Total BCW,Total BCW_se,Area_EEZ_KM2_per_capita,GDP_per_capita,CO2_emissions_2023_per_capita,Debt (2015 US$)_per_capita,Total BCW_per_capita
"Abu musa, Greater and Lesser Tunb","Abu musa, Greater and Lesser Tunb",AE,United Arab Emirates,Asia,,,6199.306012,,,,,,,0.0,,,,,,,,,,,,,,,,,,,,,,
Afghanistan,Afghanistan,AFG,Afghanistan,Asia,LDCs,41454761.0,641860.3931,15325233810.138836,11020218.0,2588228316.5025,,,,0.0,,,,,,,,,,,,,,,,,,0.015483393888098884,369.6857354970358,0.2658372098683671,62.43500756167669,
Alaska,Alaska,US-AK,United States,Americas,,,5193058.289,,,,1620.9523537258,150.5064595777,,1.0,272320.0,0.0,32925.2109375,208.3724712108054,,,305245.25,208.3724712108054,,626366528.0,2179778.474854257,,,305245.25,208.3724712108054,626366528.0,2179778.474854257,,,,,
Albania,Albania,ALB,Albania,Europe,Developed economies,2811655.0,40953.54483,14812273860.771984,5144279.0,8579785823.0375,46.5780205364,44.0192567338,,1.0,7825.109,6.905512299990404e-06,9629.7744140625,60.943575097357744,,,17454.880859375,60.943575097357744,77900.0,35835120.0,183495.8676349816,159832690.0,542488.9823575023,95354.8828125,60.943575097357744,195667776.0,678937.5363326485,0.014565636548580818,5268.169053732405,1.8296266789488753,3051.507323280239,69.59167323160203
Algeria,Algeria,DZA,Algeria,Africa,Developing economies,46164219.0,2444283.56,215143978140.21393,178132770.0,5523025799.7245,,40.4831979324,,1.0,,,8856.216796875,56.047987005800394,,,8856.216796875,56.047987005800394,3000000.0,18190912.0,140324.93323779182,6155302000.0,20891744.484315105,3008856.25,56.04798408244479,6173492736.0,20954733.381100386,0.05294757743004382,4660.4054568802285,3.8586761318327514,119.63867080096166,133.728954366151
Alhucemas Islands,Alhucemas Islands,ES-ALH,Spain,Africa,,,14.10069656,,,,,,,0.0,,,,,,,,,,,,,,,,,,,,,,
American Samoa,American Samoa,ASM,United States,Oceania,SIDS,47521.0,406038.4238,662725190.8396946,,,0.0012361478,461.078688911,0.318919196,0.0,0.20767283,0.0,100866.8515625,638.3520652613894,59.08498,0.5182810731287977,100926.140625,638.3511781964338,,207304320.0,1598405.6789637257,,,100926.140625,638.3511781964338,207304320.0,1598405.6789637257,8.544399819027378,13945.943705723672,,,4362.372845689274
Amsterdam and Saint Paul Islands,Amsterdam and Saint Paul Islands,ATF-1,France,Africa,Developing economies,,512251.8623,,,,,,,0.0,,,,,,,,,,,,,,,,,,,,,,
Andaman and Nicobar,Andaman and Nicobar,IN-AN,India,Asia,,,671991.0163,,,,,1646.1551333168,561.3487158309,1.0,,,360117.4375,2279.061218197751,103999.0,912.2574582915892,464116.46875,2453.1168474980586,,952010560.0,6395900.683210396,,,464116.46875,2453.1168474980586,952010560.0,6395900.683210396,,,,,
Andorra,Andorra,AND,Andorra,Europe,Developed economies,80856.0,467.9036281,3216475797.7424917,423874.0,,,,,0.0,,,,,,,,,,,,,,,,,,0.005786875780399723,39780.29828018319,5.242332047096072,,
Angola,Angola,AGO,Angola,Africa,LDCs,36749906.0,1742905.72,85610610955.54346,20780540.0,43058970650.1525,,592.8554747721,280.6529351198,1.0,,,129694.7109375,820.7937678144394,51995.53,456.0939213399518,181690.234375,938.1813845534966,12000000.0,372548032.0,2458276.0124602774,24621208000.0,83566977.93726042,12181691.0,938.1813845534966,24993755136.0,84864419.5492871,0.04742612729403988,2329.5463927320916,0.5654583170906614,1171.6756676915718,680.1039201569658
Anguilla,Anguilla,AIA,United Kingdom,Caribbean,SIDS,14410.0,90247.35378,,144530.0,,,15.0100055743,0.0352719381,1.0,,,3283.63037109375,20.78098247873856,6.5347013,0.057321033203723545,3290.165283203125,20.78094404163976,,6758007.5,52049.63762749045,,,3290.165283203125,20.78094404163976,6758007.5,52049.63762749045,6.262828159611382,,10.029840388619014,,468.9803955586398
Antarctica,,ATA,,,,,12524451.06,,,,,,,0.0,,,,,,,,,,,,,,,,,,,,,,
Antigua and Barbuda,Antigua and Barbuda,ATG,Antigua and Barbuda,Caribbean,SIDS,93316.0,112003.5377,1688158621.5782309,644826.0,,,249.6354414798,8.691842744,1.0,,,54610.9453125,345.6141017507336,1610.3058,14.12526405538076,56221.24609375,345.87361725409994,216760.0,115459896.0,871087.0324402928,444741100.0,1509498.1710548797,272981.28125,345.87361725409994,560201024.0,2058186.8120486483,1.20026080950748,18090.773517705762,6.910133310471945,,6003.268721333962
Argentina,Argentina,ARG,Argentina,Americas,Developing economies,45538401.0,3850468.218,589035991825.9438,195805970.0,200956281075.8405,1187.2151242691,,,1.0,199452.17,0.00022097639359969294,,,,,199452.171875,0.00022097639359969294,10463247.0,409229408.0,1388967.8390231107,21468150000.0,72865161.26094945,10662699.0,0.0,21877377024.0,74254128.92354438,0.08455431313892642,12934.929178254279,4.299798976253031,4412.897173878383,480.4160124989896
Armenia,Armenia,ARM,Armenia,Asia,Developing economies,2943393.0,29732.93033,15463065783.758963,7608323.0,11958318306.017,,,,0.0,,,,,,,,,,,,,,,,,,0.010101583556799925,5253.483236441401,2.5848818013768464,4062.76644199976,
Aruba,Aruba,ABW,Netherlands,Caribbean,SIDS,107939.0,30196.5565,3458629980.6177616,867180.0,,,33.0869116778,0.4329422039,1.0,,,7238.18408203125,45.808012179301016,80.20961,0.703581886757731,7318.39453125,45.811967999864414,,15031181.0,114956.96649231692,,,7318.39453125,45.811967999864414,15031181.0,114956.96649231692,0.2797557555656435,32042.449722693018,8.033982156588444,,139.25625584821057
Ascension,Ascension,SHN-1,United Kingdom,Africa,Developing economies,5289.0,446104.7597,,11118.0,,,,,0.0,,,,,,,,,,,,,,,,,,84.34576662885233,,2.1020986954055587,,
Australia,Australia,AUS,Australia,Oceania,Developed economies,26451124.0,14559566.31,1634027215240.6533,382972000.0,,13186.5855516723,41065.9087326225,10036.8835398962,0.0,2215346.2,0.0017678111487975435,8983693.0,56854.738050033644,1859496.4,16311.112871051682,13058536.0,59115.98453502023,55272322.0,26794385408.0,161252474.67686218,113405940000.0,384911741.49018705,68330848.0,59115.98453502023,140200329216.0,494659412.06115025,0.5504328024018942,61775.34138967604,14.47847736073522,,5300.35431447072
Austria,Austria,AUT,Austria,Europe,Developed economies,9130429.0,83989.03008,418735512774.00745,58578050.0,,,,,0.0,,,,,,,,,,,,,,,,,,0.009198804358480856,45861.53758755558,6.415695253749851,,
Azerbaijan,Azerbaijan,AZE,Azerbaijan,Asia,Developing economies,10318207.0,166590.1638,57383526259.1424,43936972.0,10972173049.3025,,,,0.0,,,,,,,,,,,,,,,,,,0.016145262815525994,5561.3854479894035,4.258198347833107,1063.379814855672,
Azores,Azores,PT-20,Portugal,Europe,,,962788.3495,,,,,,,0.0,,,,,,,,,,,,,,,,,,,,,,
Bahamas,Bahamas,BHS,Bahamas,Caribbean,SIDS,399440.0,633060.0463,12404130127.191605,2505352.0,,,79757.0,1497.9220880028,1.0,,,17447864.0,110421.59734454987,277514.5,2434.2991502373166,17725376.0,110443.42164760843,1015260.0,36404948992.0,277407132.82197255,2083077100.0,7070183.963609884,18740636.0,110443.42164760843,38488027136.0,280670149.1353281,1.5848689322551572,31053.800638873436,6.27216102543561,,96354.96479070699
Bahrain,Bahrain,BHR,Bahrain,Asia,Developing economies,1569666.0,8272.090041,36743087753.01661,36526764.0,,,535.7478652347,0.5836400717,1.0,,,117201.6875,741.7297004235872,108.12885,0.9484836008371745,117309.8125,741.7283714871728,,240956240.0,1857385.7859684548,,,117309.8125,741.7283714871728,240956240.0,1857385.7859684548,0.005269968286883961,23408.22044499697,23.270405296413376,,153.50796921128443
Bajo Nuevo Bank,Bajo Nuevo Bank,CO-BN,Colombia,Caribbean,,,1553.214326,,,,,,,0.0,,,,,,,,,,,,,,,,,,,,,,
Bangladesh,Bangladesh,BGD,Bangladesh,Asia,LDCs,171466990.0,250237.1507,323279975125.39056,113426860.0,76592831348.9265,,,4482.3272145269,1.0,,,,,830424.2,7284.307300162424,830424.1875,7284.307300162424,1770446.0,1695353984.0,16998592.856973264,3632543200.0,12329235.334620645,2600870.0,7284.307300162424,5327897088.0,24094449.12547358,0.0014593896510342894,1885.3773261278486,0.6615084337807527,446.6914089349005,31.07243608813568
Barbados,Barbados,BRB,Barbados,Caribbean,SIDS,282336.0,185441.1234,4988546956.990095,1191738.0,,,89.6291679305,0.1084302472,1.0,,,19607.52734375,124.08936293244336,20.08847,0.1762118612097425,19627.61328125,124.08913054097816,604947.0,40315408.0,310742.0982810399,1241210500.0,4212799.447972014,624574.625,124.08913054097816,1281525760.0,4360433.214492068,0.6568100539782388,17668.830602509403,4.220992009520571,,4539.0094072311
Bassas da India,Bassas da India,ATF-2,France,Africa,Developing economies,,120802.1517,,,,,,,0.0,,,,,,,,,,,,,,,,,,,,,,
Belarus,Belarus,BLR,Belarus,Europe,Developed economies,9115680.0,207594.6878,59501256894.3374,56490772.0,27711930772.4725,,,,0.0,,,,,,,,,,,,,,,,,,0.022773362799045162,6527.352528208253,6.197099064469135,3040.028914186599,
Belgium,Belgium,BEL,Belgium,Europe,Developed economies,11712893.0,34122.1657,523542297257.96826,83368480.0,,4.8730908933,,,1.0,818.6794,8.631890374988005e-07,,,,,818.6793823242188,8.631890374988005e-07,,1679739.25,5701.212599118217,,,818.6793823242188,8.631890374988005e-07,1679739.25,5701.212599118217,0.002913214156400131,44697.94928186984,7.11766768466168,,0.14340942498151396
Belize,Belize,BLZ-1,Belize,Americas,SIDS,411106.0,54990.19842,2623271102.7779083,667898.0,1139988999.6995,,4692.2744180261,519.3732934924,1.0,,,1026495.0,6496.33824615815,96222.375,844.0425273814355,1122717.375,6549.218463515779,32900.0,2304891904.0,16687845.556593966,67503144.0,229112.7932414152,1155617.375,6549.218463515779,2372395008.0,16797698.897210114,0.13376160508481996,6381.009040923529,1.6246369549459263,2772.98069038034,5770.762304612435
Benin,Benin,BEN,Benin,Africa,LDCs,14111034.0,150707.2389,17831064526.399136,5592317.0,9424478544.143,,1342.7526594473,28.8436640741,1.0,,,293744.28125,1859.0079419730125,5343.7593,46.87433669900885,299088.0625,1859.5024611804301,1000000.0,614268416.0,4672754.757042182,2051767300.0,6963914.8730173595,1299088.125,1859.5024611804301,2666035968.0,9988124.183211336,0.01068009891408383,1263.625651132237,0.3963080947859668,667.8800819375107,188.9327152071209
Bermuda,Bermuda,BMU,United Kingdom,Americas,SIDS,64697.99999999999,464453.075,7150073873.987644,522532.0,,,,0.2094120034,1.0,,,,,38.79699,0.3403190721272357,38.79698944091797,0.3403190721272357,,79206.0703125,794.1654390253627,,,38.79698944091797,0.3403190721272357,79206.0703125,794.1654390253627,7.178785665708369,110514.60437706954,8.076478407369626,,1.224242948970602
Bhutan,Bhutan,BTN,Bhutan,Asia,Developing economies,786385.0,40035.13991,2610564317.156727,1713060.0,2468148408.7755,,,,0.0,,,,,,,,,,,,,,,,,,0.05091035550016849,3319.7025848111634,2.1783986215403397,3138.6005694100218,
Bolivia,Bolivia,BOL,Bolivia,Americas,Developing economies,12244159.0,1082640.856,39256060138.67176,23359406.0,12311737700.156,,,,0.0,,,,,,,,,,,,,,,,,,0.08842100596700843,3206.1050610884554,1.9077999558810042,1005.5192602575645,
Bonaire,Bonaire,BES-1,Netherlands,Caribbean,Developing economies,29898.0,13290.22322,,114883.0,,,2.610121266,1.8399214185,1.0,,,570.997314453125,3.6136484558902704,340.8755,2.990088104277793,911.872802734375,4.685578023261442,,1868759.0,12262.973957699538,,,911.872802734375,4.685578023261442,1868759.0,12262.973957699538,0.4445188046023145,,3.8424978259415346,,62.504481905144154
Bosnia and Herzegovina,Bosnia and Herzegovina,BIH,Bosnia and Herzegovina,Europe,Developed economies,3185073.0,50997.81703,20616871525.35991,20179128.0,10577693977.0655,,,,0.0,,,,,,,,,11.0,,,22569.44,76.6030699494236,11.0,0.0,22569.439453125,76.6030699494236,0.01601150649608345,6472.966718615212,6.3355307711942555,3321.020892477347,0.007086003822557599
Botswana,Botswana,BWA,Botswana,Africa,Developing economies,2480244.0,578166.1667,17946366788.711197,6713559.0,1569505737.6075,,,,0.0,,,,,,,,,,,,,,,,,,0.23310858395383677,7235.726319148921,2.70681392637176,632.8029571314355,
Bouvet,Bouvet,BVT,Norway,Americas,Developing economies,,50.71955487,,,,,,,0.0,,,,,,,,,,,,,,,,,,,,,,
Brazil,Brazil,BRA,Brazil,Americas,Developing economies,211140729.0,11678266.58,1954752120905.4956,486470080.0,458372194823.915,59.6879211643,426.4758433232,11375.5504338577,0.0,10027.57,0.0,93297.03125,590.445258384143,2107506.2,18486.60422628391,2210831.0,18494.816791262747,12626309.0,4514792448.0,43421236.23616222,25906248000.0,87928542.2484293,14837141.0,18494.816791262747,30421039104.0,110776432.47966029,0.05531034507321418,9258.05329063487,2.3040087163855536,2170.9321408278124,144.0794452499972
British Virgin Islands,British Virgin Islands,VGB,United Kingdom,Caribbean,SIDS,38985.0,81722.13214,,185295.0,,,40.8966706624,0.9839715953,1.0,,,8946.6689453125,56.620432658800155,182.29678,1.5990691827161685,9128.966796875,56.63971944290445,,18748874.0,142392.17904801908,,,9128.966796875,56.63971944290445,18748874.0,142392.17904801908,2.096245533923304,,4.752981916121585,,480.92533025522636
Brunei,Brunei,BRN,Brunei,Asia,Developing economies,458949.0,48853.87613,13183357642.33033,11769600.0,,,,109.8247266832,1.0,,,,,20346.822,178.47805624095074,20346.822265625,178.47805624095074,284649.0,41539092.0,416494.75468443794,584033500.0,1982271.4153262277,304995.8125,178.47805624095074,625572608.0,2157017.0779481498,0.10644728745459735,28725.103752988525,25.644679474189942,,1363.0547359292646
Bulgaria,Bulgaria,BGR,Bulgaria,Europe,Developed economies,6795803.0,145697.603,62887874404.35671,36093596.0,,0.3155953668,,,1.0,53.02002,0.0,,,,,53.02001953125,0.0,,108784.7421875,369.2268972912512,,,53.02001953125,0.0,108784.7421875,369.2268972912512,0.02143935058152804,9253.928403215443,5.311159843803595,,0.016007636211276283
Burkina Faso,Burkina Faso,BFA,Burkina Faso,Africa,LDCs,23025776.0,273981.2237,17181836771.13557,6186583.0,7850029098.472,,,,0.0,,,,,,,,,,,,,,,,,,0.011898892080770697,746.2001181256853,0.26868076020543236,340.92354144642076,
Burundi,Burundi,BDI,Burundi,Africa,LDCs,13689450.0,26832.74372,3470696161.982592,709700.0,787330246.3165,,,,0.0,,,,,,,,,,,,,,,,,,0.001960103855158534,253.5307234390419,0.051842842480888565,57.513650754157396,
Cambodia,Cambodia,KHM,Cambodia,Asia,LDCs,17423880.0,230091.0526,26312274342.205734,20178442.0,17012872287.2675,,,622.0971799122,1.0,,,,,115253.65,1010.9808074115194,115253.6484375,1010.9808074115194,,235296288.0,2359215.5769845904,,,115253.6484375,1010.9808074115194,235296288.0,2359215.5769845904,0.01320550030188454,1510.127155501859,1.1580911943837997,976.4112406230702,13.504241764750446
Cameroon,Cameroon,CMR,Cameroon,Africa,Developing economies,28372687.0,480130.3404,41854256684.235855,9941406.0,11550952338.9305,,,1970.7793647354,1.0,,,,,365119.03,3202.747682017635,365119.03125,3202.747682017635,0.0,745409472.0,7473902.738330585,0.0,0.0,365119.03125,3202.747682017635,745409472.0,7473902.738330585,0.016922272479867696,1475.160131440348,0.35038648260561295,407.11520692173076,26.27207891871503
Canada,Canada,CAN,Canada,Americas,Developed economies,39299105.0,15700139.08,1779875574624.5852,549299000.0,,1114.0426138559,338.0805509232,,1.0,187159.17,0.00011048819679984647,73959.4375,468.06416852574057,,,261118.59375,468.06416852574057,16890002.0,535921728.0,2105956.175619813,34654350000.0,117620532.4656415,17151120.0,468.0642133327756,35190276096.0,119451383.34708484,0.3995037311918427,45290.48624961269,13.977392106003432,,895.4472651730873
Canary Islands,Canary Islands,ES-CN,Spain,Africa,,,453419.4586,,,,,2062.5431310577,,1.0,,,451207.6875,2855.5402030461555,,,451207.6875,2855.5402030461555,,926792896.0,7149292.819960922,,,451207.6875,2855.5402030461555,926792896.0,7149292.819960922,,,,,
Cape Verde,Cape Verde,CPV,Cape Verde,Africa,SIDS,522331.0,806027.0356,2214881716.0906777,534969.0,1850841876.923,,,,0.0,,,,,,,,,12000000.0,,,24621208000.0,83566977.93726042,12000000.0,0.0,24621207552.0,83566977.93726042,1.5431345939643635,4240.379598550876,1.0241953856845563,3543.427207887336,47137.174611501134
Cayman Islands,Cayman Islands,CYM,United Kingdom,Caribbean,SIDS,73038.0,118567.3013,5697740746.843133,,,,44.9848554788,44.3153331966,1.0,,,9841.0107421875,62.28042234531149,8210.139,72.0176126998594,18051.150390625,95.11540122828448,,36975128.0,246562.46153066482,,,18051.150390625,95.11540122828448,36975128.0,246562.46153066482,1.6233645677592488,78010.63483177432,,,506.24507790465236
Central African Republic,Central African Republic,CAF,Central African Republic,Africa,LDCs,5152421.0,620252.6857,2052368906.1435351,281213.0,770761440.551,,,,0.0,,,,,,,,,,,,,,,,,,0.12038082402427908,398.330979969132,0.05457880868042421,149.5920928338348,
Ceuta,Ceuta,ES-CE,Spain,Africa,,,53.21027835,,,,,,,0.0,,,,,,,,,,,,,,,,,,,,,,
Chad,Chad,TCD,Chad,Africa,LDCs,19319064.0,1270766.578,10957423661.064392,3079389.0,2426601481.3105,,,,0.0,,,,,,,,,,,,,,,,,,0.06577785435153587,567.1819121808588,0.15939638690570102,125.60657603859588,
Chafarinas Islands,Chafarinas Islands,ES-CHAF,Spain,Africa,,,26.11627785,,,,,,,0.0,,,,,,,,,,,,,,,,,,,,,,
Chagos Archipelago,Chagos Archipelago,IO,Republic of Mauritius,Africa,,,647738.231,,,,,,,0.0,,,,,,,,,7522878.0,,,15435194000.0,52388681.18321071,7522879.0,0.007071244595190174,15435194368.0,52388681.18321071,,,,,
Chile,Chile,CHL-1,Chile,Americas,Developing economies,19658835.0,3244211.698,279676771459.2289,77287704.0,,9.2112564191,,,1.0,1547.4908,8.631890374988005e-07,,,,,1547.4908447265625,8.631890374988005e-07,63103556.00000001,3175091.5,10776.596043555335,129473815000.0,439447800.4454388,63105092.0,0.08485493514228208,129476993024.0,439458583.719759,0.1650256334111355,14226.518074912827,3.931448837125903,,6586.198674743442
China,China,CHN,China,Asia,Developing economies,1422584933.0,10340834.12,17173989334581.701,11902503000.0,1827259180805.1423,5421.2208431855,8075.0073487158,206.55837377,0.0,910765.06,0.0,1766511.0,11179.64830419422,38268.31,335.68157427521305,2715544.25,11183.99704332737,5103023.0,5575266816.0,31510378.316230174,10470216000.0,35537015.98482013,7818567.5,11183.99704332737,16045483008.0,60106227.392896086,0.0072690451586555635,12072.382418928446,8.366813624898697,1284.4640333366601,11.279103718723274
Christmas Island,Christmas Island,CXR,Australia,Oceania,Developed economies,,328133.6411,,0.0,,,158.4675802562,,1.0,,,34666.8046875,219.39444397509786,,,34666.8046875,219.39444397509786,,71206576.0,549288.4288019837,,,34666.8046875,219.39444397509786,71206576.0,549288.4288019837,,,,,
Clipperton Island,Clipperton Island,CP,France,Americas,,,435659.2121,,,,,,,0.0,,,,,,,,,,,,,,,,,,,,,,
Cocos Islands,Cocos Islands,CCK,Australia,Oceania,Developed economies,,467456.8656,,,,,215.1809427618,,1.0,,,47073.58203125,297.91270211070884,,,47073.58203125,297.91270211070884,,96690424.0,745871.1612083272,,,47073.58203125,297.91270211070884,96690424.0,745871.1612083272,,,,,
Collectivity of Saint Martin,Collectivity of Saint Martin,MAF,France,Caribbean,Developing economies,27515.0,1155.029918,,,,,48.6839978735,0.0103011623,1.0,,,10650.24609375,67.40179367590699,1.9084584,0.01674059637724574,10652.1552734375,67.40175964305493,,21879794.0,168757.10955238697,,,10652.1552734375,67.40175964305493,21879794.0,168757.10955238697,0.04197819073232782,,,,795.1951299291296
Colombia,Colombia,COL,Colombia,Americas,Developing economies,52321152.0,1855095.355,356793627488.7035,105238664.0,149116408496.23102,,430.8488816356,2784.0928490099,1.0,,,94253.6875,596.4996503069225,515798.62,4524.47736110245,610052.25,4562.412362906849,8714865.0,1246629120.0,10893245.174685521,17880875000.0,60689579.453251615,9324918.0,4562.412215808746,19127504896.0,65647003.704088114,0.035455934819630885,6819.29991695717,2.011398067076199,2850.0215074819266,365.5788178364268
Colombian Exclusive Economic Zone (Quitasueño Bank),Quitasueño Bank,CO-QS,Colombia,Caribbean,,,4008.865682,,,,,,,0.0,,,,,,,,,,,,,,,,,,,,,,
Comores,Comores,COM,Comores,Africa,SIDS,850387.0,166148.6598,1171138792.0164423,448731.0,309052047.451,,1265.1507921094,0.9699378602,1.0,,,276767.90625,1751.5700204881884,179.69682,1.5762627414906154,276947.59375,1751.5674341923996,1000000.0,568855680.0,4385909.774601665,2051767300.0,6963914.8730173595,1276947.5,1751.5675299812006,2620623104.0,9746911.53843594,0.19538005613914605,1377.1833200841997,0.5276785745783978,363.4251787139267,3081.682932594219
Cook Islands,Cook Islands,COK,New Zealand,Oceania,SIDS,14222.0,1969814.156,,72832.0,,,,0.0327153751,1.0,,,,,6.0610576,0.053166322944085284,6.0610575675964355,0.053166322944085284,4756571.0,12373.9619140625,124.06844595723811,9759376000.0,33124354.834895607,4756577.0,0.053193745908050004,9759389696.0,33124395.625021797,138.50472198003092,,5.121080016875264,,686217.8101532836
Costa Rica,Costa Rica,CRI,Costa Rica,Americas,Developing economies,5105525.0,632867.9047,73105190309.2925,8279033.5,29463964312.3475,,,368.211787166,1.0,,,,,68217.24,598.3873249218531,68217.2421875,598.3873249218531,11540220.0,139269040.0,1396391.2188544169,23677846000.0,80365106.64198826,11608438.0,598.3873599703361,23817115648.0,80840831.59743915,0.12395745877260418,14318.838965491796,1.6215831868417059,5770.995992057135,4664.968959705418
Croatia,Croatia,HRV,Croatia,Europe,Developed economies,3896023.0,112170.1033,66407902523.77938,17524080.0,,5.3796232593,299.6174028317,,1.0,903.7766,8.631890374988005e-07,65545.140625,414.81290169691044,,,66448.90625,414.81290169691044,39100.0,136485840.0,1041372.7255373788,80224104.0,272289.06553859747,105548.9140625,414.81290169691044,216709936.0,1189278.0909237887,0.028790924309225075,17045.048893135227,4.49794059223983,,55.62337183327716
Crozet Islands,Crozet Islands,ATF-3,France,Africa,Developing economies,,575821.6657,,,,,,,0.0,,,,,,,,,,,,,,,,,,,,,,
Cuba,Cuba,CUB,Cuba,Caribbean,SIDS,11019931.0,462964.0389,83527267339.32599,23097436.0,,,13906.1906719471,,1.0,,,3042156.75,19252.77755814175,,,3042156.75,19252.77755814175,1736817.0,6248673280.0,48202351.14475136,3563544300.0,12095045.684866656,4778973.5,19252.77755814175,9812218880.0,54681180.199090935,0.04201151884707808,7579.654295414915,2.0959692034369364,,890.4065624367339
Curaçao,Curaçao,CUW,Netherlands,Caribbean,SIDS,185427.0,25838.3905,2608672800.245662,2023421.0,,,,0.4441490499,1.0,,,,,82.28585,0.7217942707922164,82.28585052490234,0.7217942707922164,,167990.828125,1684.3724933704957,,,82.28585052490234,0.7217942707922164,167990.828125,1684.3724933704957,0.13934535153995914,14068.46252296409,10.912224217616636,,0.9059674595662983
Cyprus,Cyprus,CYP,Cyprus,Asia,Developed economies,1344976.0,107717.1685,28577218405.253716,7174221.0,,19.5673118179,69.8778706976,,1.0,3287.3083,0.0,15286.6767578125,96.74418523771268,,,18573.984375,96.74418523771268,491678.99999999994,38144044.0,253258.86206683022,1008810900.0,3424010.7160747238,510253.0,96.74418523771268,1046954880.0,3561581.2142101526,0.08008854321564102,21247.381667222104,5.334088489311333,,778.4190052461903
Czech Republic,Czech Republic,CZE,Czech Republic,Europe,Developed economies,10809716.0,78841.84408,215302078357.6402,85624184.0,,,,,0.0,,,,,,,,,,,,,,,,,,0.007293609201203806,19917.459289183935,7.921039183638127,,
Democratic Republic of the Congo,Democratic Republic of the Congo,COD,Democratic Republic of the Congo,Africa,LDCs,105789731.0,2342345.487,56837576516.86883,4615953.0,8355503187.596001,,,236.3872634144,1.0,,,,,43794.594,384.1570180967252,43794.59375,384.1570180967252,0.0,89408944.0,896465.2863086096,0.0,0.0,43794.59375,384.1570180967252,89408944.0,896465.2863086096,0.02214152039955561,537.2693169705558,0.04363328043626465,78.98217632858902,0.8451571164312726
Denmark,Denmark,DNK,Denmark,Europe,Developed economies,5948136.0,147744.0325,362953266629.8091,27264778.0,,304.3514896613,1182.1938121945,,1.0,51131.06,5.5244098399923235e-05,258620.0,1636.7182592421113,,,309751.03125,1636.7182592421113,16410864.0,636121600.0,4268570.580165358,33671272000.0,114283854.52684434,16720614.0,1636.7182079869392,34307397632.0,116526066.55662051,0.0248387112365958,61019.665090006194,4.583751615632191,,5767.756088966358
Djibouti,Djibouti,DJI,Djibouti,Africa,LDCs,1152944.0,28895.09636,3549091358.5237513,492543.0,2588640346.2765,,,7.0912418152,1.0,,,,,1313.7683,11.524099475596179,1313.768310546875,11.524099475596179,,2682126.0,26892.532841413373,,,1313.768310546875,11.524099475596179,2682126.0,26892.532841413373,0.025062011997113477,3078.2859865906335,0.4272046170499174,2245.2437813775,2.3263280783802163
Dominica,Dominica,DMA,Dominica,Caribbean,SIDS,66510.0,29307.45227,558681739.5701864,163060.0,451592618.9205,,513.932054341,0.0146515174,1.0,,,112429.2109375,711.52623665149,2.7144327,0.023810433538152213,112431.921875,711.52623665149,83700.0,230938224.0,1781426.4277908274,171732910.0,582879.6497932826,196131.921875,711.52623665149,402671136.0,2107100.022824532,0.4406473052172606,8399.966013684956,2.451661404300105,6789.845420545782,6054.294632386107
Dominican Republic,Dominican Republic,DOM,Dominican Republic,Caribbean,SIDS,11331265.0,398851.9321,100365578190.53175,32019646.0,39453754599.5685,,346.6886384632,190.5646372618,1.0,,,75842.5625,479.9818494586545,35305.203,309.68989163550214,111147.7734375,570.6829535239966,613543.0,227860128.0,1496431.4143098276,1258847500.0,4272661.140189285,724690.8125,570.6829535239966,1486707712.0,5208975.419367861,0.035199241399790755,8857.402786937888,2.8257785869450585,3481.8490785952404,131.2040369720415
Doumeira Islands,Doumeira Islands,DJ,Eritrea,Africa,,,245.903579,,,,,,,0.0,,,,,,,,,,,,,,,,,,,,,,
East Timor,East Timor,TLS,East Timor,Asia,SIDS,1384286.0,89659.78377,1851106829.1772978,632121.0,232074948.6145,,334.7823342356,8.5570678111,1.0,,,73237.9140625,463.4979014252721,1585.3364,13.906238440835777,74823.2578125,463.6778874975684,461810.0,153669232.0,1165979.3507320927,947526600.0,3216005.5483073997,536633.25,463.6778648821174,1101195904.0,3886142.9665371734,0.06476969626941254,1337.2285995649004,0.4566404630257042,167.6495670797075,795.497392879795
Easter Island,Easter Island,CL-EI,Chile,Oceania,,,729932.3374,,,,,,,0.0,,,,,,,,,,,,,,,,,,,,,,
Ecuador,Ecuador,ECU,Ecuador,Americas,Developing economies,17980083.0,484248.1905,112162610913.16594,43172870.0,45725533038.4675,0.0870523702,,1465.9738155052,1.0,14.6248,1.3487328710918758e-08,,,271595.56,2382.3792197434336,271610.21875,2382.3792197434336,34946708.0,554506368.0,5559532.2269669995,71702520000.0,243365908.25763798,35218316.0,2382.3792197434336,72257019904.0,245273350.27499276,0.026932478036947885,6238.15868442687,2.4011496498653537,2543.121354805064,4018.7256034357574
Egypt,Egypt,EGY,Egypt,Africa,Developing economies,114535772.0,1226673.099,470886489666.42615,269006200.0,126887036880.218,,2438.7337198099,2.0322796169,1.0,,,533504.125,3376.366699302516,376.51297,3.302692832976971,533880.6875,3376.3615312647976,1000000.0,1096600832.0,8454478.073431715,2051767300.0,6963914.8730173595,1533880.75,3376.3615312647976,3148368384.0,13135577.562037516,0.010709956178581483,4111.261324247469,2.3486653584523793,1107.837618453543,27.488079305040177
El Salvador,El Salvador,SLV,El Salvador,Americas,Developing economies,6309624.0,115630.1488,28274665875.30024,8230260.0,17169835108.4495,,,369.4258995836,1.0,,,,,68442.17,600.3604208905751,68442.171875,600.3604208905751,2600795.0,139728240.0,1400995.474471995,5336226300.0,18111715.382464126,2669237.0,600.3604208905751,5475954688.0,18625155.907769606,0.01832599673134247,4481.196641083564,1.3043978531842786,2721.2136742933494,867.8733769238864
Equatorial Guinea,Equatorial Guinea,GNQ,Equatorial Guinea,Africa,Developing economies,1847549.0,330928.1973,9440987169.357283,6141370.0,,,,254.532945152,1.0,,,,,47156.38,413.64588537385976,47156.37890625,413.64588537385976,6000000.0,96272192.0,965280.2539595376,12310604000.0,41783488.96863021,6047156.5,413.64588537385976,12406876160.0,42114764.79399213,0.17911741301583883,5110.00637566705,3.3240633942590967,,6715.316432744138
Eritrea,Eritrea,ERI,Eritrea,Africa,LDCs,3470390.0,199286.1331,,620764.0,538148250.0205001,,16.3330002004,73.4137384352,1.0,,,3573.052490234375,22.612635727944856,13601.095,119.30594282616302,17174.146484375,121.3842731502249,,35106484.0,292696.6521287013,,,17174.146484375,121.3842731502249,35106484.0,292696.6521287013,0.05742470820282447,,0.17887442045418525,155.06852256389053,10.116005405732498
Estonia,Estonia,EST,Estonia,Europe,Developed economies,1367196.0,81842.11413,27658753938.98749,10018740.0,,3.9012615752,,,1.0,655.412,4.3159451874940027e-07,,,,,655.4119873046875,4.3159451874940027e-07,,1344752.625,4564.232632989664,,,655.4119873046875,4.3159451874940027e-07,1344752.625,4564.232632989664,0.059861288454618064,20230.277106565183,7.327947126820149,,0.9835843763439917
Ethiopia,Ethiopia,ETH,Ethiopia,Africa,LDCs,128691692.0,1129076.695,112653319434.8363,15227142.0,25134155490.766,,,,0.0,,,,,,,,,,,,,,,,,,0.008773501050868148,875.3736755192892,0.11832264976359158,195.3051910356886,
Europa Island,Europa Island,ATF-4,France,Africa,Developing economies,,127985.5126,,,,,,6.7230182021,1.0,,,,,1245.5488,10.925692694655242,1245.548828125,10.925692694655242,,2542852.5,25496.097306990407,,,1245.548828125,10.925692694655242,2542852.5,25496.097306990407,,,,,
Faeroe,Faeroe,FRO,Denmark,Europe,Developed economies,54714.0,266742.342,3169430571.8820496,797616.0,,,,,0.0,,,,,,,,,,,,,,,,,,4.875211865336111,57927.23200427769,14.577914244983003,,
Falkland Islands,Falkland / Malvinas Islands,FLK,United Kingdom,Americas,Developing economies,,562938.29,,,,,,,0.0,,,,,,,,,,,,,,,,,,,,,,
Federal Republic of Somalia,Federal Republic of Somalia,SOM,Federal Republic of Somalia,Africa,LDCs,18358615.0,1454124.33,9236430682.686113,557614.0,2282239463.9605,,,34.6370844949,1.0,,,,,6417.085,56.289322475148296,6417.0849609375,56.289322475148296,12000000.0,13100812.0,131356.2528280116,24621208000.0,83566977.93726042,12006418.0,56.289293366921804,24634308608.0,83610810.93195689,0.07920664657982097,503.1115191797482,0.03037342413902138,124.31435944162997,1341.839164228892
Fiji,Fiji,FJI,Fiji,Oceania,SIDS,924145.0,1315157.77,5336367607.302078,1146151.0,2527499695.4290004,,1736.2949932675,487.2593668274,1.0,,,379836.71875,2403.857573006114,90272.74,791.8535914984781,470109.4375,2529.374377824564,2835137.0,964491520.0,6567425.54070152,5817041400.0,19743654.500195324,3305246.5,2529.374377824564,6781532672.0,23733532.80068617,1.423107596751592,5774.383465042908,1.2402285355653062,2734.960093306787,7338.169521016724
Finland,Finland,FIN,Finland,Europe,Developed economies,5601185.0,420076.1537,256537132518.7499,31622000.0,,133.2318237148,,,1.0,22382.947,0.0,,,,,22382.947265625,0.0,,45924596.0,155872.9293110444,,,22382.947265625,0.0,45924596.0,155872.9293110444,0.07499772881988366,45800.51052031845,5.64559106689031,,8.199085729180522
France,France,FRA,France,Europe,Developed economies,66438822.0,897522.0351,2656973944325.3457,272475840.0,,800.792595264,1094.5051404912,,1.0,134533.14,0.00011048819679984647,239436.984375,1515.3153143223924,,,373970.15625,1515.315425045581,44719481.0,767840832.0,4294504.786635203,91753960000.0,311422644.7450198,45093448.0,1515.3153696839877,92521807872.0,314070690.9640233,0.01350899982994882,39991.286183932425,4.101153990960285,,1392.5865192492427
French Guiana,French Guiana,GUF,France,Americas,Developing economies,303402.0,214504.1101,,,,,,635.7043780956,1.0,,,,,117774.6,1033.0941946922533,117774.6015625,1033.0941946922533,,240442992.0,2410819.093691106,,,117774.6015625,1033.0941946922533,240442992.0,2410819.093691106,0.7069963615928702,,,,792.4898056044456
French Polynesia,French Polynesia,PYF,France,Oceania,SIDS,281118.0,4774877.62,5899733908.231991,916154.0,,,785.2108340843,1.2587179809,1.0,,,171774.90625,1087.1049992154972,233.19804,2.045564317411905,172008.09375,1087.1027227420275,,353306432.0,2722492.1495754174,,,172008.09375,1087.1027227420275,353306432.0,2722492.1495754174,16.98531442312481,20986.68142286154,3.2589659858137865,,1256.7905007861468
Gabon,Gabon,GAB,Gabon,Africa,Developing economies,2484789.0,463413.3578,16214753599.298986,5410930.0,5729015342.809,,,1743.9924236951,1.0,,,,,323103.1,2834.192087206398,323103.09375,2834.192087206398,4000000.0,659631616.0,6613844.762201528,8207069000.0,27855659.492069438,4323103.0,2834.1922056038393,8866701312.0,30698210.450989842,0.18650008423250425,6525.605835867346,2.1776215203785916,2305.6345399182787,3568.3920493852797
Galapagos,Galapagos,EC-W,Ecuador,Americas,,,849472.6397000002,,,,,,50.2139757278,1.0,,,,,9302.958,81.60359316721838,9302.9580078125,81.60359316721838,,18992470.0,190429.40307890615,,,9302.9580078125,81.60359316721838,18992470.0,190429.40307890615,,,,,
Gambia,Gambia,GMB,Gambia,Africa,LDCs,2697845.0,33723.36947,1962179256.1582973,710899.0,1000411697.0015,,,610.5583841905,1.0,,,,,113115.91,992.2290023299123,113115.90625,992.2290023299123,0.0,230931984.0,2315456.5402145823,0.0,0.0,113115.90625,992.2290023299123,230931984.0,2315456.5402145823,0.012500113783408609,727.3135618088872,0.2635062429457586,370.8188190950555,85.59868487626235
Georgia,Georgia,GEO,Georgia,Asia,Developing economies,3807492.0,92515.43535,22887810113.831554,11768941.0,18472995944.99,,,,0.0,,,,,,,,,,,,,,,,,,0.02429826125701643,6011.256258406204,3.0909955950005936,4851.749115950868,
Germany,Germany,DEU,Germany,Europe,Developed economies,84548231.0,414273.458,3622499230389.373,596151360.0,,202.8151075803,317.2246646485,,1.0,34072.938,0.0,69396.953125,439.1897174230682,,,103469.890625,439.1897174230682,119.99999999999999,212452960.0,1224015.4669745176,246212.1,835.6697679181955,103589.890625,439.1897174230682,212699184.0,1224512.5363497974,0.00489984773306493,42845.358058282414,7.051021091145006,,2.5157141844871953
Ghana,Ghana,GHA,Ghana,Africa,Developing economies,33787914.0,466117.5817,70508824388.01715,19647176.0,33025195621.8555,,2713.6813560531,178.0888239632,1.0,,,593652.5,3757.0249738347893,32993.86,289.4152162227291,626646.3125,3767.5623040310165,3000000.0,1286737024.0,9535778.067513626,6155302000.0,20891744.484315105,3626646.25,3767.5623040310165,7442039296.0,26686351.46276409,0.01379539387071957,2086.80608066,0.5814853204610382,977.4262957415926,220.25743572095038
Gibraltar,Gibraltar,GIB,United Kingdom,Europe,Developed economies,38471.0,394.8886291,,,,,,,0.0,,,,,,,,,,,,,,,,,,0.010264579270099555,,,,
Glorioso Islands,Glorioso Islands,FR-GLO,Madagascar,Africa,,,43537.67295,,,,,,,0.0,,,,,,,,,,,,,,,,,,,,,,
Grand Duchy of Luxembourg,Grand Duchy of Luxembourg,LUX,Grand Duchy of Luxembourg,Europe,Developed economies,665098.0,2595.470758,70870003856.63783,6993124.0,,,,,0.0,,,,,,,,,,,,,,,,,,0.003902388457039414,106555.73142099034,10.514426445426087,,
Greece,Greece,GRC,Greece,Europe,Developed economies,10242908.0,615356.1362,215793609025.3217,55196200.0,,,626.4317346594,,1.0,,,137039.953125,867.2793413620767,,,137039.953125,867.2793413620767,10113005.0,281483808.0,2171369.9961114437,20749533000.0,70426108.23543957,10250045.0,867.2793413620767,21031018496.0,71421405.87396678,0.06007631194188213,21067.611758821,5.388723592948409,,2053.2273155240678
Greenland,Greenland,GRL,Denmark,Americas,Developed economies,55922.0,4437543.214,2713483852.1753616,596405.0,,,,,0.0,,,,,,,,,,,,,,,,,,79.35236962197345,48522.65391394016,10.664944029183506,,
Grenada,Grenada,GRD,Grenada,Caribbean,SIDS,117081.0,25929.44268,1152594316.5676591,339363.0,548992148.845,,10.2293264417,1.9255285289,1.0,,,2237.7958984375,14.162249707791458,356.73557,3.1292095867218417,2594.531494140625,14.497551975097846,138794.0,5324788.0,37308.43571282304,284773000.0,966549.5797842627,141388.515625,14.497551268736366,290097792.0,985339.6705074874,0.22146584569656905,9844.418108554411,2.8985317856868322,4688.994361553113,2477.7529402721193
Guadeloupe,Guadeloupe,GLP,France,Caribbean,SIDS,376517.0,92355.18888,,,,,758.3848122393,34.1929994847,1.0,,,165906.375,1049.96508381722,6334.811,55.56763254349896,172241.171875,1051.3203205940351,,353709056.0,2652221.0077261967,,,172241.171875,1051.3203205940351,353709056.0,2652221.0077261967,0.24528823102276923,,,,939.4238666514394
Guam,Guam,GUM,United States,Oceania,SIDS,166506.0,208784.2053,5719850773.430391,,,0.0799664038,473.2691110017,0.5224856718,0.0,13.434357,6.743664355459379e-09,103533.671875,655.2293884548027,96.798996,0.8491004466954595,103643.8984375,655.2282041585024,,212886176.0,1640824.0116770042,,,103643.8984375,655.2282041585024,212886176.0,1640824.0116770042,1.2539140049007242,34352.22018083667,,,1278.5495777929925
Guatemala,Guatemala,GTM,Guatemala,Americas,Developing economies,18124838.0,218931.7525,80906407059.09987,20382320.0,19150458164.958,,0.1797344864,248.9808509726,1.0,,,39.3192138671875,0.24883795131832445,46127.766,404.6230842273022,46167.0859375,404.62263069391395,2857422.0,94252984.0,944322.7873619512,5862765000.0,19898842.61891414,2903589.25,404.6226177358097,5957018112.0,20233147.214650784,0.012079101203552826,4463.841666286886,1.124551844270277,1056.5864459013649,328.6660058423695
Guernsey,Guernsey,GGY,United Kingdom,Europe,Developed economies,64016.99999999999,3768.532398,,,,,,,0.0,,,,,,,,,,,,,,,,,,0.05886768199072122,,,,
Guinea,Guinea,GIN,Guinea,Africa,LDCs,14405468.0,346871.3948,14755537829.156134,4042787.0,3898922758.4445,,12808.1078549931,2184.5761293394,1.0,,,2801937.25,17732.50855624338,404728.38,3550.1923105158457,3206665.5,18077.245759492725,1000000.0,6581530112.0,46424538.87303803,2051767300.0,6963914.8730173595,4206665.5,18077.245759492725,8633296896.0,50180280.31380228,0.024079147917998915,1024.3011771055362,0.2806425310166945,270.65575088879444,599.3069365049438
Guinea-Bissau,Guinea-Bissau,GNB,Guinea-Bissau,Africa,SIDS,2153339.0,140611.56,1617578278.9288015,298003.0,851667801.516,,15319.1062725608,2675.5202435335,1.0,,,3351250.25,21208.925584699184,495683.78,4348.034137185294,3846933.75,21641.270517255172,1000000.0,7895523840.0,55604527.581602894,2051767300.0,6963914.8730173595,4846934.0,21641.270517255172,9947290624.0,59307769.46639092,0.06529931422781085,751.1953663258788,0.1383911218809486,395.5103221164898,4619.472653400138
Guyana,Guyana,GUY,Guyana,Americas,SIDS,826353.0,345516.279,18982777676.395844,3545070.0,2229193156.5615,,,267.353039156,1.0,,,,,49531.51,434.480003930596,49531.51171875,434.480003930596,583893.0,101121144.0,1013898.5954544367,1198012700.0,4066181.1857564817,633424.5,434.480003930596,1299133696.0,4506388.710782317,0.41812189100783803,22971.75381029154,4.290018914434873,2697.628200734432,1572.129218384879
Haiti,Haiti,HTI,Haiti,Caribbean,SIDS,11637398.0,130502.8419,14187369712.67641,3522026.0,1991395422.9335,,748.6292875703,150.0431056151,1.0,,,163772.21875,1036.4587996889084,27797.934,243.83763375997128,191570.140625,1064.2669644742825,221002.0,393143552.0,2742535.331167412,453444670.0,1539039.0978224096,412572.125,1064.266885649814,846588160.0,3746645.2852881793,0.011214091148210278,1219.118716458474,0.3026472068756263,171.1203331649824,72.74720345561782
Hala'ib Triangle,Halaib Triangle,SD,Sudan,Africa,,,37610.64963,,,,,,0.6236022255,1.0,,,,,115.532486,1.013426737207769,115.53248596191406,1.013426737207769,,235865.546875,2364.9233086286717,,,115.53248596191406,1.013426737207769,235865.546875,2364.9233086286717,,,,,
Hawaii,Hawaii,US-HI,United States,Oceania,,,2491444.428,,,,1.8657893071,592.8871412703,6.9320541083,0.0,313.4526,0.0,129701.6328125,820.8376642362554,1284.2761,11.265400673860523,131299.359375,820.8917522331456,,269675776.0,2060372.3618376725,,,131299.359375,820.8917522331456,269675776.0,2060372.3618376725,,,,,
Heard and McDonald Islands,Heard and McDonald Islands,HMD,Australia,Oceania,Developed economies,,417684.5825,,,,,,,0.0,,,,,,,,,,,,,,,,,,,,,,
Honduras,Honduras,HND,Honduras,Americas,Developing economies,10644851.0,320588.1623000001,26904206369.372776,11042214.0,9679534332.2475,,2739.1957906176,600.9931089823,1.0,,,599234.0625,3792.349196424309,111343.78,976.6842463057593,710577.875,3914.1524711498664,591886.0,1458157312.0,10106699.422637317,1214412400.0,4121843.6888563144,1302463.875,3914.1524711498664,2672569600.0,12661606.49980849,0.030116735527815287,2527.4385117624265,1.0373291274814462,909.316093973274,251.06688670419155
Howland and Baker islands,Howland and Baker Islands,UMI-1,United States,Oceania,Developed economies,,434897.4775,,,,,,,0.0,,,,,,,,,,,,,,,,,,,,,,
Hungary,Hungary,HUN,Hungary,Europe,Developed economies,9686463.0,93001.38934,156187937314.84885,40190156.0,,,,,0.0,,,,,,,,,,,,,,,,,,0.009601171174658902,16124.351821180637,4.149105406173543,,
Iceland,Iceland,ISL,Iceland,Europe,Developed economies,387558.0,865630.9691,22983555206.469723,3762450.0,,26.2857318694,,,1.0,4416.0034,3.452756149995202e-06,,,,,4416.00341796875,3.452756149995202e-06,8803328.0,9060610.0,30752.667947034068,18062381000.0,61305626.48323342,8807744.0,0.0,18071441408.0,61336380.08195323,2.233552059562698,59303.52413437401,9.708095304444754,,46628.99851893136
India,India,IND,India,Asia,Developing economies,1438069596.0,4804678.648,3199055012896.7896,3062324500.0,488324234282.927,,2583.230114132,3446.1750775844,1.0,,,565114.6875,3576.418452380712,638460.1,5600.438309421475,1203574.75,6638.772322846479,33290126.000000004,2464210176.0,16963304.921271503,68303598000.0,231829614.72654176,34493700.0,6638.772322846479,70767796224.0,240630504.49661878,0.0033410612819881912,2224.5481176954036,2.129468913408555,339.56926399195424,49.2102721737815
Indonesia,Indonesia,IDN,Indonesia,Asia,Developing economies,281190067.0,7906619.381,1178924195813.5652,733223940.0,306571090750.123,,17597.0823649314,,1.0,,,3849586.25,24362.72657202509,,,3849586.25,24362.72657202509,30885166.0,7907155456.0,60995908.6353116,63369175000.0,215081667.3010511,34734752.0,24362.72657202509,71276322816.0,248370793.7528292,0.028118416362836886,4192.623901659958,2.6075741146290206,1090.2628745777247,253.48094111731194
Iran,Iran,IRN,Iran,Asia,Developing economies,90608707.0,1838516.136,511846684554.5944,817879900.0,7475158764.000501,,2704.3209827839,102.63787859,1.0,,,591604.75,3744.0657887709413,19015.34,166.79858062035433,610620.125,3747.43667279918,299557.0,1253993344.0,9442844.043312078,614621250.0,2086089.6584169343,910177.0625,3747.43667279918,1868614400.0,10559847.481710758,0.020290722568196452,5648.979016493353,9.026504483724727,82.49934262940647,20.622901064022468
Iraq,Iraq,IRQ,Iraq,Asia,Developing economies,45074049.0,438531.6527,188215848693.25772,176457950.0,15350201246.447,,90.6672882819,,1.0,,,19834.626953125,125.5266291137097,,,19834.626953125,125.5266291137097,,40740872.0,314275.6181434795,,,19834.626953125,125.5266291137097,40740872.0,314275.6181434795,0.009729138216537857,4175.703156671319,3.9148457685707356,340.5551883401245,0.9038653705150829
Ireland,Ireland,IRL,Ireland,Europe,Developed economies,5196630.0,498255.4494,482999506836.7123,34432788.0,,99.0633788019,3.6013766773,,1.0,16642.645,1.3811024599980809e-05,787.8471069335938,4.986017326327589,,,17430.4921875,4.986017326327589,2719716.0,35765100.0,121980.64431123367,5580224000.0,18939870.11541966,2737146.75,4.9860247715139865,5615989248.0,19061342.099683907,0.09588049358911448,92944.75589693942,6.625984147418616,,1080.6983079418778
Islas San Félix and San Ambrosio,Islas San Félix and San Ambrosio,CHL-2,Chile,Americas,Developing economies,19658835.0,450968.2044,279676771459.2289,77287704.0,,,,,0.0,,,,,,,,,,,,,,,,,,0.02293972172816955,14226.518074912827,3.931448837125903,,
Isle of Man,Isle of Man,IMN,United Kingdom,Europe,Developed economies,84165.0,4540.893665,7279527750.176964,,,,,,0.0,,,,,,,,,,,,,,,,,,0.05395228022337076,86491.15131202951,,,
Israel,Israel,ISR,Israel,Asia,Developed economies,9256314.0,46692.92813,416360345096.69434,59489496.0,,,17.3956373442,,1.0,,,3805.51806640625,24.083831016385687,,,3805.51806640625,24.083831016385687,20100.0,7816637.5,60297.6505884915,41240520.0,139974.6886341341,23905.51953125,24.083831016385687,49057156.0,175387.1765356335,0.0050444408141296845,44981.22525842299,6.426909890913381,,5.299858669444446
Italy,Italy,ITA,Italy,Europe,Developed economies,59499453.0,837224.5569,1984600131128.5137,313460640.0,,439.3309839357,3724.9805100926,,1.0,73807.62,5.5244098399923235e-05,814887.0625,5157.143559295412,,,888694.6875,5157.143299026446,8715967.0,1825236352.0,13149107.190071158,17883136000.0,60697255.33737926,9604661.0,5157.143559295412,19708372992.0,67961944.07045634,0.014071130316105594,33354.93069370762,5.268294483312308,,331.23620467569674
Ivory Coast,Ivory Coast,CIV,Ivory Coast,Africa,Developing economies,31165654.0,492520.1653,71993628609.49347,13195601.0,27593650912.7935,,,53.4962968508,1.0,,,,,9911.0625,86.937749419074,9911.0625,86.937749419074,3000000.0,20233946.0,202877.14666006397,6155302000.0,20891744.484315105,3009910.75,86.93775318839607,6175536128.0,20960175.805561975,0.0158032995328768,2310.0310556452137,0.42340202454920406,885.3865512590719,198.15198256388265
Jamaica,Jamaica,JAM,Jamaica,Caribbean,SIDS,2839786.0,267911.9523,15132129758.476301,7648698.0,11588811231.297,,791.6998588876,97.6693403955,1.0,,,173194.453125,1096.0888766430553,18094.838,158.72413331413978,191289.28125,1107.1985284803593,838551.0,392687680.0,2826203.0243911017,1720511500.0,5839597.676781441,1029840.3125,1107.1985284803593,2113199232.0,7604582.411222396,0.09434230336370417,5328.6162261791205,2.693406474994947,4080.874837504305,744.1403091641413
Jan Mayen,Jan Mayen,SJM-1,Norway,Europe,Developed economies,,293290.5763,,,,,,,0.0,,,,,,,,,,,,,,,,,,,,,,
Japan,Japan,JPN,Japan,Asia,Developed economies,124370947.0,4438697.451,4616966465093.54,988784700.0,,,473.7326777891,10.2871928875,1.0,,,103635.0703125,655.8711862045509,1905.8704,16.717895427396837,105540.9375,656.0498474356625,22871261.0,216760208.0,1648656.7289166267,46926504000.0,159273513.14806375,22976800.0,656.0498474356625,47143260160.0,160025938.9574158,0.035689182707598105,37122.54812286297,7.950286814170515,,379.0536399147946
Jarvis Island,Jarvis Island,UMI-2,United States,Oceania,Developed economies,,323192.6875,,,,,,,0.0,,,,,,,,,,,,,,,,,,,,,,
Jersey,Jersey,JEY,United Kingdom,Europe,Developed economies,103674.0,2456.817384,,,,,,,0.0,,,,,,,,,,,,,,,,,,0.023697526708721568,,,,
Johnston Atoll,Johnston Atoll,UMI-3,United States,Oceania,Developed economies,,442448.3936,,,,,,,0.0,,,,,,,,,,,,,,,,,,,,,,
Joint Regimes,,,,,,,377047.05997778,,,,,2.1668535853,,1.0,,,474.0269470214844,2.99995542410672,,,474.0269470214844,2.99995542410672,,973664.25,7510.859272770372,,,474.0269470214844,2.99995542410672,973664.25,7510.859272770372,,,,,
Jordan,Jordan,JOR,Jordan,Asia,Developing economies,11439213.0,89443.77602,45064321343.93934,21188884.0,33695529316.798496,,1.3705424897,,1.0,,,299.8236999511719,1.8974823377204588,,,299.8236999511719,1.8974823377204588,,615846.0625,4750.644805312452,,,299.8236999511719,1.8974823377204588,615846.0625,4750.644805312452,0.007819049791274978,3939.459938716006,1.8523026015863153,2945.6160416628745,0.05383640137656323
Juan de Nova Island,Juan de Nova Island,ATF-5,France,Africa,Developing economies,,62824.02726,,,,,,,0.0,,,,,,,,,,,,,,,,,,,,,,
Kazakhstan,Kazakhstan,KAZ,Kazakhstan,Asia,Developing economies,20330104.0,2836835.689,232848717043.77054,255161470.0,123181664814.0375,,,,0.0,,,,,,,,,,,,,,,,,,0.13953867078102503,11453.395272536261,12.55091808679385,6059.076963602228,
Kenya,Kenya,KEN,Kenya,Africa,Developing economies,55339003.0,707484.6591,99939292457.50002,21531040.0,32397069670.921,,116.0615719036,542.0699299071,1.0,,,25389.951171875,160.68438257435028,100427.305,880.9272233380922,125817.2578125,895.1369008883761,1000000.0,257179200.0,2155861.5240569445,2051767300.0,6963914.8730173595,1125817.25,895.1369008883761,2308946432.0,8073311.010602925,0.012784557378093711,1805.946747134205,0.3890753145661117,585.4292255847291,41.723672397928816
Kerguélen,Kerguélen,ATF-6,France,Africa,Developing economies,,558169.7229000002,,,,,,,0.0,,,,,,,,,,,,,,,,,,,,,,
Kiribati,Gilbert Islands,KIR,Kiribati,Oceania,SIDS,397590.0,3441229.2672999995,797610991.900717,206997.0,,,496.2343497951,1.4648261908,2.0,,,108557.59375,687.0242323497416,271.38297,2.380514378188067,108828.984375,687.0874818386637,25833193.0,223534336.0,1720954.5574432113,53003700000.0,179900142.93130168,25942022.0,687.0234386556132,53227229184.0,180676057.02807158,8.655220874015944,2006.114318520881,0.5206292914811741,,133874.66783369804
Kuril Islands,Kuril Islands,RU-SA,Japan,Asia,,,218735.0936,,,,,,,0.0,,,,,,,,,,,,,,,,,,,,,,
Kuwait,Kuwait,KWT,Kuwait,Asia,Developing economies,4838782.0,28241.48885,116668101996.92186,99233390.0,,,1568.6025533623,,1.0,,,343151.84375,2171.691534482291,,,343151.84375,2171.691534482291,,704843328.0,5437170.644766838,,,343151.84375,2171.691534482291,704843328.0,5437170.644766838,0.005836487126305753,24111.04736624255,20.50792740817834,,145.66544390716507
Kyrgyzstan,Kyrgyzstan,KGZ,Kyrgyzstan,Asia,Developing economies,7073516.0,199637.6734,8975322159.940475,10152343.0,7636864478.799,,,,0.0,,,,,,,,,,,,,,,,,,0.02822325889981729,1268.862919083024,1.4352611911813022,1079.6419317916295,
Laos,Laos,LAO,Laos,Asia,LDCs,7664993.0,229724.7134,20303702352.29504,24796292.0,15166926309.996,,,,0.0,,,,,,,,,,,,,,,,,,0.02997063577227011,2648.8872660803527,3.235005172216074,1978.7267007283633,
Latvia,Latvia,LVA,Latvia,Europe,Developed economies,1882396.0,92872.99497,31886638241.206627,6512889.0,,0.7129094665,,,1.0,119.76879,0.0,,,,,119.76879119873047,0.0,,245737.671875,834.0596929058775,,,119.76879119873047,0.0,245737.671875,834.0596929058775,0.049337649979069226,16939.38907711588,3.4598931361945096,,0.1305451519632426
Lebanon,Lebanon,LBN,Lebanon,Asia,Developing economies,5773493.0,29064.42192,33944395264.176895,19475458.0,50053828102.414,,,,0.0,,,,,,,,,40900.0,,,83917290.0,284824.133784501,40900.0,0.0,83917288.0,284824.133784501,0.005034113996500905,5879.351592558767,3.373253938300436,8669.591892189703,14.53492504450945
Lesotho,Lesotho,LSO,Lesotho,Africa,LDCs,2311472.0,30561.65539,2215449329.508964,3888782.0,1340588590.6115,,,,0.0,,,,,,,,,,,,,,,,,,0.013221728573826549,958.4582160237995,1.6823833470619587,579.9718061094835,
Liberia,Liberia,LBR,Liberia,Africa,LDCs,5493031.0,347612.3157,3589692300.477075,771001.0,1568933023.071,,,182.1353161055,1.0,,,,,33743.54,295.99124763190844,33743.5390625,295.99124763190844,3000000.0,68889176.0,690722.4219306718,6155302000.0,20891744.484315105,3033743.25,295.9912387749873,6224190976.0,21131794.635173153,0.06328242380208668,653.4993704708885,0.14035984868827428,285.622459270847,1133.1068359162728
Libya,Libya,LBY,Libya,Africa,Developing economies,7305659.0,1973738.166,67926705038.72879,60975930.0,,,11.5167549849,,1.0,,,2519.4375,15.94466378746083,,,2519.4375,15.94466378746083,7000000.0,5174993.0,39919.96708553218,14362371000.0,48747404.9772878,7002519.0,15.944667640979823,14367546368.0,48765229.49903651,0.2701656573349509,9297.820366202253,8.346396950637855,,1966.63249242813
Liechtenstein,Liechtenstein,LIE,Liechtenstein,Europe,Developed economies,39598.0,160.8089954,,157238.0,,,,,0.0,,,,,,,,,,,,,,,,,,0.004061038320117177,,3.9708571139956566,,
Lithuania,Lithuania,LTU,Lithuania,Europe,Developed economies,2854099.0,71779.08695,52308255949.66091,12461681.0,,,,,0.0,,,,,,,,,,,,,,,,,,0.025149473424012272,18327.41469362517,4.366239923702716,,
Macedonia,Macedonia,MKD,Macedonia,Europe,Developed economies,1831802.0,25437.19787,11506514048.907011,7448824.0,9523789279.482,,,,0.0,,,,,,,,,,,,,,,,,,0.013886434161552394,6281.527178650865,4.0663914549716615,5199.136849660607,
Macquarie Island,Macquarie Island,AU-TAS,Australia,Oceania,,,476412.8641,,,,,,,0.0,,,,,,,,,,,,,,,,,,,,,,
Madagascar,Madagascar,MDG,Madagascar,Africa,LDCs,31195932.0,1786627.146,13975132286.380466,4476379.0,4871508029.0515,57.8254622808,5764.7648300837,2758.3331165541,0.0,9714.679,6.905512299990404e-06,1261115.875,7981.1740423658375,511026.2,4482.6144264777295,1781856.625,9145.809734680128,3000000.0,3653585152.0,24001643.131191112,6155302000.0,20891744.484315105,4781857.0,9145.809734680128,9808887808.0,39159403.10237065,0.057271157854812606,447.97931622560486,0.1434923950981814,156.15843851215922,314.4284263730284
Madeira,Madeira,PT-30,Portugal,Europe,,,453615.7185,,,,,,,0.0,,,,,,,,,,,,,,,,,,,,,,
Malawi,Malawi,MWI,Malawi,Africa,LDCs,21104482.0,118501.0583,11482709535.228191,1752411.0,2721357106.8205,,,,0.0,,,,,,,,,,,,,,,,,,0.005614971184793828,544.0886696592786,0.0830350159743319,128.94687994808402,
Malaysia,Malaysia,MYS,Malaysia,Asia,Developing economies,35126298.0,847078.3438,401113360563.35,288823680.0,,,548.0749517944,5227.091421078,1.0,,,119898.390625,758.7962540003965,968403.94,8494.636176236363,1088302.25,8526.904847531283,1108930.0,2223321600.0,20208791.644279484,2275266600.0,7722493.908995669,2197232.25,8526.904847531283,4498588160.0,24147006.167259574,0.02411521828460261,11419.175472557625,8.222434370966162,,128.0689516441499
Maldives,Maldives,MDV,Maldives,Asia,SIDS,525994.0,924130.53,6009933940.437218,2062305.0,3020167766.9645,,2400.9672221328,0.9734406622,1.0,,,525242.25,3324.07994945491,180.34576,1.581955147627282,525422.5625,3324.077122893912,11633297.0,1079230208.0,8322936.9993272135,23868817000.0,81013293.2219973,12158719.0,3324.07702194526,24948049920.0,85054662.64610961,1.7569221892264932,11425.860257792328,3.9207766628516674,5741.829311673707,47430.29372958627
Mali,Mali,MLI,Mali,Africa,LDCs,23769127.0,1252545.079,17764846569.98078,6761669.0,4875151588.761,,,,0.0,,,,,,,,,,,,,,,,,,0.05269630134081071,747.3916299063395,0.2844727532483629,205.10436032257306,
Malta,Malta,MLT,Malta,Europe,Developed economies,532956.0,53247.41011,17254541747.15687,1822230.0,,,70.4110839898,,1.0,,,15403.3251953125,97.48241008045376,,,15403.3251953125,97.48241008045376,1556727.0,31638854.0,244062.52042037743,3194041600.0,10840914.031355537,1572130.25,97.48241344204872,3225680384.0,10951992.698057769,0.09990957998408874,32375.17120954989,3.4191002634363814,,6052.432816217474
Marshall Islands,Marshall Islands,MHL,Marshall Islands,Oceania,SIDS,38827.0,2004958.808,227999999.99999994,153331.0,,,525.8349166768,0.3254464617,1.0,,,115033.1015625,728.0054323216788,60.294262,0.5288886708574009,115093.390625,728.0045680734131,8845072.0,236404240.0,1822870.2096541286,18148028000.0,61596329.27393329,8960165.0,728.0045680734131,18384435200.0,62431323.621447474,51.638262240193676,5872.202333427767,3.9490818245035673,,473496.15473768255
Martinique,Martinique,MTQ,France,Caribbean,SIDS,346002.0,48905.09809,,,,,548.7793639129,19.4411010032,1.0,,,120052.4921875,759.7714867288468,3601.7812,31.594068174535405,123654.2734375,760.3631918823388,,253944352.0,1915176.4560542686,,,123654.2734375,760.3631918823388,253944352.0,1915176.4560542686,0.1413433971190918,,,,733.9389714510321
Matthew and Hunter Islands,Matthew and Hunter Islands,VU,France,Oceania,,,187185.5177,,,,,,,0.0,,,,,,,,,,,,,,,,,,,,,,
Mauritania,Mauritania,MRT,Mauritania,Africa,LDCs,5022441.0,1212054.797,7917371715.89145,4412598.0,3475685433.226,23.0,772.0,3.4594715486,0.0,3864.0,0.0,168884.859375,1068.8149562934734,640.9235,5.622046734995585,173389.765625,1068.8181743398313,4000000.0,356130656.0,2690187.510085652,8207069000.0,27855659.492069438,4173389.75,1068.8181743398313,8563200000.0,29179388.82704618,0.24132783182520212,1576.399148519903,0.8785763735203659,692.0311126056035,1704.9876743201164
Mayotte,Mayotte,MYT,France,Africa,Developing economies,316015.0,67285.12793,,,,,1484.3952218942,6.7533274632,1.0,,,324730.4375,2055.108587448369,1251.164,10.97494811624673,325981.59375,2055.115445257581,,669559488.0,5149373.383551085,,,325981.59375,2055.115445257581,669559488.0,5149373.383551085,0.21291751318766516,,,,2118.7585652579783
Melilla,Melilla,ES-ML,Spain,Africa,,,40.73956715,,,,,,,0.0,,,,,,,,,,,,,,,,,,,,,,
Mexico,Mexico,MEX,Mexico,Americas,Developing economies,129739759.0,5138716.724,1326554712608.3315,482623460.0,449917841014.59,2714.0569471771,9758.378052241,9921.3205130288,0.0,455961.56,0.0,2134770.0,13510.23326847303,1838086.4,16123.308695214902,4428817.5,21014.080415302124,30789336.0,9072951296.0,56082335.963153325,63172555000.0,214414302.20818734,35218156.0,21014.080415302124,72245493760.0,249650568.86718556,0.039607879370270764,10224.735446042654,3.7199349198729434,3467.8485953915642,556.8492982941335
Micronesia,Micronesia,FSM,Micronesia,Oceania,SIDS,112630.0,3009867.645,336344290.3734163,149498.0,,,1584.2227649027,87.1055536458,1.0,,,346568.96875,2193.3173079688836,16137.725,141.55673833367447,362706.6875,2197.590051494619,13999541.0,744808128.0,5552810.844774833,28723802000.0,97491616.86696905,14362247.0,2197.590127842137,29468608512.0,100173085.61858922,26.72349857941934,2986.2762174679597,1.3273372991210157,,261640.84623990057
Moldova,Moldova,MDA,Moldova,Europe,Developed economies,3067070.0,33855.6426,9164831732.38352,5962224.0,8032201706.082,,,,0.0,,,,,,,,,,,,,,,,,,0.011038431662792177,2988.139081398051,1.943947806864532,2618.8517725653473,
Monaco,Monaco,MCO,Monaco,Europe,Developed economies,38956.0,290.5136861,8339290931.819639,,,,0.4232879985,,1.0,,,92.59966278076172,0.5860317838330811,,,92.59966278076172,0.5860317838330811,,190202.234375,1467.2225088262926,,,92.59966278076172,0.5860317838330811,190202.234375,1467.2225088262926,0.007457482444296128,214069.48690367694,,,4.882488817512065
Mongolia,Mongolia,MNG,Mongolia,Asia,Developing economies,3431932.0,1564953.688,15456208129.696028,46869964.0,25912572024.2215,,,,0.0,,,,,,,,,,,,,,,,,,0.45599787175270373,4503.646380434119,13.657020010885997,7550.432824491132,
Montenegro,Montenegro,MNE,Montenegro,Europe,Developed economies,633552.0,20237.20393,5160619234.927781,2328379.0,6505456412.2715,1.0502616735,,,1.0,176.44392,2.1579725937470013e-07,,,,,176.4439239501953,2.1579725937470013e-07,40000.0,362021.9375,1228.7406718681102,82070696.0,278556.5946680626,40176.44140625,2.7622049199961617e-05,82432720.0,279785.34633050615,0.03194245133785388,8145.533807687106,3.675119011541278,10268.228041694289,130.11200343460362
Montserrat,Montserrat,MSR,United Kingdom,Caribbean,SIDS,4420.0,7288.804817,,22235.0,,,12.9999232775,,1.0,,,2843.899169921875,17.998073267215762,,,2843.899169921875,17.998073267215762,,5841447.5,45061.001814041614,,,2843.899169921875,17.998073267215762,5841447.5,45061.001814041614,1.6490508635746606,,5.030542986425339,,1321.5944570135746
Morocco,Morocco,MAR,Morocco,Africa,Developing economies,37712505.0,686691.5903,129532155782.89392,68667610.0,52296798825.4375,,,,0.0,,,,,,,,,2000000.0,,,4103534600.0,13927829.746034719,2000000.0,0.0,4103534592.0,13927829.746034719,0.018208591296176163,3434.7269104211964,1.8208180549130852,1386.7230200019198,108.81097906384103
Mozambique,Mozambique,MOZ,Mozambique,Africa,LDCs,33635160.0,1352536.737,20437391974.129997,8023384.0,50470026201.365,,689.8324937973,2978.680385156,1.0,,,150909.6875,955.0561468132531,551849.1,4840.704985884426,702758.75,4932.093210898809,2000000.0,1436601344.0,11908422.423577448,4103534600.0,13927829.746034719,2702758.75,4932.093210898809,5540135424.0,21686352.846624818,0.04021199057771689,607.619882709938,0.23854157375793664,1500.513932485084,164.7126228625046
Myanmar,Myanmar,MMR,Myanmar,Asia,LDCs,54133798.0,1165256.57,63784628823.77949,30233224.0,9182387250.4675,,2933.5359685211,5319.8569842173,1.0,,,641748.5,4061.4082906878566,985590.25,8645.391125225646,1627338.625,9544.28692661948,4548515.0,3330302208.0,23976796.19143924,9332495000.0,31675471.906884413,6175854.0,9544.28692661948,12662796288.0,47867084.96368984,0.021525490784888215,1178.2773642407187,0.5584907233000722,169.6239242343111,233.91664275985218
Namibia,Namibia,NAM,Namibia,Africa,Developing economies,2963095.0,1386405.326,11749736033.67952,4174205.8,,,,,0.0,,,,,,,,,14000000.0,,,28724742000.0,97494809.9545756,14000000.0,0.0,28724742144.0,97494809.9545756,0.4678909471346683,3965.359205047263,1.40873168089447,,9694.168477217234
Nauru,Nauru,NRU,Nauru,Oceania,SIDS,11875.0,309282.8981,100293157.0493269,57499.0,,,,,0.0,,,,,,,,,2013181.0000000002,,,4130579200.0,14019621.875503154,2013180.5,0.003535622297595087,4130579200.0,14019621.875503154,26.044875629473683,8445.73954099595,4.842021052631579,,347838.24842105265
Navassa Island,Navassa Island,UM-76,Haiti,Caribbean,,,13895.46578,,,,,,,0.0,,,,,,,,,,,,,,,,,,,,,,
Nepal,Nepal,NPL,Nepal,Asia,LDCs,29694614.0,147296.9028,33735853500.290012,16677210.0,7526214694.42,,,,0.0,,,,,,,,,,,,,,,,,,0.004960391227850277,1136.0933501371667,0.5616240709510486,253.45386521676963,
Netherlands,Netherlands,NLD,Netherlands,Europe,Developed economies,18092524.0,99460.48933,895765770359.8453,118668370.0,,151.2944475334,1.1224619492,,1.0,25417.465,1.3811024599980809e-05,245.55287170410156,1.5540208328839906,,,25663.01953125,1.5540207814020541,563712.0,52655104.0,178775.02279044653,1156605800.0,3925642.4209325514,589375.0,1.5540198547269093,1209260928.0,4104384.906307569,0.005497325267055055,49510.27122361951,6.558972645276027,,66.83760253682681
New Caledonia,New Caledonia,NCL,France,Oceania,SIDS,289870.0,1198282.794,,5067623.0,,,1469.2951856795,334.8082100499,1.0,,,321427.09375,2034.202893502975,62028.68,544.1025678078488,383455.75,2104.6322629274946,,786854848.0,5438974.05559167,,,383455.75,2104.6322629274946,786854848.0,5438974.05559167,4.133862745368614,,17.482399006451168,,2714.5094283644394
New Zealand,New Zealand,NZL,New Zealand,Oceania,Developed economies,5172836.0,4374135.887,217933683113.80746,30119236.0,,168.1917636481,,277.2352916621,1.0,28256.217,1.3811024599980809e-05,,,51362.363,450.53984435959467,79618.578125,450.5398676345262,35752087.0,162834096.0,1132208.0892463806,73354970000.0,248974493.6550533,35831708.0,450.5398676345262,73517801472.0,249523358.04254237,0.8455972482019535,42130.40643735998,5.8225770157801255,,14212.28151675406
Nicaragua,Nicaragua,NIC,Nicaragua,Americas,Developing economies,6823613.0,341809.2869,15399345045.34212,5588379.0,11448376616.284,,5532.4201101315,743.4585878993,1.0,,,1210287.5,7659.498932992546,137737.84,1208.2074619462483,1348025.375,7751.750071097038,2565473.0,2767162624.0,19816373.686618924,5263753000.0,17865736.931727096,3913498.25,7751.750071097038,8030916096.0,32421620.19578395,0.050092126692999735,2256.7729215215045,0.8189765451235291,1677.7587791517485,1176.9301828811217
Niger,Niger,NER,Niger,Africa,LDCs,26159867.0,1181112.974,14705444103.890184,2597634.0,4237811060.863,,,,0.0,,,,,,,,,,,,,,,,,,0.04514980806286209,562.1375714138832,0.09929844062280592,161.9966592667692,
Nigeria,Nigeria,NGA,Nigeria,Africa,Developing economies,227882945.0,1087016.427,550647684655.9976,128539720.0,77373684475.309,,8829.3065752691,8392.5148781293,1.0,,,1931523.625,12223.957275235804,1554850.2,13638.820314213088,3486374.0,18296.36098285899,2000000.0,7141710336.0,47494558.57228108,4103534600.0,13927829.746034719,5486374.0,18296.361569749188,11245244416.0,55904697.4145571,0.00477006485500703,2416.3619820517833,0.5640602898123859,339.5325809718187,49.34658193047312
Niue,Niue,NIU,New Zealand,Oceania,SIDS,1817.0,318407.1764,,7667.0,,,,,0.0,,,,,,,,,514955.0,,,1056567800.0,3586102.916183138,514955.0,0.0,1056567808.0,3586102.916183138,175.23785162355531,,4.2195927352779306,,581490.2630709962
Norfolk Island,Norfolk Island,NFK,Australia,Oceania,Developed economies,,430640.4739,,,,,,,0.0,,,,,,,,,,,,,,,,,,,,,,
North Korea,North Korea,PRK,North Korea,Asia,Developing economies,26418204.0,236798.6621,,60764244.0,,4.9118865079,,,1.0,825.197,4.3159451874940027e-07,,,,,825.197021484375,4.3159451874940027e-07,,1693112.125,5746.601316951959,,,825.197021484375,4.3159451874940027e-07,1693112.125,5746.601316951959,0.008963465574722641,,2.300089892560448,,0.06408884286759237
Northern Mariana Islands,Northern Mariana Islands,MNP,United States,Oceania,SIDS,45143.0,764117.3579,729103030.3030304,,,0.0016172742,,,1.0,0.27170208,0.0,,,,,0.2717020809650421,0.0,,557.4694213867188,1.8921101352823522,,,0.2717020809650421,0.0,557.4694213867188,1.8921101352823522,16.926596768048203,16150.965383404522,,,0.012348967090949178
Norway,Norway,NOR,Norway,Europe,Developed economies,5519167.0,1256754.973,435713464916.813,38901000.0,,,62.2705825703,,1.0,,,13622.486328125,86.2120852851992,,,13622.486328125,86.2120852851992,10771371.0,27980958.0,215845.48836923993,22100349000.0,75010910.09265867,10784993.0,86.2120624789005,22128328704.0,75107467.9557575,0.22770736471645087,78945.51205223777,7.0483462450040015,,4009.3602357022355
Oecusse,Oecusse,TL-OE,East Timor,Asia,,,2578.265425,,,,,,1.9302585377,1.0,,,,,357.6119,3.136896479958543,357.6119079589844,3.136896479958543,,730083.1875,7320.23297492236,,,357.6119079589844,3.136896479958543,730083.1875,7320.23297492236,,,,,
Oman,Oman,OMN,Oman,Asia,Developing economies,5049269.0,864660.6732,87416511280.57806,78511300.0,,,,1.3646663791,1.0,,,,,252.8267,2.2177427441306072,252.8267059326172,2.2177427441306072,14782091.0,516158.8125,5175.304383049798,30329407000.0,102941222.08692218,14782344.0,2.217731993898234,30329927680.0,102942947.62853222,0.17124472338471172,17312.706310671518,15.54904284164698,,6006.795771823605
Overlapping Claims,,,,,,,397679.20127355994,,,,,,,0.0,,,,,,,,,,,,,,,,,,,,,,
Pakistan,Pakistan,PAK,Pakistan,Asia,Developing economies,247504495.0,1096403.603,400165100120.7807,200666690.0,98789765095.487,,,777.4546405073,1.0,,,,,144036.17,1263.454987067231,144036.171875,1263.454987067231,3384331.0,294057280.0,2948386.9647545926,6943859700.0,23568193.236690328,3528367.25,1263.454987067231,7237917696.0,24706919.81768485,0.004429833094546424,1616.7993236679629,0.8107597803425752,399.1433169546557,29.24358079234076
Palau,Palau,PLW,Palau,Oceania,SIDS,17727.0,616992.7204,225375185.65177235,222330.0,,,727.4325533265,56.9219440142,1.0,,,159135.171875,1007.1123889657005,10545.719,92.50483347853151,169680.890625,1011.1624323402589,2529223.0,348397600.0,2564260.425027541,5189377500.0,17613294.33932694,2698903.75,1011.1624323402589,5537774592.0,18946455.324540097,34.80525302645682,12713.667606011866,12.541885259773228,,312392.09070908785
Palestine,Palestine,PSE,Palestine,Asia,Developing economies,5409202.0,7372.715335,14773700000.0,3496897.0,,,,,0.0,,,,,,,,,,,,,,,,,,0.0013629950101697072,2731.2161756946775,0.6464718825438577,,
Palmyra Atoll,Palmyra Atoll,UMI-4,United States,Oceania,Developed economies,,353675.8936,,,,,,,0.0,,,,,,,,,,,,,,,,,,,,,,
Panama,Panama,PAN,Panama,Americas,Developing economies,4458759.0,406250.2226,72803155248.87743,14018338.0,,,1791.3001132113,1528.2358256176,1.0,,,391869.78125,2480.0109679316283,283130.62,2483.5623802643236,675000.4375,3506.1664217584726,3835240.0,1382937088.0,9135139.479354579,7869020000.0,26708285.774268683,4510240.5,3506.1664217584726,9251957760.0,32370726.524754908,0.09111284610807625,16328.120727959826,3.143999933613815,,2075.0073641567083
Papua New Guinea,Papua New Guinea,PNG,Papua New Guinea,Oceania,SIDS,10389635.0,2861551.097,25646325074.996456,8322015.0,11567070522.191,,9227.2574378643,4492.6365050735,1.0,,,2018580.5,12774.911043505215,832334.25,7301.061326154543,2850914.75,14701.02800733641,12196339.0,5845473280.0,38529310.53395491,25024050000.0,84934270.22037539,15047254.0,14701.02800733641,30869524480.0,109937807.88270871,0.27542364067650116,2468.452941320504,0.8009920464000901,1113.3279005654192,2971.184693206258
Paraguay,Paraguay,PRY,Paraguay,Americas,Developing economies,6844146.0,400752.4479000001,44019622007.03595,8139286.0,19902793661.54,,,,0.0,,,,,,,,,,,,,,,,,,0.05855404719595404,6431.7187282439545,1.1892332513070294,2908.002497541695,
Perejil Island,Perejil Island,ES-PER,Spain,Africa,,,0.785737099,,,,,,,0.0,,,,,,,,,,,,,,,,,,,,,,
Peru,Peru,PER,Peru,Americas,Developing economies,33845617.0,2146765.779,221775234260.73746,55863636.0,68001012912.709,282.6696741037,,54.1852527689,1.0,47488.504,2.7622049199961617e-05,,,10038.702,88.05738985863387,57527.20703125,88.05738985863387,45278430.0,117929896.0,443679.8180235514,92900810000.0,315315163.3699369,45335956.0,88.05744940094364,93018734592.0,315714338.6143386,0.06342817680055884,6552.554035600458,1.650542698039749,2009.1527039589498,2748.324386936128
Peñón de Vélez de la Gomera,Peñón de Vélez de la Gomera,ES-PVG,Spain,Africa,,,3.738562293,,,,,,,0.0,,,,,,,,,,,,,,,,,,,,,,
Philippines,Philippines,PHL,Philippines,Asia,Developing economies,114891199.0,2260600.759,430342487096.5727,154578660.0,91658576316.029,,14946.0027147582,2820.259491479,1.0,,,3269629.25,20692.372652672155,522499.06,4583.252402869785,3792128.5,21184.67440581984,5609099.0,7782616576.0,54520125.01864588,11508565000.0,39061287.14840373,9401227.0,21184.67440581984,19291183104.0,81131674.57746851,0.019676013294978322,3745.6523288313206,1.345435171235353,797.7858801528306,167.9082755851473
Pitcairn,Pitcairn,PCN,United Kingdom,Oceania,Developing economies,,842344.1991,,,,,,,0.0,,,,,,,,,,,,,,,,,,,,,,
Poland,Poland,POL,Poland,Europe,Developed economies,38762844.0,342427.1866,633564398461.3344,289281540.0,,,2.6594927668,,1.0,,,581.7979736328125,3.682002164176014,,,581.7979736328125,3.682002164176014,,1195029.125,9218.470212955115,,,581.7979736328125,3.682002164176014,1195029.125,9218.470212955115,0.008833902553692914,16344.631432650667,7.462856440564578,,0.030829242689210317
Portugal,Portugal,PRT,Portugal,Europe,Developed economies,10430738.0,404204.1673,235532701003.00494,37228136.0,,198.9353711863,0.0380443627,,1.0,33421.133,5.5244098399923235e-05,8.322690963745117,0.05267148150800594,,,33429.46484375,0.052671359875244864,12403497.0,68589496.0,232800.85065900642,25449087000.0,86376893.53278714,12436927.0,0.05284867216030555,25517678592.0,86609694.24015155,0.03875125300817641,22580.63628891886,3.56907977172852,,2446.39244049654
Prince Edward Islands,Prince Edward Islands,ZA-PE,South Africa,Oceania,,,475239.5011,,,,,,,0.0,,,,,,,,,,,,,,,,,,,,,,
Puerto Rico,Puerto Rico,PRI,United States,Caribbean,SIDS,3242023.0,163631.3489,96564521010.4364,,,58.4387261237,600.654661828,81.9958562891,0.0,9817.706,0.0,131400.890625,831.5915634659249,15191.07,133.2528830933974,156409.65625,841.9294126293443,,321058048.0,2186509.0112733105,,,156409.65625,841.9294126293443,321058048.0,2186509.0112733105,0.050471988909393924,29785.267103421662,,,99.03015740480558
Qatar,Qatar,QAT,Qatar,Asia,Developing economies,2979082.0,42976.44118,170947179495.95364,115711816.0,,,1147.2089035422,4.595108877,1.0,,,250966.609375,1588.2823388317431,851.3189,7.467590846159977,251817.90625,1588.2846100143515,,517230304.0,3979289.603315537,,,251817.90625,1588.2846100143515,517230304.0,3979289.603315537,0.014426068560717698,57382.50222583791,38.84143370340259,,173.62070060508572
Republic of Mauritius,Republic of Mauritius,MUS,Republic of Mauritius,Africa,SIDS,1273588.0,1280968.84,14273219058.562893,4138937.0,14535515568.1795,,131.8322677674,3.9624566903,1.0,,,28839.994140625,182.51853813385128,734.10974,6.439456751167951,29574.10546875,182.61885985625568,7000000.0,60736864.0,459564.6567167442,14362371000.0,48747404.9772878,7029574.0,182.61886703396732,14423107584.0,48958015.55887397,1.0057953121417602,11207.092920601397,3.2498241189458446,11413.043753693895,11324.782884260843
Republic of the Congo,Republic of the Congo,COG,Republic of the Congo,Africa,Developing economies,6182885.0,376110.1204,10369226732.87588,7674340.0,5873262728.056,,,20.5416266422,1.0,,,,,3805.6711,33.382549904581985,3805.671142578125,33.382549904581985,1000000.0,7769475.5,77901.21629714668,2051767300.0,6963914.8730173595,1003805.6875,33.382548677532256,2059536896.0,6990241.892760615,0.06083084521222698,1677.0854921085997,1.2412231506812759,949.922686263128,333.10289549296164
Romania,Romania,ROU,Romania,Europe,Developed economies,19118479.0,267907.8796,236037846070.52167,68239480.0,,54.7212770144,,,1.0,9193.173,6.905512299990404e-06,,,,,9193.1728515625,6.905512299990404e-06,,18862254.0,64020.47961802824,,,9193.1728515625,6.905512299990404e-06,18862254.0,64020.47961802824,0.014013033128838333,12346.057762781322,3.5692943983671506,,0.9865980447503172
Russia,Russia,RUS,Russia,Europe,Developed economies,145440500.0,24610608.92,1524520243059.5242,1815924700.0,,7043.8960256472,680.0401280493,,1.0,1183374.2,0.0017678111487975435,148767.46875,941.4987384098405,,,1332142.0,941.4987384098405,46459217.0,2733581312.0,9529125.649606148,95323505000.0,323538028.47653115,47791356.0,941.4987384098405,98057084928.0,332837388.9896555,0.16921427607853384,10482.088847738589,12.485687961743805,,674.2075620477102
Rwanda,Réunion,RWA,Rwanda,Africa,LDCs,,25315.45209,,,,,,,0.0,,,,,,,,,,,,,,,,,,,,,,
Réunion,Réunion,REU,France,,,874883.0,317665.1825,,,,,,,0.0,,,,,,,,,,,,,,,,,,0.36309447377535053,,,,
Saba,Saba,BES-2,Netherlands,Caribbean,Developing economies,29898.0,9501.573907,,114883.0,,,0.6132910815,,1.0,,,134.16525268554688,0.8490863603794192,,,134.16525268554688,0.8490863603794192,,275579.125,2125.8210326171898,,,134.16525268554688,0.8490863603794192,275579.125,2125.8210326171898,0.3177996490400696,,3.8424978259415346,,9.21730968626664
Saint Helena,Saint Helena,SHN-2,United Kingdom,Africa,Developing economies,5289.0,449352.0558,,11118.0,,,,,0.0,,,,,,,,,,,,,,,,,,84.95973828701077,,2.1020986954055587,,
Saint Kitts and Nevis,Saint Kitts and Nevis,KNA,Saint Kitts and Nevis,Caribbean,SIDS,46758.0,9768.631729,1016833010.7978816,233472.0,,,60.0867798917,0.3468710985,1.0,,,13144.7509765625,83.18866426102223,64.263535,0.5637062251167817,13209.0146484375,83.1894127047385,23300.0,27130876.0,208486.61976972217,47806180.0,162259.22409406363,36509.01171875,83.18941664389814,74937064.0,316378.0769065795,0.20891893855596905,21746.71737024427,4.993199024765816,,1602.6575986996877
Saint Lucia,Saint Lucia,LCA,Saint Lucia,Caribbean,SIDS,179285.0,16027.46852,2039492177.33218,511414.0,820129468.131,,6.6136956423,1.6215341376,1.0,,,1446.8304443359375,9.156498129355985,300.41565,2.6351830618551864,1747.2459716796875,9.522941289356982,61099.99999999999,3585143.5,24650.78025437133,125362990.0,425495.2064343348,62847.24609375,9.522941289356982,128948136.0,438293.5242008373,0.08939659491870486,11375.69890025479,2.8525197311543073,4574.44553716708,719.2354965557631
Saint Vincent and the Grenadines,Saint Vincent and the Grenadines,VCT,Saint Vincent and the Grenadines,Caribbean,SIDS,101323.0,36640.77601,950988378.2629379,237178.0,474524031.5805,,,0.3255645546,1.0,,,,,60.316143,0.5290805952913182,60.31614303588867,0.5290805952913182,180854.0,123138.53125,1234.6576068364484,371070370.0,1259451.9157714932,180914.3125,0.5290805952913182,371193440.0,1259863.5098425176,0.3616234814405416,9385.710828370044,2.3408110695498556,4683.280514596883,3663.466735094697
Saint-Barthélemy,Saint-Barthélemy,BLM,France,Caribbean,Developing economies,11085.0,4203.437535,,,,,16.8932475997,,1.0,,,3695.613525390625,23.38828467487519,,,3695.613525390625,23.38828467487519,,7590891.5,58556.23948425165,,,3695.613525390625,23.38828467487519,7590891.5,58556.23948425165,0.37920049932341,,,,684.7894903022102
Saint-Pierre and Miquelon,Saint-Pierre and Miquelon,SPM,France,Americas,Developed economies,5681.0,12640.74524,,55588.0,,,,,0.0,,,,,,,,,,,,,,,,,,2.2250915754268616,,9.784897025171624,,
Samoa,Samoa,WSM,Samoa,Oceania,SIDS,216663.0,133333.9137,862588950.4396363,256830.0,326533634.702,,982.8710169627,2.314155737,1.0,,,215015.578125,1360.7607291547256,428.7351,3.7607744696047067,215444.328125,1360.7581398715354,272057.0,442523232.0,3408267.9334490704,558197700.0,1894581.8427848197,487501.3125,1360.7581398715354,1000720896.0,4580050.79512962,0.615397708422758,3981.247146211565,1.1853892912033897,1507.1038188430882,4618.789991830631
San Marino,San Marino,SMR,San Marino,Europe,Developed economies,33733.0,58.46616607,1408422586.4216962,,,,,,0.0,,,,,,,,,,,,,,,,,,0.0017332038677259657,41752.07027011224,,,
Sao Tome and Principe,Sao Tome and Principe,STP,Sao Tome and Principe,Africa,SIDS,230871.0,131846.4427,315725838.98856896,166171.0,342976152.22150004,,,0.4838520661,1.0,,,,,89.64148,0.7863163451625137,89.6414794921875,0.7863163451625137,3000000.0,183007.734375,1834.9404991549377,6155302000.0,20891744.484315105,3000089.5,0.7863160907991978,6155485184.0,20892355.642306875,0.5710827375460755,1367.5422161664694,0.719756920531379,1485.5748544490216,26662.01118373464
Sapodilla Cayes,Belize,BLZ-2,Belize,Americas,SIDS,,1449.95064,,,,,208.8283875165,,1.0,,,45683.87890625,289.11775623328367,,,45683.87890625,289.11775623328367,,93835936.0,723851.65111599,,,45683.87890625,289.11775623328367,93835936.0,723851.65111599,,,,,
Saudi Arabia,Saudi Arabia,SAU,Saudi Arabia,Asia,Developing economies,33264292.0,2149313.361,776114792530.154,736205300.0,,,20982.6977499275,69.3923174465,1.0,,,4590233.0,29050.026766290914,12856.06,112.77065367149591,4603089.0,29050.01345936777,,9454710784.0,72773116.88662271,,,4603089.0,29050.01345936777,9454710784.0,72773116.88662271,0.06461323033720363,23331.769470101874,22.131999683023466,,284.2300321317526
Senegal,Senegal,SEN,Senegal,Africa,LDCs,18077573.0,353554.9855,26226336251.16682,11900644.0,30162333817.608498,,1482.0112378299,,1.0,,,324208.90625,2051.8079783661537,,,324208.90625,2051.8079783661537,3000000.0,665933952.0,5137023.48003534,6155302000.0,20891744.484315105,3324208.75,2051.8079783661537,6821236224.0,23635292.4087193,0.0195576577397862,1450.7664414447017,0.6583098295329799,1668.4946490111531,377.33141633558887
Senkaku Islands,Senkaku Islands,JP,Taiwan,Asia,,,73800.91173,,,,,,,0.0,,,,,,,,,,,,,,,,,,,,,,
Serbia,Serbia,SRB,Serbia,Europe,Developed economies,6773201.0,88332.90221,51200118921.335686,42357788.0,36995099662.416,,,,0.0,,,,,,,,,,,,,,,,,,0.013041529730182229,7559.220362917871,6.253732614756302,5461.981663088988,
Serrana Bank,Serrana Bank,CO-SR,Colombia,Caribbean,,,2842.327632,,,,,,,0.0,,,,,,,,,,,,,,,,,,,,,,
Serranilla Bank,Serranilla Bank,CO-SL,Colombia,Caribbean,,,1553.311591,,,,,,,0.0,,,,,,,,,,,,,,,,,,,,,,
Seychelles,Seychelles,SYC,Seychelles,Africa,SIDS,127951.0,1342014.332,2002037445.9106932,551015.0,,,,3.8298136769,1.0,,,,,709.5355,6.22389646799834,709.5355224609375,6.22389646799834,17000000.0,1448553.375,14524.027159030207,34880045000.0,118386556.62185611,17000710.0,6.223905928775796,34881495040.0,118391389.55426554,10.488502098459566,15646.907377907895,4.306453251635392,,272616.0408281295
Sierra Leone,Sierra Leone,SLE,Sierra Leone,Africa,LDCs,8460512.0,232907.7396,5580033029.221105,1231506.0,1798351452.9209998,,4411.0989118676,1508.2259567574,1.0,,,964984.3125,6107.057858486663,279423.44,2451.0440182857465,1244407.75,6575.880911049613,2000000.0,2552561664.0,17145902.881922536,4103534600.0,13927829.746034719,3244407.5,6575.880706933324,6656096768.0,27038184.327671733,0.02752879962820217,659.5384569185771,0.14555927584524436,212.5582296817261,786.7250549375735
Singapore,Singapore,SGP,Singapore,Asia,SIDS,5789090.0,1377.156656,387147091448.00244,49252784.0,,,119.530559041,6.9701526733,1.0,,,26148.8359375,165.48710746332122,1291.3345,11.327315913502643,27440.171875,165.85107852930128,0.0799,56346752.0,419289.79468340875,163.9362,0.5564167862151528,27440.25,165.85107852930128,56346916.0,419290.0569283468,0.00023788827881411417,66875.2932581809,8.50786289382269,,9.733294179223332
Sint-Eustatius,Sint-Eustatius,BES-3,Netherlands,Caribbean,Developing economies,29898.0,2199.099395,,114883.0,,,1.2888806866,,1.0,,,281.9591369628906,1.784423584347735,,,281.9591369628906,1.784423584347735,,579151.6875,4467.584322538214,,,281.9591369628906,1.784423584347735,579151.6875,4467.584322538214,0.07355339470867617,,3.8424978259415346,,19.370917369054787
Sint-Maarten,Sint-Maarten,SXM,Netherlands,Caribbean,SIDS,42749.0,504.6385051,1408101898.58837,693003.0,,,24.0978992544,0.0539361904,1.0,,,5271.72314453125,33.36294693805419,9.992559,0.08765263344137163,5281.71533203125,33.36288063837151,,10848664.0,83561.75454770448,,,5281.71533203125,33.36288063837151,10848664.0,83561.75454770448,0.011804685609020094,32938.82660619827,16.210975695337904,,253.775854405951
Slovakia,Slovakia,SVK,Slovakia,Europe,Developed economies,5518055.0,49037.64322,104288234772.80817,30739160.0,,,,,0.0,,,,,,,,,,,,,,,,,,0.008886762313895022,18899.455473497124,5.570651253023031,,
Slovenia,Slovenia,SVN,Slovenia,Europe,Developed economies,2118396.0,20436.23849,54387934678.43866,11328390.0,,2.2113830746,0.0849964019,,1.0,371.51236,0.0,18.59404754638672,0.11767542171262342,,,390.1064147949219,0.11767542171262342,,800449.625,2731.39447892254,,,390.1064147949219,0.11767542171262342,800449.625,2731.39447892254,0.00964703411921095,25674.111298566775,5.347626222859182,,0.37785646545782753
Solomon Islands,Solomon Islands,SLB,Solomon Islands,Oceania,SIDS,800005.0,1631260.53,1554171854.3442566,302829.0,398502310.2725,,1253.8889659394,525.650041244,1.0,,,274304.21875,1735.978166998161,97385.24,854.2429174040466,371689.46875,1933.1973514649312,6872945.0,762245376.0,5058348.852016066,14101683000.0,47862602.29544968,7244634.5,1933.1974382540764,14863929344.0,50651757.76977665,2.0390629183567603,1942.7026760385957,0.378533884163224,498.124774560784,18579.79555627777
South Africa,South Africa,ZAF,South Africa,Africa,Developing economies,63212384.0,2292218.116,362876816124.89606,401893100.0,125168886492.85648,61.2951236623,405.561115167,26.5433526972,0.0,10297.58,6.905512299990404e-06,88721.6796875,561.4893824998056,4917.589,43.13605858093081,103936.84375,563.0554273073931,15000000.0,213404512.0,1459699.9635857898,30776510000.0,104458722.20599635,15103938.0,563.0554273073931,30989914112.0,105198786.36497927,0.03626216843838701,5740.596907797309,6.357822226733293,1980.1323502188507,490.25067796841836
South Georgia and the South Sandwich Islands,South Georgia and the South Sandwich Islands,SGS,United Kingdom,Americas,Developing economies,,1241743.427,,,,,,,0.0,,,,,,,,,,,,,,,,,,,,,,
South Korea,South Korea,KOR,South Korea,Asia,Developed economies,51748739.0,448099.2543,1764487367948.6982,577416640.0,,,,,0.0,,,,,,,,,1855368.0,,,3806783500.0,12920624.265892677,1855368.0,0.0,3806783488.0,12920624.265892677,0.008659133786815558,34097.20511158153,11.158081359238532,,73.56282610094132
South Sudan,South Sudan,SSD,South Sudan,Africa,LDCs,11483374.0,632552.3626,,1580456.0,,,,,0.0,,,,,,,,,,,,,,,,,,0.055084190639440984,,0.1376299335021223,,
Spain,Spain,ESP,Spain,Europe,Developed economies,47911579.0,1060247.985,1356724567298.0457,221615650.0,,881.5859162822,1037.8186489336,,1.0,148106.47,0.00022097639359969294,227036.078125,1436.8342553088933,,,375142.5,1436.8342553088933,11421840.0,770218304.0,4161212.9750724044,23434959000.0,79540718.72493538,11796982.0,1436.8342553088933,24205176832.0,82240284.22909258,0.022129264097098533,28317.258491899123,4.6255133858143145,,505.20515785964807
Sri Lanka,Sri Lanka,LKA,Sri Lanka,Asia,Developing economies,22971617.0,599363.0095,87457721050.97073,20317522.0,46587994907.751,,2867.8565481386,181.1910531588,1.0,,,627380.25,3970.476445563429,33568.594,294.45671417318044,660948.8125,3980.776337143959,7658827.0,1357188224.0,10071568.582510479,15714131000.0,53335418.99043183,8319775.5,3980.776337143959,17071319040.0,58682639.680498175,0.026091459277768736,3807.207870955307,0.8844619862850752,2028.0677197321809,743.1483399710173
Sudan,Sudan,SDN,Sudan,Africa,LDCs,50042791.0,1915608.674,42271302948.33769,20001454.0,17048329624.520498,,4439.9415764222,6.3654840695,1.0,,,971293.875,6146.988983606213,1179.3099,10.344658426352119,972473.125,6146.976755544486,,1997471872.0,15393764.230396053,,,972473.125,6146.976755544486,1997471872.0,15393764.230396053,0.03827941319260151,844.7031451210963,0.399687019854668,340.6750359811166,39.91527714751162
Suriname,Suriname,SUR,Suriname,Americas,SIDS,628886.0,278588.9878,4505628350.6704035,2647446.0,3055909888.8585,,,806.2228176422,1.0,,,,,149365.94,1310.2066578129377,149365.9375,1310.2066578129377,699754.0,304938272.0,3057486.1950268834,1435732400.0,4873027.173842216,849119.875,1310.2066578129377,1740670720.0,6558773.411246674,0.44298805793100815,7164.4596169582455,4.20973912601012,4859.242992940692,2767.863682766034
Svalbard,Svalbard,SJM-2,Norway,Europe,Developed economies,,857624.7462000002,,,,,,,0.0,,,,,,,,,,,,,,,,,,,,,,
Swaziland,Swaziland,SWZ,Swaziland,Africa,Developing economies,1230506.0,17367.387,5055738006.206263,1104210.0,936719142.228,,,,0.0,,,,,,,,,,,,,,,,,,0.014114020573650188,4108.665870955739,0.8973625484150423,761.2471147869251,
Sweden,Sweden,SWE,Sweden,Europe,Developed economies,10551494.0,605471.911,585008905028.7357,36556280.0,,50.0187173763,33.8751010946,,1.0,8403.143,1.3811024599980809e-05,7410.611328125,46.89924584471524,,,15813.7548828125,46.89924584471524,,32462898.0,152786.40758280735,,,15813.7548828125,46.89924584471524,32462898.0,152786.40758280735,0.057382576438938404,55443.229653424976,3.4645596159178975,,3.076616259270962
Switzerland,Switzerland,CHE,Switzerland,Europe,Developed economies,8870561.0,41270.47734,795978145781.8705,32737300.0,,,,,0.0,,,,,,,,,,,,,,,,,,0.004652521677039366,89732.55984394567,3.6905557607912285,,
Syria,Syria,SYR,Syria,Asia,Developing economies,23594623.0,197867.8245,15674500383.098156,25503272.0,3681034753.675501,,,,0.0,,,,,,,,,11500.0,,,23595324.0,80085.02053800577,11500.0,0.0,23595324.0,80085.02053800577,0.008386140541427596,664.3251042026887,1.0808933882944431,156.01159440756908,1.0000297101589628
Taiwan,Taiwan,TWN,Taiwan,Asia,Developing economies,23317145.0,391613.4811,,261152590.0,,46.0495839507,1241.9345545891,1.5645513068,0.0,7736.3286,1.0358268449985606e-05,271689.09375,1719.4277712649605,289.85864,2.542579358739816,279715.25,1719.4243559862578,2564714.0,574521728.0,4330120.166893005,5262196000.0,17860451.02283347,2844429.25,1719.4243559862578,5836718592.0,20207769.78412793,0.01679508709578295,,11.2000242739838,,250.318750087114
Tajikistan,Tajikistan,TJK,Tajikistan,Asia,Developing economies,10389799.0,142400.8008,14619564549.61737,9054525.0,5188938214.2585,,,,0.0,,,,,,,,,,,,,,,,,,0.013705828264820138,1407.107543622102,0.8714822105798197,499.4262366633368,
Tanzania,Tanzania,TZA,Tanzania,Africa,LDCs,66617606.0,1182382.508,70643261677.63626,18066046.0,26121455529.1915,,45.7689915576,1098.6138344444,1.0,,,10012.5517578125,63.36604203423276,203536.14,1785.3763451623001,213548.703125,1786.3703228285322,3000000.0,436095648.0,4194193.263375826,6155302000.0,20891744.484315105,3213548.5,1786.3702289059277,6591397376.0,22693261.753802687,0.017748799138774213,1060.429305694898,0.27119026162543275,392.11039089563656,98.94377435298411
Thailand,Thailand,THA,Thailand,Asia,Developing economies,71702435.0,812462.5612,458437321749.60815,264388640.0,146187785724.337,,1822.151861586,2505.6032262862,1.0,,,398619.0,2522.7242605833767,464203.88,4071.899119260823,862822.8125,4785.6297023363095,339451.0,1766470528.0,12208337.248930398,696474430.0,2363908.0310219494,1202273.75,4785.6297023363095,2462945280.0,13524619.583560124,0.011331031661616513,6393.608832804745,3.6873035064987683,2038.812011395945,34.34953471245433
Togo,Togo,TGO,Togo,Africa,LDCs,9304337.0,72151.4315,8344824334.036601,2620035.0,2548283001.115,,189.8178308684,0.1620513089,1.0,,,41525.07421875,262.7980903164513,30.02265,0.263352373681416,41555.09765625,262.79769129177566,0.0,85354928.0,658053.1253584132,0.0,0.0,41555.09765625,262.79769129177566,85354928.0,658053.1253584132,0.007754602128018364,896.8746869375648,0.2815928743767557,273.881201972263,9.173671160019246
Tokelau,Tokelau,TKL,New Zealand,Oceania,Developing economies,2397.0,320755.744,,,,,,,0.0,,,,,,,,,,,,,,,,,,133.81549603671257,,,,
Tonga,Tonga,TON,Tonga,Oceania,SIDS,104597.0,666812.0242,465555896.912722,199331.0,148322391.443,,3684.5884327113,10.3884450631,1.0,,,806050.6875,5101.221666563202,1924.629,16.882441736962996,807975.4375,5101.214825382818,1375546.0,1659579648.0,12777959.064930215,2822300400.0,9579185.925704056,2183521.5,5101.214825382818,4481879552.0,19090998.232468452,6.375058789449028,4450.948850471065,1.905704752526363,1418.036764371827,42849.02580379934
Trinidad and Tobago,Trinidad and Tobago,TTO,Trinidad and Tobago,Caribbean,SIDS,1502932.0,81719.32345,22128014027.032578,34317936.0,,,1.1171760354,81.893051038,1.0,,,244.39654541015625,1.546702691036879,15172.022,133.08580805335802,15416.4189453125,133.0916140159329,344084.0,31476468.0,311199.787029317,705980350.0,2396171.6212936197,359500.40625,133.0916140159329,737456768.0,2518409.286525752,0.05437326735341319,14723.230343776417,22.833991158615294,,490.67873197190556
Trinidade,Trindade,BR-ES,Brazil,Americas,,,472492.5991,,,,,,,0.0,,,,,,,,,,,,,,,,,,,,,,
Tristan Da Cunha,Tristan da Cunha,SHN-3,United Kingdom,Africa,Developing economies,,758352.7671000002,,,,,,,0.0,,,,,,,,,,,,,,,,,,,,,,
Tromelin Island,Ile Tromelin,FR-TRO,France,Africa,,,274562.3249,,,,,,,0.0,,,,,,,,,,,,,,,,,,,,,,
Tunisia,Tunisia,TUN,Tunisia,Africa,Developing economies,12200431.0,254795.9371,48611794724.78902,32792874.0,31165416031.301,,4988.2407528023,,1.0,,,1091241.5,6906.096094895575,,,1091241.5,6906.096094895575,1000000.0,2241439744.0,17290495.48748628,2051767300.0,6963914.8730173595,2091241.5,6906.096094895575,4293207040.0,21328625.530675646,0.020884175083650734,3984.4325765859435,2.6878455359486892,2554.4520543004587,351.88978487727195
Turkey,Turkey,TUR,Turkey,Asia,Developing economies,87270501.0,1042327.031,1248351176123.3855,432077340.0,377381075966.62,255.955139949,0.260049809,,1.0,43000.46,2.7622049199961617e-05,56.889217376708984,0.360032555711367,,,43057.35546875,0.36003261126467234,370398.0,88343792.0,299854.8671230855,759970500.0,2579419.995492742,413455.375,0.3600330556908067,848314304.0,2879273.952322559,0.011943635238211821,14304.388789098226,4.951012484734103,4324.268471503561,9.720516030955293
Turkmenistan,Turkmenistan,TKM,Turkmenistan,Asia,Developing economies,7364438.0,550026.2555,58034964683.20005,63362624.0,2957899449.476,,,,0.0,,,,,,,,,,,,,,,,,,0.07468679286864795,7880.4336031072635,8.603864137358478,401.646323789541,
Turks and Caicos Islands,Turks and Caicos Islands,TCA,United Kingdom,Caribbean,SIDS,46198.0,92016.57957,939974780.1068252,370590.0,,,951.9578942212,151.8826173705,1.0,,,208252.9375,1317.962179342013,28138.732,246.8270489937554,236391.6875,1340.3768969654227,,485203968.0,3437620.8189867423,,,236391.6875,1340.3768969654227,485203968.0,3437620.8189867423,1.9917870810424694,20346.655268774088,8.021775834451708,,10502.70505216676
Tuvalu,Tuvalu,TUV,Tuvalu,Oceania,SIDS,9816.0,753174.5746000002,46855113.83529816,11500.0,,,,0.0891171497,1.0,,,,,16.510406,0.14482581339599407,16.510406494140625,0.14482581339599407,2347440.0,33706.84765625,337.9641942290175,4816401000.0,16347371.727894785,2347456.5,0.1448265729650876,4816434176.0,16347484.685612187,76.72927614099432,4773.340855266723,1.171556642216789,,490671.7783211084
Uganda,Uganda,UGA,Uganda,Africa,LDCs,48656601.0,241519.178,46456943698.42431,5613657.0,14642067313.2755,,,,0.0,,,,,,,,,,,,,,,,,,0.004963749481802069,954.7922120253387,0.11537297888933919,300.9266371334796,
Ukraine,Ukraine,UKR,Ukraine,Europe,Developed economies,37732836.0,734668.3492000002,76141822182.01428,136460590.0,133367338666.3615,,5963.4948513879,,1.0,,,1304590.625,8256.311286982409,,,1304590.625,8256.311286982409,,2679664896.0,20670971.797800515,,,1304590.625,8256.311286982409,2679664896.0,20670971.797800515,0.01947026587664919,2017.9194106166385,3.616494397611672,3534.5166916783432,71.01679015062636
United Arab Emirates,United Arab Emirates,ARE,United Arab Emirates,Asia,Developing economies,10642081.0,122931.7161,446126441632.29236,229383650.0,,47.7634807019,1021.6823402571,73.8624741473,0.0,8024.2656,6.905512299990404e-06,223506.078125,1414.4940020254055,13684.228,120.03517409722463,245214.546875,1419.3319322020934,,503488544.0,3622419.129598927,,,245214.546875,1419.3319322020934,503488544.0,3622419.129598927,0.011551473447721363,41920.97782682657,21.55439805429032,,47.31109864696576
United Kingdom,United Kingdom,GBR,United Kingdom,Europe,Developed economies,68682962.0,972473.4921,3212799884330.5967,305146340.0,,562.1590147976,149.3221128348,,1.0,94442.71,0.0,32666.119140625,206.7327880085834,,,127108.8359375,206.73277532761884,19729141.0,260871552.0,1002116.5221866023,40479610000.0,137392057.93860972,19856250.0,206.73274362520402,40740474880.0,138281467.90697426,0.014158875269531912,46777.24708976,4.442824408184376,,593.1671217091657
United States,United States,USA,United States,Americas,Developed economies,343477335.0,10392443.11,21776284673936.2,4911391000.0,,17161.8447007787,,2299.9444099495,1.0,2883189.2,0.003535622297595087,,,426102.2,3737.679236174012,3309292.0,3737.679236174012,79645600.0,6785544192.0,24410029.455011986,163414260000.0,554645225.1420825,82954896.0,3737.679236174012,170199777280.0,577686525.7954298,0.030256561499174318,63399.48070790814,14.299024999713591,,495.51967462423687
United States Virgin Islands,United States Virgin Islands,VIR,United States,Caribbean,SIDS,85701.0,38636.04954,3800802294.557097,,,1.2639190068,83.5975913652,2.5984045131,0.0,212.3384,0.0,18288.0390625,115.73880324838713,481.3968,4.2227118543384226,18981.775390625,115.80712606762332,,38982600.0,292156.6483051705,,,18981.775390625,115.80712606762332,38982600.0,292156.6483051705,0.45082378898729303,44349.567619480484,,,454.8675044631918
Uruguay,Uruguay,URY,Uruguay,Americas,Developing economies,3388081.0,320452.6077,61988013788.33545,7865945.0,,24.8173503336,,,1.0,4169.3154,3.452756149995202e-06,,,,,4169.3154296875,3.452756149995202e-06,839758.0,8554463.0,29034.753799895694,1722988000.0,5848003.138296625,843927.25,0.0004419527871993859,1731542528.0,5877038.061719054,0.09458233368682743,18295.90667647422,2.321651991200919,,511.06881092866433
Uzbekistan,Uzbekistan,UZB,Uzbekistan,Asia,Developing economies,35652307.0,447320.9324,131234217776.52875,124768440.0,44684185475.818,,,,0.0,,,,,,,,,,,,,,,,,,0.01254675980435151,3680.9460262004573,3.499589521654237,1253.3322310900667,
Vanuatu,Vanuatu,VUT,Vanuatu,Oceania,SIDS,320409.0,638186.3255,842026927.6678325,226164.0,355351113.885,,1237.7259297573,15.7118828801,1.0,,,270768.34375,1713.6010015227994,2910.8823,25.533651507921196,273679.21875,1713.738756895258,1444133.0,562108352.0,4300034.320670076,2963024600.0,10056819.220793983,1717812.25,1713.738756895258,3525133056.0,12590975.91338043,1.9917865150479543,2627.9752680724714,0.7058603222755915,1109.054720326208,11001.978895723903
Vatican City,Vatican City,VAT,Vatican City,,,496.0,0.566205694,,,,,,,0.0,,,,,,,,,,,,,,,,,,0.0011415437379032258,,,,
Venezuela,Venezuela,VEN,Venezuela,Americas,Developing economies,28300854.0,1383023.211,,99568900.0,,,1286.2564828806,2858.525647631,1.0,,,281385.03125,1780.7903068772846,529588.5,4645.439415753626,810973.5,4971.649249322091,,1659154944.0,12352511.964386852,,,810973.5,4971.649249322091,1659154944.0,12352511.964386852,0.04886860343507655,,3.5182295205649976,,58.62561405390805
Vietnam,Vietnam,VNM,Vietnam,Asia,Developing economies,100352192.0,1079093.76,377364153384.1669,334726080.0,107096414267.2795,2.579936269,233.6156203233,1840.2533163553,0.0,433.4292,6.473917781241004e-07,51106.3984375,323.435045338361,340936.94,2990.627284239997,392476.75,3007.4048018280782,4154377.0,801903680.0,7152129.8686041385,8523815000.0,28930727.97352151,4546853.5,3007.4048018280782,9325718528.0,32306186.726725977,0.010753066161225457,3760.397713925042,3.3355133886861186,1067.2055301719718,92.92989362903005
Wake Island,Wake Island / Enenkio,UMI-5,United States,Oceania,Developed economies,,406978.1513000001,,,,,,,0.0,,,,,,,,,,,,,,,,,,,,,,
Wallis and Futuna,Wallis and Futuna,WLF,France,Oceania,Developing economies,11370.0,250790.027,,30666.0,,,,0.2936241421,1.0,,,,,54.398663,0.4771736211623989,54.39866256713867,0.4771736211623989,,111057.6875,1113.528018791926,,,54.39866256713867,0.4771736211623989,111057.6875,1113.528018791926,22.057170360598064,,2.6970976253298153,,9.767606640281443
Western Sahara,Western Sahara,ESH,Western Sahara,Africa,Developing economies,579729.0,553988.0766,,,,,,,0.0,,,,,,,,,,,,,,,,,,0.955598351298624,,,,
Yemen,Yemen,YEM,Yemen,Asia,LDCs,39390799.0,980397.204,,10034892.0,5498681798.2215,,5455.8421478658,15.4146862912,1.0,,,1193535.25,7553.479030220437,2855.822,25.05067266821505,1196391.125,7553.4690790793575,,2457384192.0,18920593.481607147,,,1196391.125,7553.4690790793575,2457384192.0,18920593.481607147,0.024888990040542208,,0.2547521821022214,139.5930506060946,62.384725732524494
Zambia,Zambia,ZMB,Zambia,Africa,LDCs,20723965.0,751191.6791,27712400006.14794,7748922.0,22332092742.977,,,,0.0,,,,,,,,,,,,,,,,,,0.03624748831123774,1337.2151519339056,0.3739111699908777,1077.5974936734838,
Zimbabwe,Zimbabwe,ZWE,Zimbabwe,Africa,Developing economies,16340822.0,390689.6313,23052145847.33067,11164030.0,10731107193.0785,,,,0.0,,,,,,,,,,,,,,,,,,0.023908811398839054,1410.7090724891727,0.6831988011374214,656.7054700845833,
