country_name,TERRITORY1,ISO_TER1,SOVEREIGN1,Continent,Groups,Population,Area_EEZ_KM2,GDP,CO2_emissions_2023,Debt (2015 US$),saltmarshes_area_km2,seagrasses_area_km2,mangroves_area_km2,uptake_total_partial,uptake_salt_mean,uptake_salt_se,uptake_seag_mean,uptake_seag_se,uptake_mang_mean,uptake_mang_se,uptake_total_mean,uptake_total_se
"Abu musa, Greater and Lesser Tunb","Abu musa, Greater and Lesser Tunb",,United Arab Emirates,,,,6199.306012,,,,,,,0,,,,,,,,
Afghanistan,Afghanistan,AFG,Afghanistan,Asia,LDCs,41454761.0,641860.3931,15325233810.138836,11020218.0,2588228316.5025,,,,0,,,,,,,,
Alaska,Alaska,,United States,,,,5193058.289,,,,1620.9523537258,150.5064595777,,1,272320.0,0.0,32925.21,208.3724712108054,,,305245.25,208.3724712108054
Albania,Albania,ALB,Albania,Europe,Developed economies,2811655.0,40953.54483,14812273860.771984,5144279.0,8579785823.0375,46.5780205364,44.0192567338,,1,7825.109,6.905512299990404e-06,9629.774,60.943575097357744,,,17454.88,60.943575097357744
Algeria,Algeria,DZA,Algeria,Africa,Developing economies,46164219.0,2444283.56,215143978140.21393,178132770.0,5523025799.7245,,40.4831979324,,1,,,8856.217,56.047987005800394,,,8856.217,56.047987005800394
Alhucemas Islands,Alhucemas Islands,,Spain,,,,14.10069656,,,,,,,0,,,,,,,,
American Samoa,American Samoa,ASM,United States,Oceania,SIDS,47521.0,406038.4238,662725190.8396946,,,0.0012361478,461.078688911,0.318919196,0,0.20767283,0.0,100866.85,638.3520652613894,59.08498,0.5182810731287977,100926.14,638.3511781964338
Amsterdam and Saint Paul Islands,Amsterdam and Saint Paul Islands,ATF,France,Africa,Developing economies,,512251.8623,,,,,,,0,,,,,,,,
Andaman and Nicobar,Andaman and Nicobar,,India,,,,671991.0163,,,,,1646.1551333168,561.3487158309,1,,,360117.44,2279.061218197751,103999.0,912.2574582915892,464116.47,2453.1168474980586
Andorra,Andorra,AND,Andorra,Europe,Developed economies,80856.0,467.9036281,3216475797.7424917,423874.0,,,,,0,,,,,,,,
Angola,Angola,AGO,Angola,Africa,LDCs,36749906.0,1742905.72,85610610955.54346,20780540.0,43058970650.1525,,592.8554747721,280.6529351198,1,,,129694.71,820.7937678144394,51995.53,456.0939213399518,181690.23,938.1813845534966
Anguilla,Anguilla,AIA,United Kingdom,Caribbean,SIDS,14410.0,90247.35378,,144530.0,,,15.0100055743,0.0352719381,1,,,3283.6304,20.78098247873856,6.5347013,0.057321033203723545,3290.1653,20.78094404163976
Antarctica,,,,,,,12524451.06,,,,,,,0,,,,,,,,
Antigua and Barbuda,Antigua and Barbuda,ATG,Antigua and Barbuda,Caribbean,SIDS,93316.0,112003.5377,1688158621.5782309,644826.0,,,249.6354414798,8.691842744,1,,,54610.945,345.6141017507336,1610.3058,14.12526405538076,56221.246,345.87361725409994
Argentina,Argentina,ARG,Argentina,Americas,Developing economies,45538401.0,3850468.218,589035991825.9438,195805970.0,200956281075.8405,1187.2151242691,,,1,199452.17,0.00022097639359969294,,,,,199452.17,0.00022097639359969294
Armenia,Armenia,ARM,Armenia,Asia,Developing economies,2943393.0,29732.93033,15463065783.758963,7608323.0,11958318306.017,,,,0,,,,,,,,
Aruba,Aruba,ABW,Netherlands,Caribbean,SIDS,107939.0,30196.5565,3458629980.6177616,867180.0,,,33.0869116778,0.4329422039,1,,,7238.184,45.808012179301016,80.20961,0.703581886757731,7318.3945,45.811967999864414
Ascension,Ascension,SHN,United Kingdom,Africa,Developing economies,5289.0,446104.7597,,11118.0,,,,,0,,,,,,,,
Australia,Australia,AUS,Australia,Oceania,Developed economies,26451124.0,14559566.31,1634027215240.6533,382972000.0,,13186.5855516723,41065.9087326225,10036.8835398962,0,2215346.2,0.0017678111487975435,8983693.0,56854.738050033644,1859496.4,16311.112871051682,13058536.0,59115.98453502023
Austria,Austria,AUT,Austria,Europe,Developed economies,9130429.0,83989.03008,418735512774.00745,58578050.0,,,,,0,,,,,,,,
Azerbaijan,Azerbaijan,AZE,Azerbaijan,Asia,Developing economies,10318207.0,166590.1638,57383526259.1424,43936972.0,10972173049.3025,,,,0,,,,,,,,
Azores,Azores,,Portugal,,,,962788.3495,,,,,,,0,,,,,,,,
Bahamas,Bahamas,BHS,Bahamas,Caribbean,SIDS,399440.0,633060.0463,12404130127.191605,2505352.0,,,79757.0,1497.9220880028,1,,,17447864.0,110421.59734454987,277514.5,2434.2991502373166,17725376.0,110443.42164760843
Bahrain,Bahrain,BHR,Bahrain,Asia,Developing economies,1569666.0,8272.090041,36743087753.01661,36526764.0,,,535.7478652347,0.5836400717,1,,,117201.69,741.7297004235872,108.12885,0.9484836008371745,117309.81,741.7283714871728
Bajo Nuevo Bank,Bajo Nuevo Bank,,Colombia,,,,1553.214326,,,,,,,0,,,,,,,,
Bangladesh,Bangladesh,BGD,Bangladesh,Asia,LDCs,171466990.0,250237.1507,323279975125.39056,113426860.0,76592831348.9265,,,4482.3272145269,1,,,,,830424.2,7284.307300162424,830424.2,7284.307300162424
Barbados,Barbados,BRB,Barbados,Caribbean,SIDS,282336.0,185441.1234,4988546956.990095,1191738.0,,,89.6291679305,0.1084302472,1,,,19607.527,124.08936293244336,20.08847,0.1762118612097425,19627.613,124.08913054097816
Bassas da India,Bassas da India,ATF,France,Africa,Developing economies,,120802.1517,,,,,,,0,,,,,,,,
Belarus,Belarus,BLR,Belarus,Europe,Developed economies,9115680.0,207594.6878,59501256894.3374,56490772.0,27711930772.4725,,,,0,,,,,,,,
Belgium,Belgium,BEL,Belgium,Europe,Developed economies,11712893.0,34122.1657,523542297257.96826,83368480.0,,4.8730908933,,,1,818.6794,8.631890374988005e-07,,,,,818.6794,8.631890374988005e-07
Belize,Belize,BLZ,Belize,Americas,SIDS,411106.0,54990.19842,2623271102.7779083,667898.0,1139988999.6995,,4692.2744180261,519.3732934924,1,,,1026495.0,6496.33824615815,96222.375,844.0425273814355,1122717.4,6549.218463515779
Benin,Benin,BEN,Benin,Africa,LDCs,14111034.0,150707.2389,17831064526.399136,5592317.0,9424478544.143,,1342.7526594473,28.8436640741,1,,,293744.28,1859.0079419730125,5343.7593,46.87433669900885,299088.06,1859.5024611804301
Bermuda,Bermuda,BMU,United Kingdom,Americas,SIDS,64697.99999999999,464453.075,7150073873.987644,522532.0,,,,0.2094120034,1,,,,,38.79699,0.3403190721272357,38.79699,0.3403190721272357
Bhutan,Bhutan,BTN,Bhutan,Asia,Developing economies,786385.0,40035.13991,2610564317.156727,1713060.0,2468148408.7755,,,,0,,,,,,,,
Bolivia,Bolivia,BOL,Bolivia,Americas,Developing economies,12244159.0,1082640.856,39256060138.67176,23359406.0,12311737700.156,,,,0,,,,,,,,
Bonaire,Bonaire,BES,Netherlands,Caribbean,Developing economies,29898.0,13290.22322,,114883.0,,,2.610121266,1.8399214185,1,,,570.9973,3.6136484558902704,340.8755,2.990088104277793,911.8728,4.685578023261442
Bosnia and Herzegovina,Bosnia and Herzegovina,BIH,Bosnia and Herzegovina,Europe,Developed economies,3185073.0,50997.81703,20616871525.35991,20179128.0,10577693977.0655,,,,0,,,,,,,,
Botswana,Botswana,BWA,Botswana,Africa,Developing economies,2480244.0,578166.1667,17946366788.711197,6713559.0,1569505737.6075,,,,0,,,,,,,,
Bouvet,Bouvet,BVT,Norway,Americas,Developing economies,,50.71955487,,,,,,,0,,,,,,,,
Brazil,Brazil,BRA,Brazil,Americas,Developing economies,211140729.0,11678266.58,1954752120905.4956,486470080.0,458372194823.915,59.6879211643,426.4758433232,11375.5504338577,0,10027.57,0.0,93297.03,590.445258384143,2107506.2,18486.60422628391,2210831.0,18494.816791262747
British Virgin Islands,British Virgin Islands,VGB,United Kingdom,Caribbean,SIDS,38985.0,81722.13214,,185295.0,,,40.8966706624,0.9839715953,1,,,8946.669,56.620432658800155,182.29678,1.5990691827161685,9128.967,56.63971944290445
Brunei,Brunei,BRN,Brunei,Asia,Developing economies,458949.0,48853.87613,13183357642.33033,11769600.0,,,,109.8247266832,1,,,,,20346.822,178.47805624095074,20346.822,178.47805624095074
Bulgaria,Bulgaria,BGR,Bulgaria,Europe,Developed economies,6795803.0,145697.603,62887874404.35671,36093596.0,,0.3155953668,,,1,53.02002,0.0,,,,,53.02002,0.0
Burkina Faso,Burkina Faso,BFA,Burkina Faso,Africa,LDCs,23025776.0,273981.2237,17181836771.13557,6186583.0,7850029098.472,,,,0,,,,,,,,
Burundi,Burundi,BDI,Burundi,Africa,LDCs,13689450.0,26832.74372,3470696161.982592,709700.0,787330246.3165,,,,0,,,,,,,,
Cambodia,Cambodia,KHM,Cambodia,Asia,LDCs,17423880.0,230091.0526,26312274342.205734,20178442.0,17012872287.2675,,,622.0971799122,1,,,,,115253.65,1010.9808074115194,115253.65,1010.9808074115194
Cameroon,Cameroon,CMR,Cameroon,Africa,Developing economies,28372687.0,480130.3404,41854256684.235855,9941406.0,11550952338.9305,,,1970.7793647354,1,,,,,365119.03,3202.747682017635,365119.03,3202.747682017635
Canada,Canada,CAN,Canada,Americas,Developed economies,39299105.0,15700139.08,1779875574624.5852,549299000.0,,1114.0426138559,338.0805509232,,1,187159.17,0.00011048819679984647,73959.44,468.06416852574057,,,261118.6,468.06416852574057
Canary Islands,Canary Islands,,Spain,,,,453419.4586,,,,,2062.5431310577,,1,,,451207.7,2855.5402030461555,,,451207.7,2855.5402030461555
Cape Verde,Cape Verde,CPV,Cape Verde,Africa,SIDS,522331.0,806027.0356,2214881716.0906777,534969.0,1850841876.923,,,,0,,,,,,,,
Cayman Islands,Cayman Islands,CYM,United Kingdom,Caribbean,SIDS,73038.0,118567.3013,5697740746.843133,,,,44.9848554788,44.3153331966,1,,,9841.011,62.28042234531149,8210.139,72.0176126998594,18051.15,95.11540122828448
Central African Republic,Central African Republic,CAF,Central African Republic,Africa,LDCs,5152421.0,620252.6857,2052368906.1435351,281213.0,770761440.551,,,,0,,,,,,,,
Ceuta,Ceuta,,Spain,,,,53.21027835,,,,,,,0,,,,,,,,
Chad,Chad,TCD,Chad,Africa,LDCs,19319064.0,1270766.578,10957423661.064392,3079389.0,2426601481.3105,,,,0,,,,,,,,
Chafarinas Islands,Chafarinas Islands,,Spain,,,,26.11627785,,,,,,,0,,,,,,,,
Chagos Archipelago,Chagos Archipelago,,Republic of Mauritius,,,,647738.231,,,,,,,0,,,,,,,,
Chile,Chile,CHL,Chile,Americas,Developing economies,19658835.0,3244211.698,279676771459.2289,77287704.0,,9.2112564191,,,1,1547.4908,8.631890374988005e-07,,,,,1547.4908,8.631890374988005e-07
China,China,CHN,China,Asia,Developing economies,1422584933.0,10340834.12,17173989334581.701,11902503000.0,1827259180805.1423,5421.2208431855,8075.0073487158,206.55837377,0,910765.06,0.0,1766511.0,11179.64830419422,38268.31,335.68157427521305,2715544.2,11183.99704332737
Christmas Island,Christmas Island,CXR,Australia,Oceania,Developed economies,,328133.6411,,0.0,,,158.4675802562,,1,,,34666.805,219.39444397509786,,,34666.805,219.39444397509786
Clipperton Island,Clipperton Island,,France,,,,435659.2121,,,,,,,0,,,,,,,,
Cocos Islands,Cocos Islands,CCK,Australia,Oceania,Developed economies,,467456.8656,,,,,215.1809427618,,1,,,47073.582,297.91270211070884,,,47073.582,297.91270211070884
Collectivity of Saint Martin,Collectivity of Saint Martin,MAF,France,Caribbean,Developing economies,27515.0,1155.029918,,,,,48.6839978735,0.0103011623,1,,,10650.246,67.40179367590699,1.9084584,0.01674059637724574,10652.155,67.40175964305493
Colombia,Colombia,COL,Colombia,Americas,Developing economies,52321152.0,1855095.355,356793627488.7035,105238664.0,149116408496.23102,,430.8488816356,2784.0928490099,1,,,94253.69,596.4996503069225,515798.62,4524.47736110245,610052.25,4562.412362906849
Colombian Exclusive Economic Zone (Quitasueño Bank),Quitasueño Bank,,Colombia,,,,4008.865682,,,,,,,0,,,,,,,,
Comores,Comores,COM,Comores,Africa,SIDS,850387.0,166148.6598,1171138792.0164423,448731.0,309052047.451,,1265.1507921094,0.9699378602,1,,,276767.9,1751.5700204881884,179.69682,1.5762627414906154,276947.6,1751.5674341923996
Cook Islands,Cook Islands,COK,New Zealand,Oceania,SIDS,14222.0,1969814.156,,72832.0,,,,0.0327153751,1,,,,,6.0610576,0.053166322944085284,6.0610576,0.053166322944085284
Costa Rica,Costa Rica,CRI,Costa Rica,Americas,Developing economies,5105525.0,632867.9047,73105190309.2925,8279033.5,29463964312.3475,,,368.211787166,1,,,,,68217.24,598.3873249218531,68217.24,598.3873249218531
Croatia,Croatia,HRV,Croatia,Europe,Developed economies,3896023.0,112170.1033,66407902523.77938,17524080.0,,5.3796232593,299.6174028317,,1,903.7766,8.631890374988005e-07,65545.14,414.81290169691044,,,66448.91,414.81290169691044
Crozet Islands,Crozet Islands,ATF,France,Africa,Developing economies,,575821.6657,,,,,,,0,,,,,,,,
Cuba,Cuba,CUB,Cuba,Caribbean,SIDS,11019931.0,462964.0389,83527267339.32599,23097436.0,,,13906.1906719471,,1,,,3042156.8,19252.77755814175,,,3042156.8,19252.77755814175
Curaçao,Curaçao,CUW,Netherlands,Caribbean,SIDS,185427.0,25838.3905,2608672800.245662,2023421.0,,,,0.4441490499,1,,,,,82.28585,0.7217942707922164,82.28585,0.7217942707922164
Cyprus,Cyprus,CYP,Cyprus,Asia,Developed economies,1344976.0,107717.1685,28577218405.253716,7174221.0,,19.5673118179,69.8778706976,,1,3287.3083,0.0,15286.677,96.74418523771268,,,18573.984,96.74418523771268
Czech Republic,Czech Republic,CZE,Czech Republic,Europe,Developed economies,10809716.0,78841.84408,215302078357.6402,85624184.0,,,,,0,,,,,,,,
Democratic Republic of the Congo,Democratic Republic of the Congo,COD,Democratic Republic of the Congo,Africa,LDCs,105789731.0,2342345.487,56837576516.86883,4615953.0,8355503187.596001,,,236.3872634144,1,,,,,43794.594,384.1570180967252,43794.594,384.1570180967252
Denmark,Denmark,DNK,Denmark,Europe,Developed economies,5948136.0,147744.0325,362953266629.8091,27264778.0,,304.3514896613,1182.1938121945,,1,51131.06,5.5244098399923235e-05,258620.0,1636.7182592421113,,,309751.03,1636.7182592421113
Djibouti,Djibouti,DJI,Djibouti,Africa,LDCs,1152944.0,28895.09636,3549091358.5237513,492543.0,2588640346.2765,,,7.0912418152,1,,,,,1313.7683,11.524099475596179,1313.7683,11.524099475596179
Dominica,Dominica,DMA,Dominica,Caribbean,SIDS,66510.0,29307.45227,558681739.5701864,163060.0,451592618.9205,,513.932054341,0.0146515174,1,,,112429.21,711.52623665149,2.7144327,0.023810433538152213,112431.92,711.52623665149
Dominican Republic,Dominican Republic,DOM,Dominican Republic,Caribbean,SIDS,11331265.0,398851.9321,100365578190.53175,32019646.0,39453754599.5685,,346.6886384632,190.5646372618,1,,,75842.56,479.9818494586545,35305.203,309.68989163550214,111147.77,570.6829535239966
Doumeira Islands,Doumeira Islands,,Eritrea,,,,245.903579,,,,,,,0,,,,,,,,
East Timor,East Timor,TLS,East Timor,Asia,SIDS,1384286.0,89659.78377,1851106829.1772978,632121.0,232074948.6145,,334.7823342356,8.5570678111,1,,,73237.914,463.4979014252721,1585.3364,13.906238440835777,74823.26,463.6778874975684
Easter Island,Easter Island,,Chile,,,,729932.3374,,,,,,,0,,,,,,,,
Ecuador,Ecuador,ECU,Ecuador,Americas,Developing economies,17980083.0,484248.1905,112162610913.16594,43172870.0,45725533038.4675,0.0870523702,,1465.9738155052,1,14.6248,1.3487328710918758e-08,,,271595.56,2382.3792197434336,271610.22,2382.3792197434336
Egypt,Egypt,EGY,Egypt,Africa,Developing economies,114535772.0,1226673.099,470886489666.42615,269006200.0,126887036880.218,,2438.7337198099,2.0322796169,1,,,533504.1,3376.366699302516,376.51297,3.302692832976971,533880.7,3376.3615312647976
El Salvador,El Salvador,SLV,El Salvador,Americas,Developing economies,6309624.0,115630.1488,28274665875.30024,8230260.0,17169835108.4495,,,369.4258995836,1,,,,,68442.17,600.3604208905751,68442.17,600.3604208905751
Equatorial Guinea,Equatorial Guinea,GNQ,Equatorial Guinea,Africa,Developing economies,1847549.0,330928.1973,9440987169.357283,6141370.0,,,,254.532945152,1,,,,,47156.38,413.64588537385976,47156.38,413.64588537385976
Eritrea,Eritrea,ERI,Eritrea,Africa,LDCs,3470390.0,199286.1331,,620764.0,538148250.0205001,,16.3330002004,73.4137384352,1,,,3573.0525,22.612635727944856,13601.095,119.30594282616302,17174.146,121.3842731502249
Estonia,Estonia,EST,Estonia,Europe,Developed economies,1367196.0,81842.11413,27658753938.98749,10018740.0,,3.9012615752,,,1,655.412,4.3159451874940027e-07,,,,,655.412,4.3159451874940027e-07
Ethiopia,Ethiopia,ETH,Ethiopia,Africa,LDCs,128691692.0,1129076.695,112653319434.8363,15227142.0,25134155490.766,,,,0,,,,,,,,
Europa Island,Europa Island,ATF,France,Africa,Developing economies,,127985.5126,,,,,,6.7230182021,1,,,,,1245.5488,10.925692694655242,1245.5488,10.925692694655242
Faeroe,Faeroe,FRO,Denmark,Europe,Developed economies,54714.0,266742.342,3169430571.8820496,797616.0,,,,,0,,,,,,,,
Falkland Islands,Falkland / Malvinas Islands,FLK,United Kingdom,Americas,Developing economies,,562938.29,,,,,,,0,,,,,,,,
Federal Republic of Somalia,Federal Republic of Somalia,SOM,Federal Republic of Somalia,Africa,LDCs,18358615.0,1454124.33,9236430682.686113,557614.0,2282239463.9605,,,34.6370844949,1,,,,,6417.085,56.289322475148296,6417.085,56.289322475148296
Fiji,Fiji,FJI,Fiji,Oceania,SIDS,924145.0,1315157.77,5336367607.302078,1146151.0,2527499695.4290004,,1736.2949932675,487.2593668274,1,,,379836.72,2403.857573006114,90272.74,791.8535914984781,470109.44,2529.374377824564
Finland,Finland,FIN,Finland,Europe,Developed economies,5601185.0,420076.1537,256537132518.7499,31622000.0,,133.2318237148,,,1,22382.947,0.0,,,,,22382.947,0.0
France,France,FRA,France,Europe,Developed economies,66438822.0,897522.0351,2656973944325.3457,272475840.0,,800.792595264,1094.5051404912,,1,134533.14,0.00011048819679984647,239436.98,1515.3153143223924,,,373970.16,1515.315425045581
French Guiana,French Guiana,GUF,France,Americas,Developing economies,303402.0,214504.1101,,,,,,635.7043780956,1,,,,,117774.6,1033.0941946922533,117774.6,1033.0941946922533
French Polynesia,French Polynesia,PYF,France,Oceania,SIDS,281118.0,4774877.62,5899733908.231991,916154.0,,,785.2108340843,1.2587179809,1,,,171774.9,1087.1049992154972,233.19804,2.045564317411905,172008.1,1087.1027227420275
Gabon,Gabon,GAB,Gabon,Africa,Developing economies,2484789.0,463413.3578,16214753599.298986,5410930.0,5729015342.809,,,1743.9924236951,1,,,,,323103.1,2834.192087206398,323103.1,2834.192087206398
Galapagos,Galapagos,,Ecuador,,,,849472.6397000002,,,,,,50.2139757278,1,,,,,9302.958,81.60359316721838,9302.958,81.60359316721838
Gambia,Gambia,GMB,Gambia,Africa,LDCs,2697845.0,33723.36947,1962179256.1582973,710899.0,1000411697.0015,,,610.5583841905,1,,,,,113115.91,992.2290023299123,113115.91,992.2290023299123
Georgia,Georgia,GEO,Georgia,Asia,Developing economies,3807492.0,92515.43535,22887810113.831554,11768941.0,18472995944.99,,,,0,,,,,,,,
Germany,Germany,DEU,Germany,Europe,Developed economies,84548231.0,414273.458,3622499230389.373,596151360.0,,202.8151075803,317.2246646485,,1,34072.938,0.0,69396.95,439.1897174230682,,,103469.89,439.1897174230682
Germany,Germany,DEU,Germany,Europe,Developed economies,84548231.0,414273.458,3622499230389.373,596151360.0,,202.8151075803,317.2246646485,,1,34072.938,0.0,69396.95,439.1897174230682,,,103469.89,439.1897174230682
Ghana,Ghana,GHA,Ghana,Africa,Developing economies,33787914.0,466117.5817,70508824388.01715,19647176.0,33025195621.8555,,2713.6813560531,178.0888239632,1,,,593652.5,3757.0249738347893,32993.86,289.4152162227291,626646.3,3767.5623040310165
Gibraltar,Gibraltar,GIB,United Kingdom,Europe,Developed economies,38471.0,394.8886291,,,,,,,0,,,,,,,,
Glorioso Islands,Glorioso Islands,,Madagascar,,,,43537.67295,,,,,,,0,,,,,,,,
Grand Duchy of Luxembourg,Grand Duchy of Luxembourg,LUX,Grand Duchy of Luxembourg,Europe,Developed economies,665098.0,2595.470758,70870003856.63783,6993124.0,,,,,0,,,,,,,,
Greece,Greece,GRC,Greece,Europe,Developed economies,10242908.0,615356.1362,215793609025.3217,55196200.0,,,626.4317346594,,1,,,137039.95,867.2793413620767,,,137039.95,867.2793413620767
Greenland,Greenland,GRL,Denmark,Americas,Developed economies,55922.0,4437543.214,2713483852.1753616,596405.0,,,,,0,,,,,,,,
Grenada,Grenada,GRD,Grenada,Caribbean,SIDS,117081.0,25929.44268,1152594316.5676591,339363.0,548992148.845,,10.2293264417,1.9255285289,1,,,2237.796,14.162249707791458,356.73557,3.1292095867218417,2594.5315,14.497551975097846
Guadeloupe,Guadeloupe,GLP,France,Caribbean,SIDS,376517.0,92355.18888,,,,,758.3848122393,34.1929994847,1,,,165906.38,1049.96508381722,6334.811,55.56763254349896,172241.17,1051.3203205940351
Guam,Guam,GUM,United States,Oceania,SIDS,166506.0,208784.2053,5719850773.430391,,,0.0799664038,473.2691110017,0.5224856718,0,13.434357,6.743664355459379e-09,103533.67,655.2293884548027,96.798996,0.8491004466954595,103643.9,655.2282041585024
Guatemala,Guatemala,GTM,Guatemala,Americas,Developing economies,18124838.0,218931.7525,80906407059.09987,20382320.0,19150458164.958,,0.1797344864,248.9808509726,1,,,39.319214,0.24883795131832445,46127.766,404.6230842273022,46167.086,404.62263069391395
Guernsey,Guernsey,GGY,United Kingdom,Europe,Developed economies,64016.99999999999,3768.532398,,,,,,,0,,,,,,,,
Guinea,Guinea,GIN,Guinea,Africa,LDCs,14405468.0,346871.3948,14755537829.156134,4042787.0,3898922758.4445,,12808.1078549931,2184.5761293394,1,,,2801937.2,17732.50855624338,404728.38,3550.1923105158457,3206665.5,18077.245759492725
Guinea-Bissau,Guinea-Bissau,GNB,Guinea-Bissau,Africa,SIDS,2153339.0,140611.56,1617578278.9288015,298003.0,851667801.516,,15319.1062725608,2675.5202435335,1,,,3351250.2,21208.925584699184,495683.78,4348.034137185294,3846933.8,21641.270517255172
Guyana,Guyana,GUY,Guyana,Americas,SIDS,826353.0,345516.279,18982777676.395844,3545070.0,2229193156.5615,,,267.353039156,1,,,,,49531.51,434.480003930596,49531.51,434.480003930596
Haiti,Haiti,HTI,Haiti,Caribbean,SIDS,11637398.0,130502.8419,14187369712.67641,3522026.0,1991395422.9335,,748.6292875703,150.0431056151,1,,,163772.22,1036.4587996889084,27797.934,243.83763375997128,191570.14,1064.2669644742825
Hala'ib Triangle,Halaib Triangle,,Sudan,,,,37610.64963,,,,,,0.6236022255,1,,,,,115.532486,1.013426737207769,115.532486,1.013426737207769
Hawaii,Hawaii,,United States,,,,2491444.428,,,,1.8657893071,592.8871412703,6.9320541083,0,313.4526,0.0,129701.63,820.8376642362554,1284.2761,11.265400673860523,131299.36,820.8917522331456
Heard and McDonald Islands,Heard and McDonald Islands,HMD,Australia,Oceania,Developed economies,,417684.5825,,,,,,,0,,,,,,,,
Honduras,Honduras,HND,Honduras,Americas,Developing economies,10644851.0,320588.1623000001,26904206369.372776,11042214.0,9679534332.2475,,2739.1957906176,600.9931089823,1,,,599234.06,3792.349196424309,111343.78,976.6842463057593,710577.9,3914.1524711498664
Howland and Baker islands,Howland and Baker Islands,UMI,United States,Oceania,Developed economies,,434897.4775,,,,,,,0,,,,,,,,
Hungary,Hungary,HUN,Hungary,Europe,Developed economies,9686463.0,93001.38934,156187937314.84885,40190156.0,,,,,0,,,,,,,,
Iceland,Iceland,ISL,Iceland,Europe,Developed economies,387558.0,865630.9691,22983555206.469723,3762450.0,,26.2857318694,,,1,4416.0034,3.452756149995202e-06,,,,,4416.0034,3.452756149995202e-06
India,India,IND,India,Asia,Developing economies,1438069596.0,4804678.648,3199055012896.7896,3062324500.0,488324234282.927,,2583.230114132,3446.1750775844,1,,,565114.7,3576.418452380712,638460.1,5600.438309421475,1203574.8,6638.772322846479
Indonesia,Indonesia,IDN,Indonesia,Asia,Developing economies,281190067.0,7906619.381,1178924195813.5652,733223940.0,306571090750.123,,17597.0823649314,,1,,,3849586.2,24362.72657202509,,,3849586.2,24362.72657202509
Iran,Iran,IRN,Iran,Asia,Developing economies,90608707.0,1838516.136,511846684554.5944,817879900.0,7475158764.000501,,2704.3209827839,102.63787859,1,,,591604.75,3744.0657887709413,19015.34,166.79858062035433,610620.1,3747.43667279918
Iraq,Iraq,IRQ,Iraq,Asia,Developing economies,45074049.0,438531.6527,188215848693.25772,176457950.0,15350201246.447,,90.6672882819,,1,,,19834.627,125.5266291137097,,,19834.627,125.5266291137097
Ireland,Ireland,IRL,Ireland,Europe,Developed economies,5196630.0,498255.4494,482999506836.7123,34432788.0,,99.0633788019,3.6013766773,,1,16642.645,1.3811024599980809e-05,787.8471,4.986017326327589,,,17430.492,4.986017326327589
Islas San Félix and San Ambrosio,Islas San Félix and San Ambrosio,CHL,Chile,Americas,Developing economies,19658835.0,450968.2044,279676771459.2289,77287704.0,,,,,0,,,,,,,,
Isle of Man,Isle of Man,IMN,United Kingdom,Europe,Developed economies,84165.0,4540.893665,7279527750.176964,,,,,,0,,,,,,,,
Israel,Israel,ISR,Israel,Asia,Developed economies,9256314.0,46692.92813,416360345096.69434,59489496.0,,,17.3956373442,,1,,,3805.518,24.083831016385687,,,3805.518,24.083831016385687
Italy,Italy,ITA,Italy,Europe,Developed economies,59499453.0,837224.5569,1984600131128.5137,313460640.0,,439.3309839357,3724.9805100926,,1,73807.62,5.5244098399923235e-05,814887.06,5157.143559295412,,,888694.7,5157.143299026446
Ivory Coast,Ivory Coast,CIV,Ivory Coast,Africa,Developing economies,31165654.0,492520.1653,71993628609.49347,13195601.0,27593650912.7935,,,53.4962968508,1,,,,,9911.0625,86.937749419074,9911.0625,86.937749419074
Jamaica,Jamaica,JAM,Jamaica,Caribbean,SIDS,2839786.0,267911.9523,15132129758.476301,7648698.0,11588811231.297,,791.6998588876,97.6693403955,1,,,173194.45,1096.0888766430553,18094.838,158.72413331413978,191289.28,1107.1985284803593
Jan Mayen,Jan Mayen,SJM,Norway,Europe,Developed economies,,293290.5763,,,,,,,0,,,,,,,,
Japan,Japan,JPN,Japan,Asia,Developed economies,124370947.0,4438697.451,4616966465093.54,988784700.0,,,473.7326777891,10.2871928875,1,,,103635.07,655.8711862045509,1905.8704,16.717895427396837,105540.94,656.0498474356625
Jarvis Island,Jarvis Island,UMI,United States,Oceania,Developed economies,,323192.6875,,,,,,,0,,,,,,,,
Jersey,Jersey,JEY,United Kingdom,Europe,Developed economies,103674.0,2456.817384,,,,,,,0,,,,,,,,
Johnston Atoll,Johnston Atoll,UMI,United States,Oceania,Developed economies,,442448.3936,,,,,,,0,,,,,,,,
Joint regime area Torres Strait Treaty: Papua New Guinea / Australia,Papua New Guinea,PNG,Papua New Guinea,Oceania,SIDS,,2620.850591,,,,,2.1668535853,,1,,,474.02695,2.99995542410672,,,474.02695,2.99995542410672
Joint regime area: Barbados / Guyana,Barbados,BRB,Barbados,Caribbean,SIDS,,67.15753871,,,,,,,0,,,,,,,,
Joint regime area: Costa Rica / Ecuador (Galapagos),Costa Rica,CRI,Costa Rica,Americas,Developing economies,,17337.24221,,,,,,,0,,,,,,,,
Joint regime area: Croatia / Slovenia,Croatia,HRV,Croatia,Europe,Developed economies,,98.31893423,,,,,,,0,,,,,,,,
Joint regime area: Dominican Republic / Colombia,Dominican Republic,DOM,Dominican Republic,Caribbean,SIDS,,13110.70344,,,,,,,0,,,,,,,,
Joint regime area: Ecuador / Colombia,Ecuador,ECU,Ecuador,Americas,Developing economies,,18663.01955,,,,,,,0,,,,,,,,
Joint regime area: France / Italy,France,FRA,France,Europe,Developed economies,,67.04130144,,,,,,,0,,,,,,,,
Joint regime area: Honduras / United Kingdom (Cayman Islands),Honduras,HND,Honduras,Americas,Developing economies,,2075.281021,,,,,,,0,,,,,,,,
Joint regime area: Iceland / Denmark (Faeroe Islands),Faeroe,FRO,Denmark,Europe,Developed economies,,1233.688465,,,,,,,0,,,,,,,,
Joint regime area: Iceland / Norway (Jan Mayen),Iceland,ISL,Iceland,Europe,Developed economies,,45531.91287,,,,,,,0,,,,,,,,
Joint regime area: Jamaica / Colombia,Jamaica,JAM,Jamaica,Caribbean,SIDS,,15247.29485,,,,,,,0,,,,,,,,
Joint regime area: Norway / Russia,Norway,NOR,Norway,Europe,Developed economies,,3397.133426,,,,,,,0,,,,,,,,
Joint regime area: Peru / Ecuador,Peru,PER,Peru,Americas,Developing economies,,16091.21164,,,,,,,0,,,,,,,,
Joint regime area: Sao Tome and Principe / Nigeria,Sao Tome and Principe,STP,Sao Tome and Principe,Africa,SIDS,,34533.74955,,,,,,,0,,,,,,,,
Joint regime area: Senegal / Guinea-Bissau,Senegal,SEN,Senegal,Africa,LDCs,,63460.20895,,,,,,,0,,,,,,,,
Joint regime area: South Korea / Japan,South Korea,KOR,South Korea,Asia,Developed economies,,82609.98162,,,,,,,0,,,,,,,,
Joint regime area: Spain / France,France,FRA,France,Europe,Developed economies,,2859.492199,,,,,,,0,,,,,,,,
Joint regime area: Sweden / Norway,Norway,NOR,Norway,Europe,Developed economies,,140.2085364,,,,,,,0,,,,,,,,
Joint regime area: United Kingdom / Denmark (Faeroe Islands),United Kingdom,GBR,United Kingdom,Europe,Developed economies,,8010.585775,,,,,,,0,,,,,,,,
Joint regime area: United States / Russia,United States,USA,United States,Americas,Developed economies,,8478.16831,,,,,,,0,,,,,,,,
Joint regime area: Uruguay / Argentina,Uruguay,URY,Uruguay,Americas,Developing economies,,41413.8092,,,,,,,0,,,,,,,,
Jordan,Jordan,JOR,Jordan,Asia,Developing economies,11439213.0,89443.77602,45064321343.93934,21188884.0,33695529316.798496,,1.3705424897,,1,,,299.8237,1.8974823377204588,,,299.8237,1.8974823377204588
Juan de Nova Island,Juan de Nova Island,ATF,France,Africa,Developing economies,,62824.02726,,,,,,,0,,,,,,,,
Kazakhstan,Kazakhstan,KAZ,Kazakhstan,Asia,Developing economies,20330104.0,2836835.689,232848717043.77054,255161470.0,123181664814.0375,,,,0,,,,,,,,
Kenya,Kenya,KEN,Kenya,Africa,Developing economies,55339003.0,707484.6591,99939292457.50002,21531040.0,32397069670.921,,116.0615719036,542.0699299071,1,,,25389.951,160.68438257435028,100427.305,880.9272233380922,125817.26,895.1369008883761
Kerguélen,Kerguélen,ATF,France,Africa,Developing economies,,558169.7229000002,,,,,,,0,,,,,,,,
Kiribati,Gilbert Islands,KIR,Kiribati,Oceania,SIDS,397590.0,3441229.2672999995,797610991.900717,206997.0,,,496.2343497951,1.4648261908,2,,,108557.59,687.0242323497416,271.38297,2.380514378188067,108828.984,687.0874818386637
Kuril Islands,Kuril Islands,,Japan,,,,218735.0936,,,,,,,0,,,,,,,,
Kuwait,Kuwait,KWT,Kuwait,Asia,Developing economies,4838782.0,28241.48885,116668101996.92186,99233390.0,,,1568.6025533623,,1,,,343151.84,2171.691534482291,,,343151.84,2171.691534482291
Kyrgyzstan,Kyrgyzstan,KGZ,Kyrgyzstan,Asia,Developing economies,7073516.0,199637.6734,8975322159.940475,10152343.0,7636864478.799,,,,0,,,,,,,,
Laos,Laos,LAO,Laos,Asia,LDCs,7664993.0,229724.7134,20303702352.29504,24796292.0,15166926309.996,,,,0,,,,,,,,
Latvia,Latvia,LVA,Latvia,Europe,Developed economies,1882396.0,92872.99497,31886638241.206627,6512889.0,,0.7129094665,,,1,119.76879,0.0,,,,,119.76879,0.0
Lebanon,Lebanon,LBN,Lebanon,Asia,Developing economies,5773493.0,29064.42192,33944395264.176895,19475458.0,50053828102.414,,,,0,,,,,,,,
Lesotho,Lesotho,LSO,Lesotho,Africa,LDCs,2311472.0,30561.65539,2215449329.508964,3888782.0,1340588590.6115,,,,0,,,,,,,,
Liberia,Liberia,LBR,Liberia,Africa,LDCs,5493031.0,347612.3157,3589692300.477075,771001.0,1568933023.071,,,182.1353161055,1,,,,,33743.54,295.99124763190844,33743.54,295.99124763190844
Libya,Libya,LBY,Libya,Africa,Developing economies,7305659.0,1973738.166,67926705038.72879,60975930.0,,,11.5167549849,,1,,,2519.4375,15.94466378746083,,,2519.4375,15.94466378746083
Liechtenstein,Liechtenstein,LIE,Liechtenstein,Europe,Developed economies,39598.0,160.8089954,,157238.0,,,,,0,,,,,,,,
Lithuania,Lithuania,LTU,Lithuania,Europe,Developed economies,2854099.0,71779.08695,52308255949.66091,12461681.0,,,,,0,,,,,,,,
Macedonia,Macedonia,MKD,Macedonia,Europe,Developed economies,1831802.0,25437.19787,11506514048.907011,7448824.0,9523789279.482,,,,0,,,,,,,,
Macquarie Island,Macquarie Island,,Australia,,,,476412.8641,,,,,,,0,,,,,,,,
Madagascar,Madagascar,MDG,Madagascar,Africa,LDCs,31195932.0,1786627.146,13975132286.380466,4476379.0,4871508029.0515,57.8254622808,5764.7648300837,2758.3331165541,0,9714.679,6.905512299990404e-06,1261115.9,7981.1740423658375,511026.2,4482.6144264777295,1781856.6,9145.809734680128
Madeira,Madeira,,Portugal,,,,453615.7185,,,,,,,0,,,,,,,,
Malawi,Malawi,MWI,Malawi,Africa,LDCs,21104482.0,118501.0583,11482709535.228191,1752411.0,2721357106.8205,,,,0,,,,,,,,
Malaysia,Malaysia,MYS,Malaysia,Asia,Developing economies,35126298.0,847078.3438,401113360563.35,288823680.0,,,548.0749517944,5227.091421078,1,,,119898.39,758.7962540003965,968403.94,8494.636176236363,1088302.2,8526.904847531283
Maldives,Maldives,MDV,Maldives,Asia,SIDS,525994.0,924130.53,6009933940.437218,2062305.0,3020167766.9645,,2400.9672221328,0.9734406622,1,,,525242.25,3324.07994945491,180.34576,1.581955147627282,525422.56,3324.077122893912
Mali,Mali,MLI,Mali,Africa,LDCs,23769127.0,1252545.079,17764846569.98078,6761669.0,4875151588.761,,,,0,,,,,,,,
Malta,Malta,MLT,Malta,Europe,Developed economies,532956.0,53247.41011,17254541747.15687,1822230.0,,,70.4110839898,,1,,,15403.325,97.48241008045376,,,15403.325,97.48241008045376
Marshall Islands,Marshall Islands,MHL,Marshall Islands,Oceania,SIDS,38827.0,2004958.808,227999999.99999994,153331.0,,,525.8349166768,0.3254464617,1,,,115033.1,728.0054323216788,60.294262,0.5288886708574009,115093.39,728.0045680734131
Martinique,Martinique,MTQ,France,Caribbean,SIDS,346002.0,48905.09809,,,,,548.7793639129,19.4411010032,1,,,120052.49,759.7714867288468,3601.7812,31.594068174535405,123654.27,760.3631918823388
Matthew and Hunter Islands,Matthew and Hunter Islands,,France,,,,187185.5177,,,,,,,0,,,,,,,,
Mauritania,Mauritania,MRT,Mauritania,Africa,LDCs,5022441.0,1212054.797,7917371715.89145,4412598.0,3475685433.226,23.0,772.0,3.4594715486,0,3864.0,0.0,168884.86,1068.8149562934734,640.9235,5.622046734995585,173389.77,1068.8181743398313
Mayotte,Mayotte,MYT,France,Africa,Developing economies,316015.0,67285.12793,,,,,1484.3952218942,6.7533274632,1,,,324730.44,2055.108587448369,1251.164,10.97494811624673,325981.6,2055.115445257581
Melilla,Melilla,,Spain,,,,40.73956715,,,,,,,0,,,,,,,,
Mexico,Mexico,MEX,Mexico,Americas,Developing economies,129739759.0,5138716.724,1326554712608.3315,482623460.0,449917841014.59,2714.0569471771,9758.378052241,9921.3205130288,0,455961.56,0.0,2134770.0,13510.23326847303,1838086.4,16123.308695214902,4428817.5,21014.080415302124
Micronesia,Micronesia,FSM,Micronesia,Oceania,SIDS,112630.0,3009867.645,336344290.3734163,149498.0,,,1584.2227649027,87.1055536458,1,,,346568.97,2193.3173079688836,16137.725,141.55673833367447,362706.7,2197.590051494619
Moldova,Moldova,MDA,Moldova,Europe,Developed economies,3067070.0,33855.6426,9164831732.38352,5962224.0,8032201706.082,,,,0,,,,,,,,
Monaco,Monaco,MCO,Monaco,Europe,Developed economies,38956.0,290.5136861,8339290931.819639,,,,0.4232879985,,1,,,92.59966,0.5860317838330811,,,92.59966,0.5860317838330811
Mongolia,Mongolia,MNG,Mongolia,Asia,Developing economies,3431932.0,1564953.688,15456208129.696028,46869964.0,25912572024.2215,,,,0,,,,,,,,
Montenegro,Montenegro,MNE,Montenegro,Europe,Developed economies,633552.0,20237.20393,5160619234.927781,2328379.0,6505456412.2715,1.0502616735,,,1,176.44392,2.1579725937470013e-07,,,,,176.44392,2.1579725937470013e-07
Montserrat,Montserrat,MSR,United Kingdom,Caribbean,SIDS,4420.0,7288.804817,,22235.0,,,12.9999232775,,1,,,2843.8992,17.998073267215762,,,2843.8992,17.998073267215762
Morocco,Morocco,MAR,Morocco,Africa,Developing economies,37712505.0,686691.5903,129532155782.89392,68667610.0,52296798825.4375,,,,0,,,,,,,,
Mozambique,Mozambique,MOZ,Mozambique,Africa,LDCs,33635160.0,1352536.737,20437391974.129997,8023384.0,50470026201.365,,689.8324937973,2978.680385156,1,,,150909.69,955.0561468132531,551849.1,4840.704985884426,702758.75,4932.093210898809
Myanmar,Myanmar,MMR,Myanmar,Asia,LDCs,54133798.0,1165256.57,63784628823.77949,30233224.0,9182387250.4675,,2933.5359685211,5319.8569842173,1,,,641748.5,4061.4082906878566,985590.25,8645.391125225646,1627338.6,9544.28692661948
Namibia,Namibia,NAM,Namibia,Africa,Developing economies,2963095.0,1386405.326,11749736033.67952,4174205.8,,,,,0,,,,,,,,
Nauru,Nauru,NRU,Nauru,Oceania,SIDS,11875.0,309282.8981,100293157.0493269,57499.0,,,,,0,,,,,,,,
Navassa Island,Navassa Island,,Haiti,,,,13895.46578,,,,,,,0,,,,,,,,
Nepal,Nepal,NPL,Nepal,Asia,LDCs,29694614.0,147296.9028,33735853500.290012,16677210.0,7526214694.42,,,,0,,,,,,,,
Netherlands,Netherlands,NLD,Netherlands,Europe,Developed economies,18092524.0,99460.48933,895765770359.8453,118668370.0,,151.2944475334,1.1224619492,,1,25417.465,1.3811024599980809e-05,245.55287,1.5540208328839906,,,25663.02,1.5540207814020541
New Caledonia,New Caledonia,NCL,France,Oceania,SIDS,289870.0,1198282.794,,5067623.0,,,1469.2951856795,334.8082100499,1,,,321427.1,2034.202893502975,62028.68,544.1025678078488,383455.75,2104.6322629274946
New Zealand,New Zealand,NZL,New Zealand,Oceania,Developed economies,5172836.0,4374135.887,217933683113.80746,30119236.0,,168.1917636481,,277.2352916621,1,28256.217,1.3811024599980809e-05,,,51362.363,450.53984435959467,79618.58,450.5398676345262
Nicaragua,Nicaragua,NIC,Nicaragua,Americas,Developing economies,6823613.0,341809.2869,15399345045.34212,5588379.0,11448376616.284,,5532.4201101315,743.4585878993,1,,,1210287.5,7659.498932992546,137737.84,1208.2074619462483,1348025.4,7751.750071097038
Niger,Niger,NER,Niger,Africa,LDCs,26159867.0,1181112.974,14705444103.890184,2597634.0,4237811060.863,,,,0,,,,,,,,
Nigeria,Nigeria,NGA,Nigeria,Africa,Developing economies,227882945.0,1087016.427,550647684655.9976,128539720.0,77373684475.309,,8829.3065752691,8392.5148781293,1,,,1931523.6,12223.957275235804,1554850.2,13638.820314213088,3486374.0,18296.36098285899
Niue,Niue,NIU,New Zealand,Oceania,SIDS,1817.0,318407.1764,,7667.0,,,,,0,,,,,,,,
Norfolk Island,Norfolk Island,NFK,Australia,Oceania,Developed economies,,430640.4739,,,,,,,0,,,,,,,,
North Korea,North Korea,PRK,North Korea,Asia,Developing economies,26418204.0,236798.6621,,60764244.0,,4.9118865079,,,1,825.197,4.3159451874940027e-07,,,,,825.197,4.3159451874940027e-07
Northern Mariana Islands,Northern Mariana Islands,MNP,United States,Oceania,SIDS,45143.0,764117.3579,729103030.3030304,,,0.0016172742,,,1,0.27170208,0.0,,,,,0.27170208,0.0
Norway,Norway,NOR,Norway,Europe,Developed economies,5519167.0,1256754.973,435713464916.813,38901000.0,,,62.2705825703,,1,,,13622.486,86.2120852851992,,,13622.486,86.2120852851992
Oecusse,Oecusse,,East Timor,,,,2578.265425,,,,,,1.9302585377,1,,,,,357.6119,3.136896479958543,357.6119,3.136896479958543
Oman,Oman,OMN,Oman,Asia,Developing economies,5049269.0,864660.6732,87416511280.57806,78511300.0,,,,1.3646663791,1,,,,,252.8267,2.2177427441306072,252.8267,2.2177427441306072
Overlapping claim Liancourt Rocks: Japan / South Korea,Liancourt Rocks,,Japan,,,,1623.62846,,,,,,,0,,,,,,,,
Overlapping claim South China Sea,China,CHN,China,Asia,Developing economies,,338839.1232,,,,,,,0,,,,,,,,
Overlapping claim: Canada / United States,Canada,CAN,Canada,Americas,Developed economies,,24772.31068,,,,,,,0,,,,,,,,
Overlapping claim: Colombia / Dominican Republic / Venezuela,Colombia,COL,Colombia,Americas,Developing economies,,868.704255,,,,,,,0,,,,,,,,
Overlapping claim: Egypt / Libya,Egypt,EGY,Egypt,Africa,Developing economies,,8113.729769,,,,,,,0,,,,,,,,
Overlapping claim: Guyana / Trinidad and Tobago / Venezuela,Guyana,GUY,Guyana,Americas,SIDS,,3611.536364,,,,,,,0,,,,,,,,
Overlapping claim: Iraq / Iran,Iraq,IRQ,Iraq,Asia,Developing economies,,27.70172116,,,,,,,0,,,,,,,,
Overlapping claim: Malaysia / Singapore,Malaysia,MYS,Malaysia,Asia,Developing economies,,286.6073886,,,,,,,0,,,,,,,,
Overlapping claim: Qatar / Saudi Arabia / United Arab Emirates,Qatar,QAT,Qatar,Asia,Developing economies,,125.7368598,,,,,,,0,,,,,,,,
Overlapping claim: United States (Puerto Rico) / Dominican Republic,Puerto Rico,PRI,United States,Caribbean,SIDS,,18296.8053,,,,,,,0,,,,,,,,
Overlapping claim: Venezuela / Netherlands (Aruba) / Dominican Republic,Venezuela,VEN,Venezuela,Americas,Developing economies,,1113.317276,,,,,,,0,,,,,,,,
Pakistan,Pakistan,PAK,Pakistan,Asia,Developing economies,247504495.0,1096403.603,400165100120.7807,200666690.0,98789765095.487,,,777.4546405073,1,,,,,144036.17,1263.454987067231,144036.17,1263.454987067231
Palau,Palau,PLW,Palau,Oceania,SIDS,17727.0,616992.7204,225375185.65177235,222330.0,,,727.4325533265,56.9219440142,1,,,159135.17,1007.1123889657005,10545.719,92.50483347853151,169680.89,1011.1624323402589
Palestine,Palestine,PSE,Palestine,Asia,Developing economies,5409202.0,7372.715335,14773700000.0,3496897.0,,,,,0,,,,,,,,
Palmyra Atoll,Palmyra Atoll,UMI,United States,Oceania,Developed economies,,353675.8936,,,,,,,0,,,,,,,,
Panama,Panama,PAN,Panama,Americas,Developing economies,4458759.0,406250.2226,72803155248.87743,14018338.0,,,1791.3001132113,1528.2358256176,1,,,391869.78,2480.0109679316283,283130.62,2483.5623802643236,675000.44,3506.1664217584726
Papua New Guinea,Papua New Guinea,PNG,Papua New Guinea,Oceania,SIDS,10389635.0,2861551.097,25646325074.996456,8322015.0,11567070522.191,,9227.2574378643,4492.6365050735,1,,,2018580.5,12774.911043505215,832334.25,7301.061326154543,2850914.8,14701.02800733641
Paraguay,Paraguay,PRY,Paraguay,Americas,Developing economies,6844146.0,400752.4479000001,44019622007.03595,8139286.0,19902793661.54,,,,0,,,,,,,,
Perejil Island,Perejil Island,,Spain,,,,0.785737099,,,,,,,0,,,,,,,,
Peru,Peru,PER,Peru,Americas,Developing economies,33845617.0,2146765.779,221775234260.73746,55863636.0,68001012912.709,282.6696741037,,54.1852527689,1,47488.504,2.7622049199961617e-05,,,10038.702,88.05738985863387,57527.207,88.05738985863387
Peñón de Vélez de la Gomera,Peñón de Vélez de la Gomera,,Spain,,,,3.738562293,,,,,,,0,,,,,,,,
Philippines,Philippines,PHL,Philippines,Asia,Developing economies,114891199.0,2260600.759,430342487096.5727,154578660.0,91658576316.029,,14946.0027147582,2820.259491479,1,,,3269629.2,20692.372652672155,522499.06,4583.252402869785,3792128.5,21184.67440581984
Pitcairn,Pitcairn,PCN,United Kingdom,Oceania,Developing economies,,842344.1991,,,,,,,0,,,,,,,,
Poland,Poland,POL,Poland,Europe,Developed economies,38762844.0,342427.1866,633564398461.3344,289281540.0,,,2.6594927668,,1,,,581.798,3.682002164176014,,,581.798,3.682002164176014
Portugal,Portugal,PRT,Portugal,Europe,Developed economies,10430738.0,404204.1673,235532701003.00494,37228136.0,,198.9353711863,0.0380443627,,1,33421.133,5.5244098399923235e-05,8.322691,0.05267148150800594,,,33429.465,0.052671359875244864
Prince Edward Islands,Prince Edward Islands,,South Africa,,,,475239.5011,,,,,,,0,,,,,,,,
Puerto Rico,Puerto Rico,PRI,United States,Caribbean,SIDS,3242023.0,163631.3489,96564521010.4364,,,58.4387261237,600.654661828,81.9958562891,0,9817.706,0.0,131400.89,831.5915634659249,15191.07,133.2528830933974,156409.66,841.9294126293443
Qatar,Qatar,QAT,Qatar,Asia,Developing economies,2979082.0,42976.44118,170947179495.95364,115711816.0,,,1147.2089035422,4.595108877,1,,,250966.61,1588.2823388317431,851.3189,7.467590846159977,251817.9,1588.2846100143515
Republic of Mauritius,Republic of Mauritius,MUS,Republic of Mauritius,Africa,SIDS,1273588.0,1280968.84,14273219058.562893,4138937.0,14535515568.1795,,131.8322677674,3.9624566903,1,,,28839.994,182.51853813385128,734.10974,6.439456751167951,29574.105,182.61885985625568
Republic of the Congo,Republic of the Congo,COG,Republic of the Congo,Africa,Developing economies,6182885.0,376110.1204,10369226732.87588,7674340.0,5873262728.056,,,20.5416266422,1,,,,,3805.6711,33.382549904581985,3805.6711,33.382549904581985
Romania,Romania,ROU,Romania,Europe,Developed economies,19118479.0,267907.8796,236037846070.52167,68239480.0,,54.7212770144,,,1,9193.173,6.905512299990404e-06,,,,,9193.173,6.905512299990404e-06
Russia,Russia,RUS,Russia,Europe,Developed economies,145440500.0,24610608.92,1524520243059.5242,1815924700.0,,7043.8960256472,680.0401280493,,1,1183374.2,0.0017678111487975435,148767.47,941.4987384098405,,,1332142.0,941.4987384098405
Rwanda,Réunion,RWA,Rwanda,Africa,LDCs,,25315.45209,,,,,,,0,,,,,,,,
Réunion,Réunion,REU,France,,,874883.0,317665.1825,,,,,,,0,,,,,,,,
Saba,Saba,BES,Netherlands,Caribbean,Developing economies,29898.0,9501.573907,,114883.0,,,0.6132910815,,1,,,134.16525,0.8490863603794192,,,134.16525,0.8490863603794192
Saint Helena,Saint Helena,SHN,United Kingdom,Africa,Developing economies,5289.0,449352.0558,,11118.0,,,,,0,,,,,,,,
Saint Kitts and Nevis,Saint Kitts and Nevis,KNA,Saint Kitts and Nevis,Caribbean,SIDS,46758.0,9768.631729,1016833010.7978816,233472.0,,,60.0867798917,0.3468710985,1,,,13144.751,83.18866426102223,64.263535,0.5637062251167817,13209.015,83.1894127047385
Saint Lucia,Saint Lucia,LCA,Saint Lucia,Caribbean,SIDS,179285.0,16027.46852,2039492177.33218,511414.0,820129468.131,,6.6136956423,1.6215341376,1,,,1446.8304,9.156498129355985,300.41565,2.6351830618551864,1747.246,9.522941289356982
Saint Vincent and the Grenadines,Saint Vincent and the Grenadines,VCT,Saint Vincent and the Grenadines,Caribbean,SIDS,101323.0,36640.77601,950988378.2629379,237178.0,474524031.5805,,,0.3255645546,1,,,,,60.316143,0.5290805952913182,60.316143,0.5290805952913182
Saint-Barthélemy,Saint-Barthélemy,BLM,France,Caribbean,Developing economies,11085.0,4203.437535,,,,,16.8932475997,,1,,,3695.6135,23.38828467487519,,,3695.6135,23.38828467487519
Saint-Pierre and Miquelon,Saint-Pierre and Miquelon,SPM,France,Americas,Developed economies,5681.0,12640.74524,,55588.0,,,,,0,,,,,,,,
Samoa,Samoa,WSM,Samoa,Oceania,SIDS,216663.0,133333.9137,862588950.4396363,256830.0,326533634.702,,982.8710169627,2.314155737,1,,,215015.58,1360.7607291547256,428.7351,3.7607744696047067,215444.33,1360.7581398715354
San Marino,San Marino,SMR,San Marino,Europe,Developed economies,33733.0,58.46616607,1408422586.4216962,,,,,,0,,,,,,,,
Sao Tome and Principe,Sao Tome and Principe,STP,Sao Tome and Principe,Africa,SIDS,230871.0,131846.4427,315725838.98856896,166171.0,342976152.22150004,,,0.4838520661,1,,,,,89.64148,0.7863163451625137,89.64148,0.7863163451625137
Sapodilla Cayes,Belize,BLZ,Belize,Americas,SIDS,,1449.95064,,,,,208.8283875165,,1,,,45683.88,289.11775623328367,,,45683.88,289.11775623328367
Saudi Arabia,Saudi Arabia,SAU,Saudi Arabia,Asia,Developing economies,33264292.0,2149313.361,776114792530.154,736205300.0,,,20982.6977499275,69.3923174465,1,,,4590233.0,29050.026766290914,12856.06,112.77065367149591,4603089.0,29050.01345936777
Senegal,Senegal,SEN,Senegal,Africa,LDCs,18077573.0,353554.9855,26226336251.16682,11900644.0,30162333817.608498,,1482.0112378299,,1,,,324208.9,2051.8079783661537,,,324208.9,2051.8079783661537
Senkaku Islands,Senkaku Islands,,Taiwan,,,,73800.91173,,,,,,,0,,,,,,,,
Serbia,Serbia,SRB,Serbia,Europe,Developed economies,6773201.0,88332.90221,51200118921.335686,42357788.0,36995099662.416,,,,0,,,,,,,,
Serrana Bank,Serrana Bank,,Colombia,,,,2842.327632,,,,,,,0,,,,,,,,
Serranilla Bank,Serranilla Bank,,Colombia,,,,1553.311591,,,,,,,0,,,,,,,,
Seychelles,Seychelles,SYC,Seychelles,Africa,SIDS,127951.0,1342014.332,2002037445.9106932,551015.0,,,,3.8298136769,1,,,,,709.5355,6.22389646799834,709.5355,6.22389646799834
Sierra Leone,Sierra Leone,SLE,Sierra Leone,Africa,LDCs,8460512.0,232907.7396,5580033029.221105,1231506.0,1798351452.9209998,,4411.0989118676,1508.2259567574,1,,,964984.3,6107.057858486663,279423.44,2451.0440182857465,1244407.8,6575.880911049613
Singapore,Singapore,SGP,Singapore,Asia,SIDS,5789090.0,1377.156656,387147091448.00244,49252784.0,,,119.530559041,6.9701526733,1,,,26148.836,165.48710746332122,1291.3345,11.327315913502643,27440.172,165.85107852930128
Sint-Eustatius,Sint-Eustatius,BES,Netherlands,Caribbean,Developing economies,29898.0,2199.099395,,114883.0,,,1.2888806866,,1,,,281.95914,1.784423584347735,,,281.95914,1.784423584347735
Sint-Maarten,Sint-Maarten,SXM,Netherlands,Caribbean,SIDS,42749.0,504.6385051,1408101898.58837,693003.0,,,24.0978992544,0.0539361904,1,,,5271.723,33.36294693805419,9.992559,0.08765263344137163,5281.7153,33.36288063837151
Slovakia,Slovakia,SVK,Slovakia,Europe,Developed economies,5518055.0,49037.64322,104288234772.80817,30739160.0,,,,,0,,,,,,,,
Slovenia,Slovenia,SVN,Slovenia,Europe,Developed economies,2118396.0,20436.23849,54387934678.43866,11328390.0,,2.2113830746,0.0849964019,,1,371.51236,0.0,18.594048,0.11767542171262342,,,390.1064,0.11767542171262342
Solomon Islands,Solomon Islands,SLB,Solomon Islands,Oceania,SIDS,800005.0,1631260.53,1554171854.3442566,302829.0,398502310.2725,,1253.8889659394,525.650041244,1,,,274304.22,1735.978166998161,97385.24,854.2429174040466,371689.47,1933.1973514649312
South Africa,South Africa,ZAF,South Africa,Africa,Developing economies,63212384.0,2292218.116,362876816124.89606,401893100.0,125168886492.85648,61.2951236623,405.561115167,26.5433526972,0,10297.58,6.905512299990404e-06,88721.68,561.4893824998056,4917.589,43.13605858093081,103936.84,563.0554273073931
South Georgia and the South Sandwich Islands,South Georgia and the South Sandwich Islands,SGS,United Kingdom,Americas,Developing economies,,1241743.427,,,,,,,0,,,,,,,,
South Korea,South Korea,KOR,South Korea,Asia,Developed economies,51748739.0,448099.2543,1764487367948.6982,577416640.0,,,,,0,,,,,,,,
South Sudan,South Sudan,SSD,South Sudan,Africa,LDCs,11483374.0,632552.3626,,1580456.0,,,,,0,,,,,,,,
Spain,Spain,ESP,Spain,Europe,Developed economies,47911579.0,1060247.985,1356724567298.0457,221615650.0,,881.5859162822,1037.8186489336,,1,148106.47,0.00022097639359969294,227036.08,1436.8342553088933,,,375142.5,1436.8342553088933
Sri Lanka,Sri Lanka,LKA,Sri Lanka,Asia,Developing economies,22971617.0,599363.0095,87457721050.97073,20317522.0,46587994907.751,,2867.8565481386,181.1910531588,1,,,627380.25,3970.476445563429,33568.594,294.45671417318044,660948.8,3980.776337143959
Sudan,Sudan,SDN,Sudan,Africa,LDCs,50042791.0,1915608.674,42271302948.33769,20001454.0,17048329624.520498,,4439.9415764222,6.3654840695,1,,,971293.9,6146.988983606213,1179.3099,10.344658426352119,972473.1,6146.976755544486
Suriname,Suriname,SUR,Suriname,Americas,SIDS,628886.0,278588.9878,4505628350.6704035,2647446.0,3055909888.8585,,,806.2228176422,1,,,,,149365.94,1310.2066578129377,149365.94,1310.2066578129377
Svalbard,Svalbard,SJM,Norway,Europe,Developed economies,,857624.7462000002,,,,,,,0,,,,,,,,
Swaziland,Swaziland,SWZ,Swaziland,Africa,Developing economies,1230506.0,17367.387,5055738006.206263,1104210.0,936719142.228,,,,0,,,,,,,,
Sweden,Sweden,SWE,Sweden,Europe,Developed economies,10551494.0,605471.911,585008905028.7357,36556280.0,,50.0187173763,33.8751010946,,1,8403.143,1.3811024599980809e-05,7410.6113,46.89924584471524,,,15813.755,46.89924584471524
Switzerland,Switzerland,CHE,Switzerland,Europe,Developed economies,8870561.0,41270.47734,795978145781.8705,32737300.0,,,,,0,,,,,,,,
Syria,Syria,SYR,Syria,Asia,Developing economies,23594623.0,197867.8245,15674500383.098156,25503272.0,3681034753.675501,,,,0,,,,,,,,
Taiwan,Taiwan,TWN,Taiwan,Asia,Developing economies,23317145.0,391613.4811,,261152590.0,,46.0495839507,1241.9345545891,1.5645513068,0,7736.3286,1.0358268449985606e-05,271689.1,1719.4277712649605,289.85864,2.542579358739816,279715.25,1719.4243559862578
Tajikistan,Tajikistan,TJK,Tajikistan,Asia,Developing economies,10389799.0,142400.8008,14619564549.61737,9054525.0,5188938214.2585,,,,0,,,,,,,,
Tanzania,Tanzania,TZA,Tanzania,Africa,LDCs,66617606.0,1182382.508,70643261677.63626,18066046.0,26121455529.1915,,45.7689915576,1098.6138344444,1,,,10012.552,63.36604203423276,203536.14,1785.3763451623001,213548.7,1786.3703228285322
Thailand,Thailand,THA,Thailand,Asia,Developing economies,71702435.0,812462.5612,458437321749.60815,264388640.0,146187785724.337,,1822.151861586,2505.6032262862,1,,,398619.0,2522.7242605833767,464203.88,4071.899119260823,862822.8,4785.6297023363095
Togo,Togo,TGO,Togo,Africa,LDCs,9304337.0,72151.4315,8344824334.036601,2620035.0,2548283001.115,,189.8178308684,0.1620513089,1,,,41525.074,262.7980903164513,30.02265,0.263352373681416,41555.098,262.79769129177566
Tokelau,Tokelau,TKL,New Zealand,Oceania,Developing economies,2397.0,320755.744,,,,,,,0,,,,,,,,
Tonga,Tonga,TON,Tonga,Oceania,SIDS,104597.0,666812.0242,465555896.912722,199331.0,148322391.443,,3684.5884327113,10.3884450631,1,,,806050.7,5101.221666563202,1924.629,16.882441736962996,807975.44,5101.214825382818
Trinidad and Tobago,Trinidad and Tobago,TTO,Trinidad and Tobago,Caribbean,SIDS,1502932.0,81719.32345,22128014027.032578,34317936.0,,,1.1171760354,81.893051038,1,,,244.39655,1.546702691036879,15172.022,133.08580805335802,15416.419,133.0916140159329
Trinidade,Trindade,,Brazil,,,,472492.5991,,,,,,,0,,,,,,,,
Tristan Da Cunha,Tristan da Cunha,SHN,United Kingdom,Africa,Developing economies,,758352.7671000002,,,,,,,0,,,,,,,,
Tromelin Island,Ile Tromelin,,France,,,,274562.3249,,,,,,,0,,,,,,,,
Tunisia,Tunisia,TUN,Tunisia,Africa,Developing economies,12200431.0,254795.9371,48611794724.78902,32792874.0,31165416031.301,,4988.2407528023,,1,,,1091241.5,6906.096094895575,,,1091241.5,6906.096094895575
Turkey,Turkey,TUR,Turkey,Asia,Developing economies,87270501.0,1042327.031,1248351176123.3855,432077340.0,377381075966.62,255.955139949,0.260049809,,1,43000.46,2.7622049199961617e-05,56.889217,0.360032555711367,,,43057.355,0.36003261126467234
Turkmenistan,Turkmenistan,TKM,Turkmenistan,Asia,Developing economies,7364438.0,550026.2555,58034964683.20005,63362624.0,2957899449.476,,,,0,,,,,,,,
Turks and Caicos Islands,Turks and Caicos Islands,TCA,United Kingdom,Caribbean,SIDS,46198.0,92016.57957,939974780.1068252,370590.0,,,951.9578942212,151.8826173705,1,,,208252.94,1317.962179342013,28138.732,246.8270489937554,236391.69,1340.3768969654227
Tuvalu,Tuvalu,TUV,Tuvalu,Oceania,SIDS,9816.0,753174.5746000002,46855113.83529816,11500.0,,,,0.0891171497,1,,,,,16.510406,0.14482581339599407,16.510406,0.14482581339599407
Uganda,Uganda,UGA,Uganda,Africa,LDCs,48656601.0,241519.178,46456943698.42431,5613657.0,14642067313.2755,,,,0,,,,,,,,
Ukraine,Ukraine,UKR,Ukraine,Europe,Developed economies,37732836.0,734668.3492000002,76141822182.01428,136460590.0,133367338666.3615,,5963.4948513879,,1,,,1304590.6,8256.311286982409,,,1304590.6,8256.311286982409
United Arab Emirates,United Arab Emirates,ARE,United Arab Emirates,Asia,Developing economies,10642081.0,122931.7161,446126441632.29236,229383650.0,,47.7634807019,1021.6823402571,73.8624741473,0,8024.2656,6.905512299990404e-06,223506.08,1414.4940020254055,13684.228,120.03517409722463,245214.55,1419.3319322020934
United Kingdom,United Kingdom,GBR,United Kingdom,Europe,Developed economies,68682962.0,972473.4921,3212799884330.5967,305146340.0,,562.1590147976,149.3221128348,,1,94442.71,0.0,32666.12,206.7327880085834,,,127108.836,206.73277532761884
United States,United States,USA,United States,Americas,Developed economies,343477335.0,10392443.11,21776284673936.2,4911391000.0,,17161.8447007787,,2299.9444099495,1,2883189.2,0.003535622297595087,,,426102.2,3737.679236174012,3309292.0,3737.679236174012
United States Virgin Islands,United States Virgin Islands,VIR,United States,Caribbean,SIDS,85701.0,38636.04954,3800802294.557097,,,1.2639190068,83.5975913652,2.5984045131,0,212.3384,0.0,18288.04,115.73880324838713,481.3968,4.2227118543384226,18981.775,115.80712606762332
Uruguay,Uruguay,URY,Uruguay,Americas,Developing economies,3388081.0,320452.6077,61988013788.33545,7865945.0,,24.8173503336,,,1,4169.3154,3.452756149995202e-06,,,,,4169.3154,3.452756149995202e-06
Uzbekistan,Uzbekistan,UZB,Uzbekistan,Asia,Developing economies,35652307.0,447320.9324,131234217776.52875,124768440.0,44684185475.818,,,,0,,,,,,,,
Vanuatu,Vanuatu,VUT,Vanuatu,Oceania,SIDS,320409.0,638186.3255,842026927.6678325,226164.0,355351113.885,,1237.7259297573,15.7118828801,1,,,270768.34,1713.6010015227994,2910.8823,25.533651507921196,273679.22,1713.738756895258
Vatican City,Vatican City,VAT,Vatican City,,,496.0,0.566205694,,,,,,,0,,,,,,,,
Venezuela,Venezuela,VEN,Venezuela,Americas,Developing economies,28300854.0,1383023.211,,99568900.0,,,1286.2564828806,2858.525647631,1,,,281385.03,1780.7903068772846,529588.5,4645.439415753626,810973.5,4971.649249322091
Vietnam,Vietnam,VNM,Vietnam,Asia,Developing economies,100352192.0,1079093.76,377364153384.1669,334726080.0,107096414267.2795,2.579936269,233.6156203233,1840.2533163553,0,433.4292,6.473917781241004e-07,51106.4,323.435045338361,340936.94,2990.627284239997,392476.75,3007.4048018280782
Wake Island,Wake Island / Enenkio,UMI,United States,Oceania,Developed economies,,406978.1513000001,,,,,,,0,,,,,,,,
Wallis and Futuna,Wallis and Futuna,WLF,France,Oceania,Developing economies,11370.0,250790.027,,30666.0,,,,0.2936241421,1,,,,,54.398663,0.4771736211623989,54.398663,0.4771736211623989
Western Sahara,Western Sahara,ESH,Western Sahara,Africa,Developing economies,579729.0,553988.0766,,,,,,,0,,,,,,,,
Yemen,Yemen,YEM,Yemen,Asia,LDCs,39390799.0,980397.204,,10034892.0,5498681798.2215,,5455.8421478658,15.4146862912,1,,,1193535.2,7553.479030220437,2855.822,25.05067266821505,1196391.1,7553.4690790793575
Yemen,Yemen,YEM,Yemen,Asia,LDCs,39390799.0,980397.204,,10034892.0,5498681798.2215,,5455.8421478658,15.4146862912,1,,,1193535.2,7553.479030220437,2855.822,25.05067266821505,1196391.1,7553.4690790793575
Zambia,Zambia,ZMB,Zambia,Africa,LDCs,20723965.0,751191.6791,27712400006.14794,7748922.0,22332092742.977,,,,0,,,,,,,,
Zimbabwe,Zimbabwe,ZWE,Zimbabwe,Africa,Developing economies,16340822.0,390689.6313,23052145847.33067,11164030.0,10731107193.0785,,,,0,,,,,,,,
