country_name,TERRITORY1,ISO_TER1,SOVEREIGN1,Continent,Groups,Population,Area_EEZ_KM2,GDP,CO2_emissions_2023,Debt (2015 US$),saltmarshes_area_km2,seagrasses_area_km2,mangroves_area_km2,Uptake Salt (t/km2),Uptake Seag (t/km2),Uptake Mang (t/km2),Uptake Salt LOW,Uptake Seag LOW,Uptake Mang LOW,Uptake Salt HIGH,Uptake Seag HIGH,Uptake Mang HIGH,tot_uptake (tC),tot_upt_LOW,tot_upt_HIGH
"Abu musa, Greater and Lesser Tunb","Abu musa, Greater and Lesser Tunb",,United Arab Emirates,,,,6199.306012,,,,,,,,,,,,,,,,,,
Afghanistan,Afghanistan,AFG,Afghanistan,Asia,LDCs,41454761.0,641860.3931,15325233810.138836,11020218.0,2588228316.5025,,,,,,,,,,,,,,,
Alaska,Alaska,,United States,,,,5193058.289,,,,1620.9523537258,150.5064595777,,272319.99542593444,33216.775628798394,,260973.3289498538,30191.59579128662,,283666.66190201504,36241.955466310166,,305536.77105473285,291164.92474114045,319908.6173683252
Albania,Albania,ALB,Albania,Europe,Developed economies,2811655.0,40953.54483,14812273860.771984,5144279.0,8579785823.0375,46.5780205364,44.0192567338,,7825.1074501152,9715.04996114966,,7499.0613063604,8830.262900800279,,8151.15359387,10599.837021499041,,17540.15741126486,16329.324207160678,18750.99061536904
Algeria,Algeria,DZA,Algeria,Africa,Developing economies,46164219.0,2444283.56,215143978140.21393,178132770.0,5523025799.7245,,40.4831979324,,,8934.64178368068,,,8120.92950523944,,,9748.354062121922,,8934.64178368068,8120.92950523944,9748.354062121922
Alhucemas Islands,Alhucemas Islands,,Spain,,,,14.10069656,,,,,,,,,,,,,,,,,,
American Samoa,American Samoa,ASM,United States,Oceania,SIDS,47521.0,406038.4238,662725190.8396946,,,0.0012361478,461.078688911,0.318919196,0.2076728304,101760.0666426577,58.5535643856,0.1990197958,92492.38499554658,53.86545220440001,0.216325865,111027.7482897688,63.24167656680001,101818.82787987369,92546.44946754677,111091.2062922006
Amsterdam and Saint Paul Islands,Amsterdam and Saint Paul Islands,ATF,France,Africa,Developing economies,,512251.8623,,,,,,,,,,,,,,,,,,
Andaman and Nicobar,Andaman and Nicobar,,India,,,,671991.0163,,,,,1646.1551333168,561.3487158309,,363306.4379230177,103063.62422655323,,330218.71974335006,94811.79810383901,,396394.15610268543,111315.45034926747,466370.06214957096,425030.5178471891,507709.6064519529
Andorra,Andorra,AND,Andorra,Europe,Developed economies,80856.0,467.9036281,3216475797.7424917,423874.0,,,,,,,,,,,,,,,,
Angola,Angola,AGO,Angola,Africa,LDCs,36749906.0,1742905.72,85610610955.54346,20780540.0,43058970650.1525,,592.8554747721,280.6529351198,,130843.20328220246,51527.878887995284,,118926.80823928326,47402.28074173423,,142759.59832512168,55653.47703425635,182371.08217019774,166329.08898101747,198413.07535937804
Anguilla,Anguilla,AIA,United Kingdom,Caribbean,SIDS,14410.0,90247.35378,,144530.0,,,15.0100055743,0.0352719381,,3312.70823024801,6.475927835159999,,3011.00711820458,5.95743034509,,3614.4093422914398,6.99442532523,3319.1841580831697,3016.96454854967,3621.40376761667
Antarctica,,,,,,,12524451.06,,,,,,,,,,,,,,,,,,
Antigua and Barbuda,Antigua and Barbuda,ATG,Antigua and Barbuda,Caribbean,SIDS,93316.0,112003.5377,1688158621.5782309,644826.0,,,249.6354414798,8.691842744,,55094.541934591856,1595.8223277984,,50076.869560847874,1468.0522394616,,60112.21430833584,1723.5924161352002,56690.364262390256,51544.92180030947,61835.80672447104
Argentina,Argentina,ARG,Argentina,Americas,Developing economies,45538401.0,3850468.218,589035991825.9438,195805970.0,200956281075.8405,1187.2151242691,,,199452.1408772088,,,191141.6350073251,,,207762.64674709248,,,199452.1408772088,191141.6350073251,207762.64674709248
Armenia,Armenia,ARM,Armenia,Asia,Developing economies,2943393.0,29732.93033,15463065783.758963,7608323.0,11958318306.017,,,,,,,,,,,,,,,
Aruba,Aruba,ABW,Netherlands,Caribbean,SIDS,107939.0,30196.5565,3458629980.6177616,867180.0,,,33.0869116778,0.4329422039,,7302.28140729046,79.48818863604,,6637.2344825666805,73.12393823871,,7967.328332014241,85.85243903337,7381.7695959265,6710.358420805391,8053.1807710476105
Ascension,Ascension,SHN,United Kingdom,Africa,Developing economies,5289.0,446104.7597,,11118.0,,,,,,,,,,,,,,,,
Australia,Australia,AUS,Australia,Oceania,Developed economies,26451124.0,14559566.31,1634027215240.6533,382972000.0,,13186.5855516723,41065.9087326225,10036.8835398962,2215346.3726809463,9063246.057289785,1842771.8179249424,2123040.2738192403,8237821.291764073,1695229.6298884682,2307652.4715426527,9888670.822815498,1990314.0059614165,13121364.247895673,12056091.19547178,14186637.300319567
Austria,Austria,AUT,Austria,Europe,Developed economies,9130429.0,83989.03008,418735512774.00745,58578050.0,,,,,,,,,,,,,,,,
Azerbaijan,Azerbaijan,AZE,Azerbaijan,Asia,Developing economies,10318207.0,166590.1638,57383526259.1424,43936972.0,10972173049.3025,,,,,,,,,,,,,,,
Azores,Azores,,Portugal,,,,962788.3495,,,,,,,,,,,,,,,,,,
Bahamas,Bahamas,BHS,Bahamas,Caribbean,SIDS,399440.0,633060.0463,12404130127.191605,2505352.0,,,79757.0,1497.9220880028,,17602369.9,275018.49535731407,,15999254.2,252999.0406636729,,19205485.6,297037.95005095523,17877388.39535731,16252253.240663672,19502523.550050955
Bahrain,Bahrain,BHR,Bahrain,Asia,Developing economies,1569666.0,8272.090041,36743087753.01661,36526764.0,,,535.7478652347,0.5836400717,,118239.55385729829,107.15631716412,,107471.02176608083,98.57680811013,,129008.08594851577,115.73582621811,118346.71017446241,107569.59857419095,129123.82177473388
Bajo Nuevo Bank,Bajo Nuevo Bank,,Colombia,,,,1553.214326,,,,,,,,,,,,,,,,,,
Bangladesh,Bangladesh,BGD,Bangladesh,Asia,LDCs,171466990.0,250237.1507,323279975125.39056,113426860.0,76592831348.9265,,,4482.3272145269,,,822955.2765871389,,,757065.0665335935,,,888845.4866406843,822955.2765871389,757065.0665335935,888845.4866406843
Barbados,Barbados,BRB,Barbados,Caribbean,SIDS,282336.0,185441.1234,4988546956.990095,1191738.0,,,89.6291679305,0.1084302472,,19781.15736226135,19.907793385919998,,17979.611086858302,18.31386875208,,21582.703637664403,21.501718019760002,19801.06515564727,17997.924955610382,21604.205355684164
Bassas da India,Bassas da India,ATF,France,Africa,Developing economies,,120802.1517,,,,,,,,,,,,,,,,,,
Belarus,Belarus,BLR,Belarus,Europe,Developed economies,9115680.0,207594.6878,59501256894.3374,56490772.0,27711930772.4725,,,,,,,,,,,,,,,
Belgium,Belgium,BEL,Belgium,Europe,Developed economies,11712893.0,34122.1657,523542297257.96826,83368480.0,,4.8730908933,,,818.6792700743999,,,784.5676338213,,,852.7909063274999,,,818.6792700743999,784.5676338213,852.7909063274999
Belize,Belize,BLZ,Belize,Americas,SIDS,411106.0,54990.19842,2623271102.7779083,667898.0,1139988999.6995,,4692.2744180261,519.3732934924,,1035584.9640583602,95356.93668520464,,941270.2482560356,87722.14927086636,,1129899.6798606848,102991.72409954292,1130941.9007435648,1028992.3975269019,1232891.4039602277
Benin,Benin,BEN,Benin,Africa,LDCs,14111034.0,150707.2389,17831064526.399136,5592317.0,9424478544.143,,1342.7526594473,28.8436640741,,296345.5119400191,5295.69672400476,,269356.18348512833,4871.694862115491,,323334.84039490984,5719.698585894031,301641.20866402384,274227.8783472438,329054.53898080386
Bermuda,Bermuda,BMU,United Kingdom,Americas,SIDS,64697.99999999999,464453.075,7150073873.987644,522532.0,,,,0.2094120034,,,38.448043824239996,,,35.369687374259996,,,41.52640027422,38.448043824239996,35.369687374259996,41.52640027422
Bhutan,Bhutan,BTN,Bhutan,Asia,Developing economies,786385.0,40035.13991,2610564317.156727,1713060.0,2468148408.7755,,,,,,,,,,,,,,,
Bolivia,Bolivia,BOL,Bolivia,Americas,Developing economies,12244159.0,1082640.856,39256060138.67176,23359406.0,12311737700.156,,,,,,,,,,,,,,,
Bonaire,Bonaire,BES,Netherlands,Caribbean,Developing economies,29898.0,13290.22322,,114883.0,,,2.610121266,1.8399214185,,576.0537634062,337.8095724366,,523.5903259596,310.76272758465,,628.5172008528001,364.85641728855,913.8633358428,834.3530535442501,993.3736181413501
Bosnia and Herzegovina,Bosnia and Herzegovina,BIH,Bosnia and Herzegovina,Europe,Developed economies,3185073.0,50997.81703,20616871525.35991,20179128.0,10577693977.0655,,,,,,,,,,,,,,,
Botswana,Botswana,BWA,Botswana,Africa,Developing economies,2480244.0,578166.1667,17946366788.711197,6713559.0,1569505737.6075,,,,,,,,,,,,,,,
Bouvet,Bouvet,BVT,Norway,Americas,Developing economies,,50.71955487,,,,,,,,,,,,,,,,,,
Brazil,Brazil,BRA,Brazil,Americas,Developing economies,211140729.0,11678266.58,1954752120905.4956,486470080.0,458372194823.915,59.6879211643,426.4758433232,11375.5504338577,10027.5707556024,94123.21862143023,2088551.0596562736,9609.7553074523,85551.05417063393,1921330.4682785654,10445.3862037525,102695.38307222657,2255771.6510339817,2192701.8490333064,2016491.2777566516,2368912.420309961
British Virgin Islands,British Virgin Islands,VGB,United Kingdom,Caribbean,SIDS,38985.0,81722.13214,,185295.0,,,40.8966706624,0.9839715953,,9025.895215191678,180.65718489708,,8203.87213487744,166.19280244617,,9847.91829550592,195.12156734799,9206.552400088758,8370.06493732361,10043.03986285391
Brunei,Brunei,BRN,Brunei,Asia,Developing economies,458949.0,48853.87613,13183357642.33033,11769600.0,,,,109.8247266832,,,20163.819819035518,,,18549.39633679248,,,21778.243301278562,20163.819819035518,18549.39633679248,21778.243301278562
Bulgaria,Bulgaria,BGR,Bulgaria,Europe,Developed economies,6795803.0,145697.603,62887874404.35671,36093596.0,,0.3155953668,,,53.0200216224,,,50.8108540548,,,55.22918919,,,53.0200216224,50.8108540548,55.22918919
Burkina Faso,Burkina Faso,BFA,Burkina Faso,Africa,LDCs,23025776.0,273981.2237,17181836771.13557,6186583.0,7850029098.472,,,,,,,,,,,,,,,
Burundi,Burundi,BDI,Burundi,Africa,LDCs,13689450.0,26832.74372,3470696161.982592,709700.0,787330246.3165,,,,,,,,,,,,,,,
Cambodia,Cambodia,KHM,Cambodia,Asia,LDCs,17423880.0,230091.0526,26312274342.205734,20178442.0,17012872287.2675,,,622.0971799122,,,114217.04223187991,,,105072.21368717057,,,123361.87077658926,114217.04223187991,105072.21368717057,123361.87077658926
Cameroon,Cameroon,CMR,Cameroon,Africa,Developing economies,28372687.0,480130.3404,41854256684.235855,9941406.0,11550952338.9305,,,1970.7793647354,,,361835.0913654194,,,332864.63470380905,,,390805.54802702984,361835.0913654194,332864.63470380905,390805.54802702984
Canada,Canada,CAN,Canada,Americas,Developed economies,39299105.0,15700139.08,1779875574624.5852,549299000.0,,1114.0426138559,338.0805509232,,187159.1591277912,74614.37758875024,,179360.8608307999,67818.95851519392,,194957.4574247825,81409.79666230656,,261773.53671654145,247179.81934599383,276367.2540870891
Canary Islands,Canary Islands,,Spain,,,,453419.4586,,,,,2062.5431310577,,,455203.2690244344,,,413746.1520901746,,,496660.3859586942,,455203.2690244344,413746.1520901746,496660.3859586942
Cape Verde,Cape Verde,CPV,Cape Verde,Africa,SIDS,522331.0,806027.0356,2214881716.0906777,534969.0,1850841876.923,,,,,,,,,,,,,,,
Cayman Islands,Cayman Islands,CYM,United Kingdom,Caribbean,SIDS,73038.0,118567.3013,5697740746.843133,,,,44.9848554788,44.3153331966,,9928.15760417116,8136.29517489576,,9023.96200904728,7484.859776905741,,10832.353199295041,8787.730572885781,18064.45277906692,16508.82178595302,19620.08377218082
Central African Republic,Central African Republic,CAF,Central African Republic,Africa,LDCs,5152421.0,620252.6857,2052368906.1435351,281213.0,770761440.551,,,,,,,,,,,,,,,
Ceuta,Ceuta,,Spain,,,,53.21027835,,,,,,,,,,,,,,,,,,
Chad,Chad,TCD,Chad,Africa,LDCs,19319064.0,1270766.578,10957423661.064392,3079389.0,2426601481.3105,,,,,,,,,,,,,,,
Chafarinas Islands,Chafarinas Islands,,Spain,,,,26.11627785,,,,,,,,,,,,,,,,,,
Chagos Archipelago,Chagos Archipelago,,Republic of Mauritius,,,,647738.231,,,,,,,,,,,,,,,,,,
Chile,Chile,CHL,Chile,Americas,Developing economies,19658835.0,3244211.698,279676771459.2289,77287704.0,,9.2112564191,,,1547.4910784088,,,1483.0122834751,,,1611.9698733425,,,1547.4910784088,1483.0122834751,1611.9698733425
China,China,CHN,China,Asia,Developing economies,1422584933.0,10340834.12,17173989334581.701,11902503000.0,1827259180805.1423,5421.2208431855,8075.0073487158,206.55837377,910765.1016551639,1782154.1218615768,37924.117424172,872816.5557528655,1619846.4741523894,34887.709329753,948713.6475574624,1944461.7695707646,40960.52551859101,2730843.3409409127,2527550.739235008,2934135.9426468182
Christmas Island,Christmas Island,CXR,Australia,Oceania,Developed economies,,328133.6411,,0.0,,,158.4675802562,,,34973.79496254334,,,31788.596599393717,,,38158.99332569296,,34973.79496254334,31788.596599393717,38158.99332569296
Clipperton Island,Clipperton Island,,France,,,,435659.2121,,,,,,,,,,,,,,,,,,
Cocos Islands,Cocos Islands,CCK,Australia,Oceania,Developed economies,,467456.8656,,,,,215.1809427618,,,47490.434067529255,,,43165.29711801708,,,51815.57101704144,,47490.434067529255,43165.29711801708,51815.57101704144
Collectivity of Saint Martin,Collectivity of Saint Martin,MAF,France,Caribbean,Developing economies,27515.0,1155.029918,,,,,48.6839978735,0.0103011623,,10744.55833068145,1.89129339828,,9766.0099734241,1.73986631247,,11723.1066879388,2.04272048409,10746.449624079729,9767.749839736569,11725.14940842289
Colombia,Colombia,COL,Colombia,Americas,Developing economies,52321152.0,1855095.355,356793627488.7035,105238664.0,149116408496.23102,,430.8488816356,2784.0928490099,,95088.34817697691,511159.44707821764,,86428.28565610135,470233.2821977721,,103748.41069785248,552085.6119586632,606247.7952551945,556661.5678538735,655834.0226565157
Colombian Exclusive Economic Zone (Quitasueño Bank),Quitasueño Bank,,Colombia,,,,4008.865682,,,,,,,,,,,,,,,,,,
Comores,Comores,COM,Comores,Africa,SIDS,850387.0,166148.6598,1171138792.0164423,448731.0,309052047.451,,1265.1507921094,0.9699378602,,279218.7798185446,178.08059113271997,,253789.24889714565,163.82250458778,,304648.3107399435,192.33867767766,279396.8604096773,253953.07140173344,304840.6494176212
Cook Islands,Cook Islands,COK,New Zealand,Oceania,SIDS,14222.0,1969814.156,,72832.0,,,,0.0327153751,,,6.0065428683599995,,,5.5256268543900005,,,6.48745888233,6.0065428683599995,5.5256268543900005,6.48745888233
Costa Rica,Costa Rica,CRI,Costa Rica,Americas,Developing economies,5105525.0,632867.9047,73105190309.2925,8279033.5,29463964312.3475,,,368.211787166,,,67603.68412367761,,,62190.97085233741,,,73016.3973950178,67603.68412367761,62190.97085233741,73016.3973950178
Croatia,Croatia,HRV,Croatia,Europe,Developed economies,3896023.0,112170.1033,66407902523.77938,17524080.0,,5.3796232593,299.6174028317,,903.7767075623999,66125.56080495619,,866.1193447472999,60103.25100803902,,941.4340703775,72147.87060187336,,67029.33751251858,60969.37035278632,73089.30467225086
Crozet Islands,Crozet Islands,ATF,France,Africa,Developing economies,,575821.6657,,,,,,,,,,,,,,,,,,
Cuba,Cuba,CUB,Cuba,Caribbean,SIDS,11019931.0,462964.0389,83527267339.32599,23097436.0,,,13906.1906719471,0.0,,3069096.281298725,0.0,,2789581.8487925883,0.0,,3348610.713804862,0.0,3069096.281298725,2789581.8487925883,3348610.713804862
Curaçao,Curaçao,CUW,Netherlands,Caribbean,SIDS,185427.0,25838.3905,2608672800.245662,2023421.0,,,,0.4441490499,,,81.54576556164,,,75.01677452811,,,88.07475659517,81.54576556164,75.01677452811,88.07475659517
Cyprus,Cyprus,CYP,Cyprus,Asia,Developed economies,1344976.0,107717.1685,28577218405.253716,7174221.0,,19.5673118179,69.8778706976,,3287.3083854071997,15422.04606296032,,3150.3372026818997,14017.50086193856,,3424.2795681324997,16826.59126398208,,18709.35444836752,17167.83806462046,20250.870832114582
Czech Republic,Czech Republic,CZE,Czech Republic,Europe,Developed economies,10809716.0,78841.84408,215302078357.6402,85624184.0,,,,,,,,,,,,,,,,
Democratic Republic of the Congo,Democratic Republic of the Congo,COD,Democratic Republic of the Congo,Africa,LDCs,105789731.0,2342345.487,56837576516.86883,4615953.0,8355503187.596001,,,236.3872634144,,,43400.701562883834,,,39925.80879069216,,,46875.59433507552,43400.701562883834,39925.80879069216,46875.59433507552
Denmark,Denmark,DNK,Denmark,Europe,Developed economies,5948136.0,147744.0325,362953266629.8091,27264778.0,,304.3514896613,1182.1938121945,,51131.0502630984,260910.17435132613,,49000.5898354693,237148.07872621669,,53261.5106907275,284672.2699764356,,312041.2246144245,286148.668561686,337933.7806671631
Djibouti,Djibouti,DJI,Djibouti,Africa,LDCs,1152944.0,28895.09636,3549091358.5237513,492543.0,2588640346.2765,,,7.0912418152,,,1301.95199727072,,,1197.71074258728,,,1406.1932519541601,1301.95199727072,1197.71074258728,1406.1932519541601
Dominica,Dominica,DMA,Dominica,Caribbean,SIDS,66510.0,29307.45227,558681739.5701864,163060.0,451592618.9205,,513.932054341,0.0146515174,,113424.8043930587,2.6900185946399997,,103094.7701008046,2.47464128886,,123754.83868531282,2.90539590042,113427.49441165334,103097.24474209346,123757.74408121324
Dominican Republic,Dominican Republic,DOM,Dominican Republic,Caribbean,SIDS,11331265.0,398851.9321,100365578190.53175,32019646.0,39453754599.5685,,346.6886384632,190.5646372618,,76514.18250882823,34987.66740126647,,69545.74087571792,32186.36723351802,,83482.62414193856,37788.96756901494,111501.84991009471,101732.10810923594,121271.59171095351
Doumeira Islands,Doumeira Islands,,Eritrea,,,,245.903579,,,,,,,,,,,,,,,,,,
East Timor,East Timor,TLS,East Timor,Asia,SIDS,1384286.0,89659.78377,1851106829.1772978,632121.0,232074948.6145,,334.7823342356,8.5570678111,,73886.4611657969,1571.0776501179598,,67157.33624766135,1445.28875329479,,80615.58608393247,1696.86654694113,75457.53881591487,68602.62500095615,82312.45263087361
Easter Island,Easter Island,,Chile,,,,729932.3374,,,,,,,,,,,,,,,,,,
Ecuador,Ecuador,ECU,Ecuador,Americas,Developing economies,17980083.0,484248.1905,112162610913.16594,43172870.0,45725533038.4675,0.0870523702,,1465.9738155052,14.6247981936,,269152.7925267547,14.015431602200001,,247602.9774388283,15.234164785,,290702.6076146812,269167.4173249483,247616.9928704305,290717.8417794662
Egypt,Egypt,EGY,Egypt,Africa,Developing economies,114535772.0,1226673.099,470886489666.42615,269006200.0,126887036880.218,,2438.7337198099,2.0322796169,,538228.5319620449,373.12653766283995,,489209.9841938659,343.25202729440997,,587247.0797302239,403.00104803127,538601.6584997077,489553.23622116033,587650.0807782551
El Salvador,El Salvador,SLV,El Salvador,Americas,Developing economies,6309624.0,115630.1488,28274665875.30024,8230260.0,17169835108.4495,,,369.4258995836,,,67826.59516354896,,,62396.034439670046,,,73257.15588742789,67826.59516354896,62396.034439670046,73257.15588742789
Equatorial Guinea,Equatorial Guinea,GNQ,Equatorial Guinea,Africa,Developing economies,1847549.0,330928.1973,9440987169.357283,6141370.0,,,,254.532945152,,,46732.248729907195,,,42990.6144361728,,,50473.8830236416,46732.248729907195,42990.6144361728,50473.8830236416
Eritrea,Eritrea,ERI,Eritrea,Africa,LDCs,3470390.0,199286.1331,,620764.0,538148250.0205001,,16.3330002004,73.4137384352,,3604.69314422828,13478.76237670272,,3276.39984020024,12399.580421705281,,3932.9864482563203,14557.94433170016,17083.455520931,15675.98026190552,18490.93077995648
Estonia,Estonia,EST,Estonia,Europe,Developed economies,1367196.0,81842.11413,27658753938.98749,10018740.0,,3.9012615752,,,655.4119446336,,,628.1031136072,,,682.72077566,,,655.4119446336,628.1031136072,682.72077566
Ethiopia,Ethiopia,ETH,Ethiopia,Africa,LDCs,128691692.0,1129076.695,112653319434.8363,15227142.0,25134155490.766,,,,,,,,,,,,,,,
Europa Island,Europa Island,ATF,France,Africa,Developing economies,,127985.5126,,,,,,6.7230182021,,,1234.34614190556,,,1135.5177743346899,,,1333.17450947643,1234.34614190556,1135.5177743346899,1333.17450947643
Faeroe,Faeroe,FRO,Denmark,Europe,Developed economies,54714.0,266742.342,3169430571.8820496,797616.0,,,,,,,,,,,,,,,,
Falkland Islands,Falkland / Malvinas Islands,FLK,United Kingdom,Americas,Developing economies,,562938.29,,,,,,,,,,,,,,,,,,
Federal Republic of Somalia,Federal Republic of Somalia,SOM,Federal Republic of Somalia,Africa,LDCs,18358615.0,1454124.33,9236430682.686113,557614.0,2282239463.9605,,,34.6370844949,,,6359.3687132636405,,,5850.20357118861,,,6868.533855338671,6359.3687132636405,5850.20357118861,6868.533855338671
Fiji,Fiji,FJI,Fiji,Oceania,SIDS,924145.0,1315157.77,5336367607.302078,1146151.0,2527499695.4290004,,1736.2949932675,487.2593668274,,383200.30501413724,89460.81974951064,,348300.7756494605,82298.10705714786,,418099.83437881403,96623.53244187342,472661.1247636479,430598.8827066084,514723.3668206874
Finland,Finland,FIN,Finland,Europe,Developed economies,5601185.0,420076.1537,256537132518.7499,31622000.0,,133.2318237148,,,22382.946384086397,,,21450.3236180828,,,23315.56915009,,,22382.946384086397,21450.3236180828,23315.56915009
France,France,FRA,France,Europe,Developed economies,66438822.0,897522.0351,2656973944325.3457,272475840.0,,800.792595264,1094.5051404912,,134533.156004352,241557.28450640786,,128927.60783750401,219557.73118253474,,140138.70417120002,263556.837830281,,376090.4405107598,348485.3390200387,403695.54200148105
French Guiana,French Guiana,GUF,France,Americas,Developing economies,303402.0,214504.1101,,,,,,635.7043780956,,,116715.32381835215,,,107370.46946034684,,,126060.17817635748,116715.32381835215,107370.46946034684,126060.17817635748
French Polynesia,French Polynesia,PYF,France,Oceania,SIDS,281118.0,4774877.62,5899733908.231991,916154.0,,,785.2108340843,1.2587179809,,173296.031082405,231.10062129323998,,157513.29331731057,212.59746697401,,189078.76884749945,249.60377561247,173527.13170369825,157725.8907842846,189328.3726231119
Gabon,Gabon,GAB,Gabon,Africa,Developing economies,2484789.0,463413.3578,16214753599.298986,5410930.0,5729015342.809,,,1743.9924236951,,,320197.0089904203,,,294560.32036210236,,,345833.69761873834,320197.0089904203,294560.32036210236,345833.69761873834
Galapagos,Galapagos,,Ecuador,,,,849472.6397000002,,,,,,50.2139757278,,,9219.28594362408,,,8481.14050042542,,,9957.43138682274,9219.28594362408,8481.14050042542,9957.43138682274
Gambia,Gambia,GMB,Gambia,Africa,LDCs,2697845.0,33723.36947,1962179256.1582973,710899.0,1000411697.0015,,,610.5583841905,,,112098.5193373758,,,103123.31108977545,,,121073.72758497615,112098.5193373758,103123.31108977545,121073.72758497615
Georgia,Georgia,GEO,Georgia,Asia,Developing economies,3807492.0,92515.43535,22887810113.831554,11768941.0,18472995944.99,,,,,,,,,,,,,,,
Germany,Germany,DEU,Germany,Europe,Developed economies,84548231.0,414273.458,3622499230389.373,596151360.0,,202.8151075803,317.2246646485,,34072.938073490404,70011.48348792394,,32653.232320428302,63635.267728489096,,35492.6438265525,76387.6992473588,,104084.42156141435,96288.5000489174,111880.3430739113
Germany,Germany,DEU,Germany,Europe,Developed economies,84548231.0,414273.458,3622499230389.373,596151360.0,,202.8151075803,317.2246646485,,34072.938073490404,70011.48348792394,,32653.232320428302,63635.267728489096,,35492.6438265525,76387.6992473588,,104084.42156141435,96288.5000489174,111880.3430739113
Ghana,Ghana,GHA,Ghana,Africa,Developing economies,33787914.0,466117.5817,70508824388.01715,19647176.0,33025195621.8555,,2713.6813560531,178.0888239632,,598909.4752809191,32697.10807964352,,544364.4800242519,30079.202367384485,,653454.4705375865,35315.013791902566,631606.5833605627,574443.6823916363,688769.4843294891
Gibraltar,Gibraltar,GIB,United Kingdom,Europe,Developed economies,38471.0,394.8886291,,,,,,,,,,,,,,,,,,
Glorioso Islands,Glorioso Islands,,Madagascar,,,,43537.67295,,,,,,,,,,,,,,,,,,
Grand Duchy of Luxembourg,Grand Duchy of Luxembourg,LUX,Grand Duchy of Luxembourg,Europe,Developed economies,665098.0,2595.470758,70870003856.63783,6993124.0,,,,,,,,,,,,,,,,
Greece,Greece,GRC,Greece,Europe,Developed economies,10242908.0,615356.1362,215793609025.3217,55196200.0,,,626.4317346594,,,138253.4838393296,,,125662.20597267564,,,150844.76170598355,,138253.4838393296,125662.20597267564,150844.76170598355
Greenland,Greenland,GRL,Denmark,Americas,Developed economies,55922.0,4437543.214,2713483852.1753616,596405.0,,,,,,,,,,,,,,,,
Grenada,Grenada,GRD,Grenada,Caribbean,SIDS,117081.0,25929.44268,1152594316.5676591,339363.0,548992148.845,,10.2293264417,1.9255285289,,2257.6123456831897,353.52703790604,,2052.0028842050197,325.22176853121,,2463.22180716136,381.83230728087,2611.1393835892295,2377.2246527362295,2845.05411444223
Guadeloupe,Guadeloupe,GLP,France,Caribbean,SIDS,376517.0,92355.18888,,,,,758.3848122393,34.1929994847,,167375.5280612135,6277.83470539092,,152131.9933352036,5775.197612965831,,182619.06278722346,6780.471797816011,173653.3627666044,157907.19094816942,189399.53458503948
Guam,Guam,GUM,United States,Oceania,SIDS,166506.0,208784.2053,5719850773.430391,,,0.0799664038,473.2691110017,0.5224856718,13.4343558384,104450.4927980752,95.92836934248001,12.8745910118,94937.78366694102,88.24782996702001,13.994120665,113963.20192920938,103.60890871794001,104559.85552325608,95038.90608791984,114080.80495859231
Guatemala,Guatemala,GTM,Guatemala,Americas,Developing economies,18124838.0,218931.7525,80906407059.09987,20382320.0,19150458164.958,,0.1797344864,248.9808509726,,39.667401148479996,45712.88423856936,,36.05473797184,42052.86572927214,,43.28006432512,49372.90274786658,45752.551639717836,42088.92046724398,49416.1828121917
Guernsey,Guernsey,GGY,United Kingdom,Europe,Developed economies,64016.99999999999,3768.532398,,,,,,,,,,,,,,,,,,
Guinea,Guinea,GIN,Guinea,Africa,LDCs,14405468.0,346871.3948,14755537829.156134,4042787.0,3898922758.4445,,12808.1078549931,2184.5761293394,,2826749.4035969772,401088.1773467138,,2569306.4357116157,368974.9082454246,,3084192.3714823388,433201.446448003,3227837.580943691,2938281.3439570405,3517393.8179303417
Guinea-Bissau,Guinea-Bissau,GNB,Guinea-Bissau,Africa,SIDS,2153339.0,140611.56,1617578278.9288015,298003.0,851667801.516,,15319.1062725608,2675.5202435335,,3380926.7543541687,491225.5167127506,,3073012.7182756965,451895.3691328082,,3688840.790432641,530555.664292693,3872152.2710669194,3524908.0874085044,4219396.4547253335
Guyana,Guyana,GUY,Guyana,Americas,SIDS,826353.0,345516.279,18982777676.395844,3545070.0,2229193156.5615,,,267.353039156,,,49086.017989041604,,,45155.92831344841,,,53016.10766463481,49086.017989041604,45155.92831344841,53016.10766463481
Haiti,Haiti,HTI,Haiti,Caribbean,SIDS,11637398.0,130502.8419,14187369712.67641,3522026.0,1991395422.9335,,748.6292875703,150.0431056151,,165222.4837667652,27547.91419093236,,150175.03508660218,25342.28053839039,,180269.93244692826,29753.54784347433,192770.39795769754,175517.31562499257,210023.4802904026
Hala'ib Triangle,Halaib Triangle,,Sudan,,,,37610.64963,,,,,,0.6236022255,,,114.4933686018,,,105.32641588695,,,123.66032131665001,114.4933686018,105.32641588695,123.66032131665001
Hawaii,Hawaii,,United States,,,,2491444.428,,,,1.8657893071,592.8871412703,6.9320541083,313.4526035928,130850.19207835522,1272.72513428388,300.3920784431,118933.16053882218,1170.82393889187,326.5131287425,142767.22361788826,1374.62632967589,132436.36981623192,120404.37655615715,144468.36307630665
Heard and McDonald Islands,Heard and McDonald Islands,HMD,Australia,Oceania,Developed economies,,417684.5825,,,,,,,,,,,,,,,,,,
Honduras,Honduras,HND,Honduras,Americas,Developing economies,10644851.0,320588.1623000001,26904206369.372776,11042214.0,9679534332.2475,,2739.1957906176,600.9931089823,,604540.5109893043,110342.33480915027,,549482.6755978905,101507.73610711047,,659598.346380718,119176.93351119009,714882.8457984546,650990.411705001,778775.2798919082
Howland and Baker islands,Howland and Baker Islands,UMI,United States,Oceania,Developed economies,,434897.4775,,,,,,,,,,,,,,,,,,
Hungary,Hungary,HUN,Hungary,Europe,Developed economies,9686463.0,93001.38934,156187937314.84885,40190156.0,,,,,,,,,,,,,,,,
Iceland,Iceland,ISL,Iceland,Europe,Developed economies,387558.0,865630.9691,22983555206.469723,3762450.0,,26.2857318694,,,4416.0029540591995,,,4232.0028309734,,,4600.003077145,,,4416.0029540591995,4232.0028309734,4600.003077145
India,India,IND,India,Asia,Developing economies,1438069596.0,4804678.648,3199055012896.7896,3062324500.0,488324234282.927,,2583.230114132,3446.1750775844,,570118.8861889323,632717.7442444958,,518195.9608948792,582058.9706040052,,622041.8114829856,683376.5178849865,1202836.630433428,1100254.9314988842,1305418.329367972
Indonesia,Indonesia,IDN,Indonesia,Asia,Developing economies,281190067.0,7906619.381,1178924195813.5652,733223940.0,306571090750.123,,17597.0823649314,0.0,,3883676.0779403597,0.0,,3529974.722405239,0.0,,4237377.433475481,0.0,3883676.0779403597,3529974.722405239,4237377.433475481
Iran,Iran,IRN,Iran,Asia,Developing economies,90608707.0,1838516.136,511846684554.5944,817879900.0,7475158764.000501,,2704.3209827839,102.63787859,,596843.6409004068,18844.314509124,,542486.7891464503,17335.537693851,,651200.4926543632,20353.091324397003,615687.9554095308,559822.3268403014,671553.5839787602
Iraq,Iraq,IRQ,Iraq,Asia,Developing economies,45074049.0,438531.6527,188215848693.25772,176457950.0,15350201246.447,,90.6672882819,,,20010.27052381533,,,18187.85802934914,,,21832.68301828152,,20010.27052381533,18187.85802934914,21832.68301828152
Ireland,Ireland,IRL,Ireland,Europe,Developed economies,5196630.0,498255.4494,482999506836.7123,34432788.0,,99.0633788019,3.6013766773,,16642.6476387192,794.8238326801101,,15949.2039871059,722.43616146638,,17336.0912903325,867.2115038938401,,17437.471471399313,16671.64014857228,18203.30279422634
Islas San Félix and San Ambrosio,Islas San Félix and San Ambrosio,CHL,Chile,Americas,Developing economies,19658835.0,450968.2044,279676771459.2289,77287704.0,,,,,,,,,,,,,,,,
Isle of Man,Isle of Man,IMN,United Kingdom,Europe,Developed economies,84165.0,4540.893665,7279527750.176964,,,,,,,,,,,,,,,,,
Israel,Israel,ISR,Israel,Asia,Developed economies,9256314.0,46692.92813,416360345096.69434,59489496.0,,,17.3956373442,,,3839.21716186494,,,3489.56485124652,,,4188.86947248336,,3839.21716186494,3489.56485124652,4188.86947248336
Italy,Italy,ITA,Italy,Europe,Developed economies,59499453.0,837224.5569,1984600131128.5137,313460640.0,,439.3309839357,3724.9805100926,,73807.60530119759,822103.1985774369,,70732.2884136477,747231.0903245755,,76882.9221887475,896975.3068302982,,895910.8038786345,817963.3787382232,973858.2290190456
Ivory Coast,Ivory Coast,CIV,Ivory Coast,Africa,Developing economies,31165654.0,492520.1653,71993628609.49347,13195601.0,27593650912.7935,,,53.4962968508,,,9821.92010180688,,,9035.52453810012,,,10608.31566551364,9821.92010180688,9035.52453810012,10608.31566551364
Jamaica,Jamaica,JAM,Jamaica,Caribbean,SIDS,2839786.0,267911.9523,15132129758.476301,7648698.0,11588811231.297,,791.6998588876,97.6693403955,,174728.15885649333,17932.0908966138,,158814.99169285258,16496.35159279995,,190641.3260201341,19367.830200427652,192660.24975310714,175311.34328565252,210009.15622056174
Jan Mayen,Jan Mayen,SJM,Norway,Europe,Developed economies,,293290.5763,,,,,,,,,,,,,,,,,,
Japan,Japan,JPN,Japan,Asia,Developed economies,124370947.0,4438697.451,4616966465093.54,988784700.0,,,473.7326777891,10.2871928875,,104552.80198805437,1888.728614145,,95030.77516449346,1737.5068786987501,,114074.8288116153,2039.9503495912502,106441.53060219937,96768.28204319222,116114.77916120655
Jarvis Island,Jarvis Island,UMI,United States,Oceania,Developed economies,,323192.6875,,,,,,,,,,,,,,,,,,
Jersey,Jersey,JEY,United Kingdom,Europe,Developed economies,103674.0,2456.817384,,,,,,,,,,,,,,,,,,
Johnston Atoll,Johnston Atoll,UMI,United States,Oceania,Developed economies,,442448.3936,,,,,,,,,,,,,,,,,,
Joint regime area Torres Strait Treaty: Papua New Guinea / Australia,Papua New Guinea,PNG,Papua New Guinea,Oceania,SIDS,,2620.850591,,,,,2.1668535853,,,478.22458627571,,,434.67082921118003,,,521.7783433402401,,478.22458627571,434.67082921118003,521.7783433402401
Joint regime area: Barbados / Guyana,Barbados,BRB,Barbados,Caribbean,SIDS,,67.15753871,,,,,,,,,,,,,,,,,,
Joint regime area: Costa Rica / Ecuador (Galapagos),Costa Rica,CRI,Costa Rica,Americas,Developing economies,,17337.24221,,,,,,,,,,,,,,,,,,
Joint regime area: Croatia / Slovenia,Croatia,HRV,Croatia,Europe,Developed economies,,98.31893423,,,,,,,,,,,,,,,,,,
Joint regime area: Dominican Republic / Colombia,Dominican Republic,DOM,Dominican Republic,Caribbean,SIDS,,13110.70344,,,,,,,,,,,,,,,,,,
Joint regime area: Ecuador / Colombia,Ecuador,ECU,Ecuador,Americas,Developing economies,,18663.01955,,,,,,,,,,,,,,,,,,
Joint regime area: France / Italy,France,FRA,France,Europe,Developed economies,,67.04130144,,,,,,,,,,,,,,,,,,
Joint regime area: Honduras / United Kingdom (Cayman Islands),Honduras,HND,Honduras,Americas,Developing economies,,2075.281021,,,,,,,,,,,,,,,,,,
Joint regime area: Iceland / Denmark (Faeroe Islands),Faeroe,FRO,Denmark,Europe,Developed economies,,1233.688465,,,,,,,,,,,,,,,,,,
Joint regime area: Iceland / Norway (Jan Mayen),Iceland,ISL,Iceland,Europe,Developed economies,,45531.91287,,,,,,,,,,,,,,,,,,
Joint regime area: Jamaica / Colombia,Jamaica,JAM,Jamaica,Caribbean,SIDS,,15247.29485,,,,,,,,,,,,,,,,,,
Joint regime area: Norway / Russia,Norway,NOR,Norway,Europe,Developed economies,,3397.133426,,,,,,,,,,,,,,,,,,
Joint regime area: Peru / Ecuador,Peru,PER,Peru,Americas,Developing economies,,16091.21164,,,,,,,,,,,,,,,,,,
Joint regime area: Sao Tome and Principe / Nigeria,Sao Tome and Principe,STP,Sao Tome and Principe,Africa,SIDS,,34533.74955,,,,,,,,,,,,,,,,,,
Joint regime area: Senegal / Guinea-Bissau,Senegal,SEN,Senegal,Africa,LDCs,,63460.20895,,,,,,,,,,,,,,,,,,
Joint regime area: South Korea / Japan,South Korea,KOR,South Korea,Asia,Developed economies,,82609.98162,,,,,,,,,,,,,,,,,,
Joint regime area: Spain / France,France,FRA,France,Europe,Developed economies,,2859.492199,,,,,,,,,,,,,,,,,,
Joint regime area: Sweden / Norway,Norway,NOR,Norway,Europe,Developed economies,,140.2085364,,,,,,,,,,,,,,,,,,
Joint regime area: United Kingdom / Denmark (Faeroe Islands),United Kingdom,GBR,United Kingdom,Europe,Developed economies,,8010.585775,,,,,,,,,,,,,,,,,,
Joint regime area: United States / Russia,United States,USA,United States,Americas,Developed economies,,8478.16831,,,,,,,,,,,,,,,,,,
Joint regime area: Uruguay / Argentina,Uruguay,URY,Uruguay,Americas,Developing economies,,41413.8092,,,,,,,,,,,,,,,,,,
Jordan,Jordan,JOR,Jordan,Asia,Developing economies,11439213.0,89443.77602,45064321343.93934,21188884.0,33695529316.798496,,1.3705424897,,,302.47872747678997,,,274.93082343382,,,330.02663151976003,,302.47872747678997,274.93082343382,330.02663151976003
Juan de Nova Island,Juan de Nova Island,ATF,France,Africa,Developing economies,,62824.02726,,,,,,,,,,,,,,,,,,
Kazakhstan,Kazakhstan,KAZ,Kazakhstan,Asia,Developing economies,20330104.0,2836835.689,232848717043.77054,255161470.0,123181664814.0375,,,,,,,,,,,,,,,
Kenya,Kenya,KEN,Kenya,Africa,Developing economies,55339003.0,707484.6591,99939292457.50002,21531040.0,32397069670.921,,116.0615719036,542.0699299071,,25614.78891912452,99524.03913094355,,23281.95132386216,91555.61116130919,,27947.62651438688,107492.46710057794,125138.82805006807,114837.56248517135,135440.0936149648
Kerguélen,Kerguélen,ATF,France,Africa,Developing economies,,558169.7229000002,,,,,,,,,,,,,,,,,,
Kiribati,Gilbert Islands,KIR,Kiribati,Oceania,SIDS,397590.0,3441229.2672999995,797610991.900717,206997.0,,,496.2343497951,1.4648261908,,109518.92099977857,268.94208863088,,99544.61056889706,247.40914362612,,119493.23143066009,290.47503363564,109787.86308840945,99792.01971252318,119783.70646429573
Kuril Islands,Kuril Islands,,Japan,,,,218735.0936,,,,,,,,,,,,,,,,,,
Kuwait,Kuwait,KWT,Kuwait,Asia,Developing economies,4838782.0,28241.48885,116668101996.92186,99233390.0,,,1568.6025533623,,,346190.5835270596,,,314661.67220447736,,,377719.4948496418,,346190.5835270596,314661.67220447736,377719.4948496418
Kyrgyzstan,Kyrgyzstan,KGZ,Kyrgyzstan,Asia,Developing economies,7073516.0,199637.6734,8975322159.940475,10152343.0,7636864478.799,,,,,,,,,,,,,,,
Laos,Laos,LAO,Laos,Asia,LDCs,7664993.0,229724.7134,20303702352.29504,24796292.0,15166926309.996,,,,,,,,,,,,,,,
Latvia,Latvia,LVA,Latvia,Europe,Developed economies,1882396.0,92872.99497,31886638241.206627,6512889.0,,0.7129094665,,,119.768790372,,,114.7784241065,,,124.7591566375,,,119.768790372,114.7784241065,124.7591566375
Lebanon,Lebanon,LBN,Lebanon,Asia,Developing economies,5773493.0,29064.42192,33944395264.176895,19475458.0,50053828102.414,,,,,,,,,,,,,,,
Lesotho,Lesotho,LSO,Lesotho,Africa,LDCs,2311472.0,30561.65539,2215449329.508964,3888782.0,1340588590.6115,,,,,,,,,,,,,,,
Liberia,Liberia,LBR,Liberia,Africa,LDCs,5493031.0,347612.3157,3589692300.477075,771001.0,1568933023.071,,,182.1353161055,,,33440.044036969804,,,30762.654890218953,,,36117.433183720656,33440.044036969804,30762.654890218953,36117.433183720656
Libya,Libya,LBY,Libya,Africa,Developing economies,7305659.0,1973738.166,67926705038.72879,60975930.0,,,11.5167549849,,,2541.74782516743,,,2310.26104997094,,,2773.2346003639204,,2541.74782516743,2310.26104997094,2773.2346003639204
Liechtenstein,Liechtenstein,LIE,Liechtenstein,Europe,Developed economies,39598.0,160.8089954,,157238.0,,,,,,,,,,,,,,,,
Lithuania,Lithuania,LTU,Lithuania,Europe,Developed economies,2854099.0,71779.08695,52308255949.66091,12461681.0,,,,,,,,,,,,,,,,
Macedonia,Macedonia,MKD,Macedonia,Europe,Developed economies,1831802.0,25437.19787,11506514048.907011,7448824.0,9523789279.482,,,,,,,,,,,,,,,
Macquarie Island,Macquarie Island,,Australia,,,,476412.8641,,,,,,,,,,,,,,,,,,
Madagascar,Madagascar,MDG,Madagascar,Africa,LDCs,31195932.0,1786627.146,13975132286.380466,4476379.0,4871508029.0515,57.8254622808,5764.7648300837,2758.3331165541,9714.6776631744,1272283.5979994724,506429.96019933274,9309.8994272088,1156411.8249147902,465882.4633859875,10119.455899139999,1388155.371084155,546977.457012678,1788428.2358619797,1631604.1877279866,1945252.2839959732
Madeira,Madeira,,Portugal,,,,453615.7185,,,,,,,,,,,,,,,,,,
Malawi,Malawi,MWI,Malawi,Africa,LDCs,21104482.0,118501.0583,11482709535.228191,1752411.0,2721357106.8205,,,,,,,,,,,,,,,
Malaysia,Malaysia,MYS,Malaysia,Asia,Developing economies,35126298.0,847078.3438,401113360563.35,288823680.0,,,548.0749517944,5227.091421078,,120960.14186102408,959693.9849099208,,109943.83532995664,882855.7410200742,,131976.44839209152,1036532.2287997674,1080654.1267709448,992799.5763500308,1168508.6771918589
Maldives,Maldives,MDV,Maldives,Asia,SIDS,525994.0,924130.53,6009933940.437218,2062305.0,3020167766.9645,,2400.9672221328,0.9734406622,,529893.465924709,178.72370557992,,481634.0247598397,164.41412784558,,578152.9070895783,193.03328331426002,530072.1896302889,481798.4388876853,578345.9403728925
Mali,Mali,MLI,Mali,Africa,LDCs,23769127.0,1252545.079,17764846569.98078,6761669.0,4875151588.761,,,,,,,,,,,,,,,
Malta,Malta,MLT,Malta,Europe,Developed economies,532956.0,53247.41011,17254541747.15687,1822230.0,,,70.4110839898,,,15539.72623654886,,,14124.463448353881,,,16954.98902474384,,15539.72623654886,14124.463448353881,16954.98902474384
Marshall Islands,Marshall Islands,MHL,Marshall Islands,Oceania,SIDS,38827.0,2004958.808,227999999.99999994,153331.0,,,525.8349166768,0.3254464617,,116051.76611056976,59.751970368120006,,105482.48428536608,54.967907381130004,,126621.04793577346,64.53603335511,116111.51808093788,105537.45219274721,126685.58396912857
Martinique,Martinique,MTQ,France,Caribbean,SIDS,346002.0,48905.09809,,,,,548.7793639129,19.4411010032,,121115.60561557702,3569.3861441875197,,110085.14040092773,3283.60195944048,,132146.07083022632,3855.17032893456,124684.99175976454,113368.74236036821,136001.24115916088
Matthew and Hunter Islands,Matthew and Hunter Islands,,France,,,,187185.5177,,,,,,,,,,,,,,,,,,
Mauritania,Mauritania,MRT,Mauritania,Africa,LDCs,5022441.0,1212054.797,7917371715.89145,4412598.0,3475685433.226,23.0,772.0,3.4594715486,3864.0,170380.4,635.1589763229599,3703.0,154863.19999999998,584.3047445585399,4025.0,185897.6,686.01320808738,174879.55897632297,159150.50474455854,190608.6132080874
Mayotte,Mayotte,MYT,France,Africa,Developing economies,316015.0,67285.12793,,,,,1484.3952218942,6.7533274632,,327606.0254720499,1239.91092224352,,297769.6815119765,1140.63700853448,,357442.3694321234,1339.18483595256,328845.9363942934,298910.318520511,358781.5542680759
Melilla,Melilla,,Spain,,,,40.73956715,,,,,,,,,,,,,,,,,,
Mexico,Mexico,MEX,Mexico,Americas,Developing economies,129739759.0,5138716.724,1326554712608.3315,482623460.0,449917841014.59,2714.0569471771,9758.378052241,9921.3205130288,455961.5671257528,2153674.0361295887,1821554.4461920878,436963.1684955131,1957530.6372795445,1675711.0346505644,474959.9657559925,2349817.434979633,1967397.8577336113,4431190.049447429,4070204.8404256217,4792175.258469237
Micronesia,Micronesia,FSM,Micronesia,Oceania,SIDS,112630.0,3009867.645,336344290.3734163,149498.0,,,1584.2227649027,87.1055536458,,349637.9642140259,15992.57964936888,,317795.0866394816,14712.128010775621,,381480.84178857016,17273.03128796214,365630.54386339476,332507.2146502572,398753.8730765323
Moldova,Moldova,MDA,Moldova,Europe,Developed economies,3067070.0,33855.6426,9164831732.38352,5962224.0,8032201706.082,,,,,,,,,,,,,,,
Monaco,Monaco,MCO,Monaco,Europe,Developed economies,38956.0,290.5136861,8339290931.819639,,,,0.4232879985,,,93.41966126895,,,84.91157249909999,,,101.9277500388,,93.41966126895,84.91157249909999,101.9277500388
Mongolia,Mongolia,MNG,Mongolia,Asia,Developing economies,3431932.0,1564953.688,15456208129.696028,46869964.0,25912572024.2215,,,,,,,,,,,,,,,
Montenegro,Montenegro,MNE,Montenegro,Europe,Developed economies,633552.0,20237.20393,5160619234.927781,2328379.0,6505456412.2715,1.0502616735,,,176.44396114800003,,,169.09212943350002,,,183.7957928625,,,176.44396114800003,169.09212943350002,183.7957928625
Montserrat,Montserrat,MSR,United Kingdom,Caribbean,SIDS,4420.0,7288.804817,,22235.0,,,12.9999232775,,,2869.08306734425,,,2607.7846094665,,,3130.381525222,,2869.08306734425,2607.7846094665,3130.381525222
Morocco,Morocco,MAR,Morocco,Africa,Developing economies,37712505.0,686691.5903,129532155782.89392,68667610.0,52296798825.4375,,,,,,,,,,,,,,,
Mozambique,Mozambique,MOZ,Mozambique,Africa,LDCs,33635160.0,1352536.737,20437391974.129997,8023384.0,50470026201.365,,689.8324937973,2978.680385156,,152246.0313810641,546885.7187146415,,138380.39825573837,503099.1170528484,,166111.66450638985,590672.3203764348,699131.7500957056,641479.5153085868,756783.9848828247
Myanmar,Myanmar,MMR,Myanmar,Asia,LDCs,54133798.0,1165256.57,63784628823.77949,30233224.0,9182387250.4675,,2933.5359685211,5319.8569842173,,647431.3882526067,976725.7423022962,,588467.3152853326,898523.8446343021,,706395.461219881,1054927.6399702907,1624157.1305549028,1486991.1599196347,1761323.1011901717
Namibia,Namibia,NAM,Namibia,Africa,Developing economies,2963095.0,1386405.326,11749736033.67952,4174205.8,,,,,,,,,,,,,,,,
Nauru,Nauru,NRU,Nauru,Oceania,SIDS,11875.0,309282.8981,100293157.0493269,57499.0,,,,,,,,,,,,,,,,
Navassa Island,Navassa Island,,Haiti,,,,13895.46578,,,,,,,,,,,,,,,,,,
Nepal,Nepal,NPL,Nepal,Asia,LDCs,29694614.0,147296.9028,33735853500.290012,16677210.0,7526214694.42,,,,,,,,,,,,,,,
Netherlands,Netherlands,NLD,Netherlands,Europe,Developed economies,18092524.0,99460.48933,895765770359.8453,118668370.0,,151.2944475334,1.1224619492,,25417.467185611196,247.72735218844,,24358.4060528774,225.16586700952,,26476.528318344997,270.28883736736003,,25665.194537799638,24583.57191988692,26746.817155712357
New Caledonia,New Caledonia,NCL,France,Oceania,SIDS,289870.0,1198282.794,,5067623.0,,,1469.2951856795,334.8082100499,,324273.4474794656,61470.78736516165,,294740.6142473077,56549.10667742811,,353806.2807116236,66392.46805289517,385744.23484462727,351289.7209247358,420198.74876451876
New Zealand,New Zealand,NZL,New Zealand,Oceania,Developed economies,5172836.0,4374135.887,217933683113.80746,30119236.0,,168.1917636481,,277.2352916621,28256.2162928808,,50900.39954916156,27078.8739473441,,46825.04076172869,29433.5586384175,,54975.75833659443,79156.61584204236,73903.9147090728,84409.31697501193
Nicaragua,Nicaragua,NIC,Nicaragua,Americas,Developing economies,6823613.0,341809.2869,15399345045.34212,5588379.0,11448376616.284,,5532.4201101315,743.4585878993,,1221005.1183060221,136498.99673831149,,1109803.474092379,125570.15549619177,,1332206.7625196653,147427.8379804312,1357504.1150443335,1235373.6295885707,1479634.6005000966
Niger,Niger,NER,Niger,Africa,LDCs,26159867.0,1181112.974,14705444103.890184,2597634.0,4237811060.863,,,,,,,,,,,,,,,
Nigeria,Nigeria,NGA,Nigeria,Africa,Developing economies,227882945.0,1087016.427,550647684655.9976,128539720.0,77373684475.309,,8829.3065752691,8392.5148781293,,1948627.9611618903,1540865.7316245392,,1771158.8989989813,1417495.7629160387,,2126097.0233247993,1664235.7003330402,3489493.6927864295,3188654.66191502,3790332.7236578395
Niue,Niue,NIU,New Zealand,Oceania,SIDS,1817.0,318407.1764,,7667.0,,,,,,,,,,,,,,,,
Norfolk Island,Norfolk Island,NFK,Australia,Oceania,Developed economies,,430640.4739,,,,,,,,,,,,,,,,,,
North Korea,North Korea,PRK,North Korea,Asia,Developing economies,26418204.0,236798.6621,,60764244.0,,4.9118865079,,,825.1969333272,,,790.8137277719001,,,859.5801388825,,,825.1969333272,790.8137277719001,859.5801388825
Northern Mariana Islands,Northern Mariana Islands,MNP,United States,Oceania,SIDS,45143.0,764117.3579,729103030.3030304,,,0.0016172742,,,0.2717020656,,,0.2603811462,,,0.283022985,,,0.2717020656,0.2603811462,0.283022985
Norway,Norway,NOR,Norway,Europe,Developed economies,5519167.0,1256754.973,435713464916.813,38901000.0,,,62.2705825703,,,13743.11757326521,,,12491.47886360218,,,14994.756282928241,,13743.11757326521,12491.47886360218,14994.756282928241
Oecusse,Oecusse,,East Timor,,,,2578.265425,,,,,,1.9302585377,,,354.39546752172004,,,326.02066701753,,,382.77026802591007,354.39546752172004,326.02066701753,382.77026802591007
Oman,Oman,OMN,Oman,Asia,Developing economies,5049269.0,864660.6732,87416511280.57806,78511300.0,,,,1.3646663791,,,250.55274720276,,,230.49215142999,,,270.61334297553003,250.55274720276,230.49215142999,270.61334297553003
Overlapping claim Liancourt Rocks: Japan / South Korea,Liancourt Rocks,,Japan,,,,1623.62846,,,,,,,,,,,,,,,,,,
Overlapping claim South China Sea,China,CHN,China,Asia,Developing economies,,338839.1232,,,,,,,,,,,,,,,,,,
Overlapping claim: Canada / United States,Canada,CAN,Canada,Americas,Developed economies,,24772.31068,,,,,,,,,,,,,,,,,,
Overlapping claim: Colombia / Dominican Republic / Venezuela,Colombia,COL,Colombia,Americas,Developing economies,,868.704255,,,,,,,,,,,,,,,,,,
Overlapping claim: Egypt / Libya,Egypt,EGY,Egypt,Africa,Developing economies,,8113.729769,,,,,,,,,,,,,,,,,,
Overlapping claim: Guyana / Trinidad and Tobago / Venezuela,Guyana,GUY,Guyana,Americas,SIDS,,3611.536364,,,,,,,,,,,,,,,,,,
Overlapping claim: Iraq / Iran,Iraq,IRQ,Iraq,Asia,Developing economies,,27.70172116,,,,,,,,,,,,,,,,,,
Overlapping claim: Malaysia / Singapore,Malaysia,MYS,Malaysia,Asia,Developing economies,,286.6073886,,,,,,,,,,,,,,,,,,
Overlapping claim: Qatar / Saudi Arabia / United Arab Emirates,Qatar,QAT,Qatar,Asia,Developing economies,,125.7368598,,,,,,,,,,,,,,,,,,
Overlapping claim: United States (Puerto Rico) / Dominican Republic,Puerto Rico,PRI,United States,Caribbean,SIDS,,18296.8053,,,,,,,,,,,,,,,,,,
Overlapping claim: Venezuela / Netherlands (Aruba) / Dominican Republic,Venezuela,VEN,Venezuela,Americas,Developing economies,,1113.317276,,,,,,,,,,,,,,,,,,
Pakistan,Pakistan,PAK,Pakistan,Asia,Developing economies,247504495.0,1096403.603,400165100120.7807,200666690.0,98789765095.487,,,777.4546405073,,,142740.67199714028,,,131312.08878168298,,,154169.2552125976,142740.67199714028,131312.08878168298,154169.2552125976
Palau,Palau,PLW,Palau,Oceania,SIDS,17727.0,616992.7204,225375185.65177235,222330.0,,,727.4325533265,56.9219440142,,160544.36451915855,10450.86892100712,,145922.97019729592,9614.116343998381,,175165.75884102122,11287.62149801586,170995.23344016567,155537.0865412943,186453.38033903707
Palestine,Palestine,PSE,Palestine,Asia,Developing economies,5409202.0,7372.715335,14773700000.0,3496897.0,,,,,,,,,,,,,,,,
Palmyra Atoll,Palmyra Atoll,UMI,United States,Oceania,Developed economies,,353675.8936,,,,,,,,,,,,,,,,,,
Panama,Panama,PAN,Panama,Americas,Developing economies,4458759.0,406250.2226,72803155248.87743,14018338.0,,,1791.3001132113,1528.2358256176,,395339.9349857339,280584.09758339135,,359334.80271018675,258119.03094681265,,431345.0672612811,303049.1642199701,675924.0325691253,617453.8336569994,734394.2314812512
Papua New Guinea,Papua New Guinea,PNG,Papua New Guinea,Oceania,SIDS,10389635.0,2861551.097,25646325074.996456,8322015.0,11567070522.191,,9227.2574378643,4492.6365050735,,2036455.716536651,824848.0623314946,,1850987.8420355786,758806.3057069143,,2221923.5910377237,890889.8189560751,2861303.7788681453,2609794.147742493,3112813.409993799
Paraguay,Paraguay,PRY,Paraguay,Americas,Developing economies,6844146.0,400752.4479000001,44019622007.03595,8139286.0,19902793661.54,,,,,,,,,,,,,,,
Perejil Island,Perejil Island,,Spain,,,,0.785737099,,,,,,,,,,,,,,,,,,
Peru,Peru,PER,Peru,Americas,Developing economies,33845617.0,2146765.779,221775234260.73746,55863636.0,68001012912.709,282.6696741037,,54.1852527689,47488.5052494216,,9948.412408370039,45509.8175306957,,9151.88919266721,49467.1929681475,,10744.93562407287,57436.91765779164,54661.706723362906,60212.12859222037
Peñón de Vélez de la Gomera,Peñón de Vélez de la Gomera,,Spain,,,,3.738562293,,,,,,,,,,,,,,,,,,
Philippines,Philippines,PHL,Philippines,Asia,Developing economies,114891199.0,2260600.759,430342487096.5727,154578660.0,91658576316.029,,14946.0027147582,2820.259491479,,3298582.7991471346,517799.6426355444,,2998168.144580495,476341.82811080315,,3598997.4537137747,559257.4571602858,3816382.441782679,3474509.9726912985,4158254.9108740604
Pitcairn,Pitcairn,PCN,United Kingdom,Oceania,Developing economies,,842344.1991,,,,,,,,,,,,,,,,,,
Poland,Poland,POL,Poland,Europe,Developed economies,38762844.0,342427.1866,633564398461.3344,289281540.0,,,2.6594927668,,,586.95005363276,,,533.49424902008,,,640.4058582454401,,586.95005363276,533.49424902008,640.4058582454401
Portugal,Portugal,PRT,Portugal,Europe,Developed economies,10430738.0,404204.1673,235532701003.00494,37228136.0,,198.9353711863,0.0380443627,,33421.1423592984,8.39639084789,,32028.5947609943,7.63169915762,,34813.689957602495,9.16108253816,,33429.53875014629,32036.22646015192,34822.85104014065
Prince Edward Islands,Prince Edward Islands,,South Africa,,,,475239.5011,,,,,,,,,,,,,,,,,,
Puerto Rico,Puerto Rico,PRI,United States,Caribbean,SIDS,3242023.0,163631.3489,96564521010.4364,,,58.4387261237,600.654661828,81.9958562891,9817.7059887816,132564.4838654396,15054.43921467876,9408.6349059157,120491.3251626968,13849.10012722899,10226.7770716475,144637.6425681824,16259.778302128532,157436.62906889996,143749.0601958415,171124.19794195844
Qatar,Qatar,QAT,Qatar,Asia,Developing economies,2979082.0,42976.44118,170947179495.95364,115711816.0,,,1147.2089035422,4.595108877,,253189.00501176354,843.6619898172,,230130.10605056531,776.1138893253001,,276247.90397296177,911.2100903091001,254032.66700158073,230906.2199398906,277159.11406327086
Republic of Mauritius,Republic of Mauritius,MUS,Republic of Mauritius,Africa,SIDS,1273588.0,1280968.84,14273219058.562893,4138937.0,14535515568.1795,,131.8322677674,3.9624566903,,29095.381496265178,727.5070483390799,,26445.55291414044,669.25893499167,,31745.210078389922,785.75516168649,29822.88854460426,27114.81184913211,32530.965240076413
Republic of the Congo,Republic of the Congo,COG,Republic of the Congo,Africa,Developing economies,6182885.0,376110.1204,10369226732.87588,7674340.0,5873262728.056,,,20.5416266422,,,3771.44265150792,,,3469.4807398675803,,,4073.4045631482604,3771.44265150792,3469.4807398675803,4073.4045631482604
Romania,Romania,ROU,Romania,Europe,Developed economies,19118479.0,267907.8796,236037846070.52167,68239480.0,,54.7212770144,,,9193.1745384192,,,8810.1255993184,,,9576.22347752,,,9193.1745384192,8810.1255993184,9576.22347752
Russia,Russia,RUS,Russia,Europe,Developed economies,145440500.0,24610608.92,1524520243059.5242,1815924700.0,,7043.8960256472,680.0401280493,,1183374.5323087296,150084.8562604805,,1134067.2601291991,136416.0496866896,,1232681.80448826,163753.66283427147,,1333459.3885692102,1270483.3098158888,1396435.4673225316
Rwanda,Réunion,RWA,Rwanda,Africa,LDCs,,25315.45209,,,,,,,,,,,,,,,,,,
Réunion,Réunion,REU,France,,,874883.0,317665.1825,,,,,,,,,,,,,,,,,,
Saba,Saba,BES,Netherlands,Caribbean,Developing economies,29898.0,9501.573907,,114883.0,,,0.6132910815,,,135.35334168705,,,123.0261909489,,,147.68049242520001,,135.35334168705,123.0261909489,147.68049242520001
Saint Helena,Saint Helena,SHN,United Kingdom,Africa,Developing economies,5289.0,449352.0558,,11118.0,,,,,,,,,,,,,,,,
Saint Kitts and Nevis,Saint Kitts and Nevis,KNA,Saint Kitts and Nevis,Caribbean,SIDS,46758.0,9768.631729,1016833010.7978816,233472.0,,,60.0867798917,0.3468710985,,13261.152322098189,63.685533684599996,,12053.408046275019,58.58652853665,,14468.89659792136,68.78453883255,13324.83785578279,12111.99457481167,14537.68113675391
Saint Lucia,Saint Lucia,LCA,Saint Lucia,Caribbean,SIDS,179285.0,16027.46852,2039492177.33218,511414.0,820129468.131,,6.6136956423,1.6215341376,,1459.64262825561,297.71366766336,,1326.70734584538,273.87711584064004,,1592.57791066584,321.55021948608004,1757.3562959189699,1600.58446168602,1914.12813015192
Saint Vincent and the Grenadines,Saint Vincent and the Grenadines,VCT,Saint Vincent and the Grenadines,Caribbean,SIDS,101323.0,36640.77601,950988378.2629379,237178.0,474524031.5805,,,0.3255645546,,,59.773652224559996,,,54.987853271940004,,,64.55945117718001,59.773652224559996,54.987853271940004,64.55945117718001
Saint-Barthélemy,Saint-Barthélemy,BLM,France,Caribbean,Developing economies,11085.0,4203.437535,,,,,16.8932475997,,,3728.3397452537897,,,3388.78546849982,,,4067.89402200776,,3728.3397452537897,3388.78546849982,4067.89402200776
Saint-Pierre and Miquelon,Saint-Pierre and Miquelon,SPM,France,Americas,Developed economies,5681.0,12640.74524,,55588.0,,,,,,,,,,,,,,,,
Samoa,Samoa,WSM,Samoa,Oceania,SIDS,216663.0,133333.9137,862588950.4396363,256830.0,326533634.702,,982.8710169627,2.314155737,,216919.63344366787,424.8789933132,,197163.9260027176,390.8609039793,,236675.34088461817,458.89708264710004,217344.51243698108,197554.7869066969,237134.23796726528
San Marino,San Marino,SMR,San Marino,Europe,Developed economies,33733.0,58.46616607,1408422586.4216962,,,,,,,,,,,,,,,,,
Sao Tome and Principe,Sao Tome and Principe,STP,Sao Tome and Principe,Africa,SIDS,230871.0,131846.4427,315725838.98856896,166171.0,342976152.22150004,,,0.4838520661,,,88.83523933596,,,81.72261396429,,,95.94786470763,88.83523933596,81.72261396429,95.94786470763
Sapodilla Cayes,Belize,BLZ,Belize,Americas,SIDS,,1449.95064,,,,,208.8283875165,,,46088.425124891546,,,41890.974535809895,,,50285.8757139732,,46088.425124891546,41890.974535809895,50285.8757139732
Saudi Arabia,Saudi Arabia,SAU,Saudi Arabia,Asia,Developing economies,33264292.0,2149313.361,776114792530.154,736205300.0,,,20982.6977499275,69.3923174465,,4630881.393409,12740.4294831774,,4209129.168635457,11720.362416713851,,5052633.618182543,13760.496549640951,4643621.822892177,4220849.53105217,5066394.1147321835
Senegal,Senegal,SEN,Senegal,Africa,LDCs,18077573.0,353554.9855,26226336251.16682,11900644.0,30162333817.608498,,1482.0112378299,0.0,,327079.8801890589,0.0,,297291.45430867793,0.0,,356868.3060694399,0.0,327079.8801890589,297291.45430867793,356868.3060694399
Senkaku Islands,Senkaku Islands,,Taiwan,,,,73800.91173,,,,,,,,,,,,,,,,,,
Serbia,Serbia,SRB,Serbia,Europe,Developed economies,6773201.0,88332.90221,51200118921.335686,42357788.0,36995099662.416,,,,,,,,,,,,,,,
Serrana Bank,Serrana Bank,,Colombia,,,,2842.327632,,,,,,,,,,,,,,,,,,
Serranilla Bank,Serranilla Bank,,Colombia,,,,1553.311591,,,,,,,,,,,,,,,,,,
Seychelles,Seychelles,SYC,Seychelles,Africa,SIDS,127951.0,1342014.332,2002037445.9106932,551015.0,,,,3.8298136769,,,703.15379107884,,,646.85553002841,,,759.4520521292701,703.15379107884,646.85553002841,759.4520521292701
Sierra Leone,Sierra Leone,SLE,Sierra Leone,Africa,LDCs,8460512.0,232907.7396,5580033029.221105,1231506.0,1798351452.9209998,,4411.0989118676,1508.2259567574,,973529.5298491792,276910.2856606586,,884866.4417206405,254739.36409632486,,1062192.6179777181,299081.2072249924,1250439.8155098378,1139605.8058169654,1361273.8252027105
Singapore,Singapore,SGP,Singapore,Asia,SIDS,5789090.0,1377.156656,387147091448.00244,49252784.0,,,119.530559041,6.9701526733,,26380.394380348698,1279.7200308178801,,23977.8301436246,1177.25878652037,,28782.958617072803,1382.1812751153902,27660.114411166578,25155.08893014497,30165.139892188192
Sint-Eustatius,Sint-Eustatius,BES,Netherlands,Caribbean,Developing economies,29898.0,2199.099395,,114883.0,,,1.2888806866,,,284.45596753262,,,258.54946573195997,,,310.36246933328,,284.45596753262,258.54946573195997,310.36246933328
Sint-Maarten,Sint-Maarten,SXM,Netherlands,Caribbean,SIDS,42749.0,504.6385051,1408101898.58837,693003.0,,,24.0978992544,0.0539361904,,5318.40636544608,9.902684557439999,,4834.03859043264,9.109822558560001,,5802.774140459521,10.69554655632,5328.30905000352,4843.1484129912005,5813.4696870158405
Slovakia,Slovakia,SVK,Slovakia,Europe,Developed economies,5518055.0,49037.64322,104288234772.80817,30739160.0,,,,,,,,,,,,,,,,
Slovenia,Slovenia,SVN,Slovenia,Europe,Developed economies,2118396.0,20436.23849,54387934678.43866,11328390.0,,2.2113830746,0.0849964019,,371.5123565328,18.75870589933,,356.03267501060003,17.05027822114,,386.992038055,20.467133577520002,,390.27106243213,373.08295323174,407.45917163252
Solomon Islands,Solomon Islands,SLB,Solomon Islands,Oceania,SIDS,800005.0,1631260.53,1554171854.3442566,302829.0,398502310.2725,,1253.8889659394,525.650041244,,276733.2947828256,96509.3475723984,,251530.1265674436,88782.2919661116,,301936.4629982075,104236.40317868521,373242.642355224,340312.41853355523,406172.8661768927
South Africa,South Africa,ZAF,South Africa,Africa,Developing economies,63212384.0,2292218.116,362876816124.89606,401893100.0,125168886492.85648,61.2951236623,405.561115167,26.5433526972,10297.5807752664,89507.3381173569,4873.35955520592,9868.5149096303,81355.5597025002,4483.17227055708,10726.6466409025,97659.11653221361,5263.54683985476,104678.27844782922,95707.24688268758,113649.31001297088
South Georgia and the South Sandwich Islands,South Georgia and the South Sandwich Islands,SGS,United Kingdom,Americas,Developing economies,,1241743.427,,,,,,,,,,,,,,,,,,
South Korea,South Korea,KOR,South Korea,Asia,Developed economies,51748739.0,448099.2543,1764487367948.6982,577416640.0,,,,,,,,,,,,,,,,
South Sudan,South Sudan,SSD,South Sudan,Africa,LDCs,11483374.0,632552.3626,,1580456.0,,,,,,,,,,,,,,,,
Spain,Spain,ESP,Spain,Europe,Developed economies,47911579.0,1060247.985,1356724567298.0457,221615650.0,,881.5859162822,1037.8186489336,,148106.4339354096,229046.57581964548,,141935.3325214342,208186.42097608015,,154277.535349385,249906.73066321085,,377153.00975505507,350121.75349751435,404184.26601259585
Sri Lanka,Sri Lanka,LKA,Sri Lanka,Asia,Developing economies,22971617.0,599363.0095,87457721050.97073,20317522.0,46587994907.751,,2867.8565481386,181.1910531588,,632935.9401741889,33266.67735995568,,575292.0235566031,30603.168878521323,,690579.8567917749,35930.18584139004,666202.6175341445,605895.1924351244,726510.0426331649
Sudan,Sudan,SDN,Sudan,Africa,LDCs,50042791.0,1915608.674,42271302948.33769,20001454.0,17048329624.520498,,4439.9415764222,6.3654840695,,979895.1059163796,1168.7028751602,,890652.2802302934,1075.13025933855,,1069137.931602466,1262.27549098185,981063.8087915397,891727.4104896319,1070400.2070934477
Suriname,Suriname,SUR,Suriname,Americas,SIDS,628886.0,278588.9878,4505628350.6704035,2647446.0,3055909888.8585,,,806.2228176422,,,148022.50931910792,,,136171.0338997676,,,159873.98473844826,148022.50931910792,136171.0338997676,159873.98473844826
Svalbard,Svalbard,SJM,Norway,Europe,Developed economies,,857624.7462000002,,,,,,,,,,,,,,,,,,
Swaziland,Swaziland,SWZ,Swaziland,Africa,Developing economies,1230506.0,17367.387,5055738006.206263,1104210.0,936719142.228,,,,,,,,,,,,,,,
Sweden,Sweden,SWE,Sweden,Europe,Developed economies,10551494.0,605471.911,585008905028.7357,36556280.0,,50.0187173763,33.8751010946,,8403.1445192184,7476.234811578219,,8053.0134975843,6795.34527957676,,8753.2755408525,8157.12434357968,,15879.379330796619,14848.35877716106,16910.39988443218
Switzerland,Switzerland,CHE,Switzerland,Europe,Developed economies,8870561.0,41270.47734,795978145781.8705,32737300.0,,,,,,,,,,,,,,,,
Syria,Syria,SYR,Syria,Asia,Developing economies,23594623.0,197867.8245,15674500383.098156,25503272.0,3681034753.675501,,,,,,,,,,,,,,,
Taiwan,Taiwan,TWN,Taiwan,Asia,Developing economies,23317145.0,391613.4811,,261152590.0,,46.0495839507,1241.9345545891,1.5645513068,7736.3301037176,274094.9561978143,287.25161992848,7413.9830160627,249132.07165057343,264.25271571852005,8058.6771913725,299057.8407450553,310.25052413844,282118.5379214604,256810.30738235466,307426.76846056624
Tajikistan,Tajikistan,TJK,Tajikistan,Asia,Developing economies,10389799.0,142400.8008,14619564549.61737,9054525.0,5188938214.2585,,,,,,,,,,,,,,,
Tanzania,Tanzania,TZA,Tanzania,Africa,LDCs,66617606.0,1182382.508,70643261677.63626,18066046.0,26121455529.1915,,45.7689915576,1098.6138344444,,10101.21643676232,201705.50000399185,,9181.25970645456,185555.87663765918,,11021.173167070081,217855.12337032452,211806.7164407542,194737.13634411374,228876.2965373946
Thailand,Thailand,THA,Thailand,Asia,Developing economies,71702435.0,812462.5612,458437321749.60815,264388640.0,146187785724.337,,1822.151861586,2505.6032262862,,402148.91585203016,460028.7523461463,,365523.66343415156,423196.3849197392,,438774.1682699088,496861.1197725535,862177.6681981764,788720.0483538908,935635.2880424623
Togo,Togo,TGO,Togo,Africa,LDCs,9304337.0,72151.4315,8344824334.036601,2620035.0,2548283001.115,,189.8178308684,0.1620513089,,41892.79527265588,29.752620314039998,,38077.45687220104,27.37046607321,,45708.13367311072,32.13477455487,41922.54789296992,38104.82733827425,45740.26844766559
Tokelau,Tokelau,TKL,New Zealand,Oceania,Developing economies,2397.0,320755.744,,,,,,,,,,,,,,,,,,
Tonga,Tonga,TON,Tonga,Oceania,SIDS,104597.0,666812.0242,465555896.912722,199331.0,148322391.443,,3684.5884327113,10.3884450631,,813188.6670993839,1907.31851358516,,739128.4396018868,1754.6083711575902,,887248.894596881,2060.02865601273,815095.985612969,740883.0479730443,889308.9232528937
Trinidad and Tobago,Trinidad and Tobago,TTO,Trinidad and Tobago,Caribbean,SIDS,1502932.0,81719.32345,22128014027.032578,34317936.0,,,1.1171760354,81.893051038,,246.56075101277997,15035.5641705768,,224.10551270124,13831.7363203182,,269.01598932432,16239.3920208354,15282.124921589579,14055.84183301944,16508.40801015972
Trinidade,Trindade,,Brazil,,,,472492.5991,,,,,,,,,,,,,,,,,,
Tristan Da Cunha,Tristan da Cunha,SHN,United Kingdom,Africa,Developing economies,,758352.7671000002,,,,,,,,,,,,,,,,,,
Tromelin Island,Ile Tromelin,,France,,,,274562.3249,,,,,,,,,,,,,,,,,,
Tunisia,Tunisia,TUN,Tunisia,Africa,Developing economies,12200431.0,254795.9371,48611794724.78902,32792874.0,31165416031.301,,4988.2407528023,,,1100904.7341434676,,,1000641.0950121414,,,1201168.373274794,,1100904.7341434676,1000641.0950121414,1201168.373274794
Turkey,Turkey,TUR,Turkey,Asia,Developing economies,87270501.0,1042327.031,1248351176123.3855,432077340.0,377381075966.62,255.955139949,0.260049809,,43000.463511432,57.392992846300004,,41208.777531789,52.1659916854,,44792.149491075,62.619994007200006,,43057.856504278294,41260.943523474394,44854.76948508219
Turkmenistan,Turkmenistan,TKM,Turkmenistan,Asia,Developing economies,7364438.0,550026.2555,58034964683.20005,63362624.0,2957899449.476,,,,,,,,,,,,,,,
Turks and Caicos Islands,Turks and Caicos Islands,TCA,United Kingdom,Caribbean,SIDS,46198.0,92016.57957,939974780.1068252,370590.0,,,951.9578942212,151.8826173705,,210097.10725461884,27885.648549223795,,190962.75358077273,25652.97407387745,,229231.46092846498,30118.32302457015,237982.75580384262,216615.72765465017,259349.78395303513
Tuvalu,Tuvalu,TUV,Tuvalu,Oceania,SIDS,9816.0,753174.5746000002,46855113.83529816,11500.0,,,,0.0891171497,,,16.36190868492,,,15.05188658433,,,17.67193078551,16.36190868492,15.05188658433,17.67193078551
Uganda,Uganda,UGA,Uganda,Africa,LDCs,48656601.0,241519.178,46456943698.42431,5613657.0,14642067313.2755,,,,,,,,,,,,,,,
Ukraine,Ukraine,UKR,Ukraine,Europe,Developed economies,37732836.0,734668.3492000002,76141822182.01428,136460590.0,133367338666.3615,,5963.4948513879,,,1316143.3137013095,,,1196277.0671884126,,,1436009.5602142063,,1316143.3137013095,1196277.0671884126,1436009.5602142063
United Arab Emirates,United Arab Emirates,ARE,United Arab Emirates,Asia,Developing economies,10642081.0,122931.7161,446126441632.29236,229383650.0,,47.7634807019,1021.6823402571,73.8624741473,8024.2647579192,225485.29249474197,13561.15025344428,7689.9203930059,204949.47745557426,12475.37188347897,8358.6091228325,246021.1075339097,14646.928623409593,247070.70750610545,225114.76973205913,269026.6452801518
United Kingdom,United Kingdom,GBR,United Kingdom,Europe,Developed economies,68682962.0,972473.4921,3212799884330.5967,305146340.0,,562.1590147976,149.3221128348,,94442.7144859968,32955.39030264036,,90507.6013824136,29954.01583466088,,98377.82758958,35956.76477061984,,127398.10478863715,120461.61721707448,134334.59236019984
United States,United States,USA,United States,Americas,Developed economies,343477335.0,10392443.11,21776284673936.2,4911391000.0,,17161.8447007787,0.0,2299.9444099495,2883189.9097308214,0.0,422269.7936667282,2763056.9968253705,0.0,388460.61084047053,3003322.8226362723,0.0,456078.97649298585,3305459.7033975497,3151517.607665841,3459401.799129258
United States Virgin Islands,United States Virgin Islands,VIR,United States,Caribbean,SIDS,85701.0,38636.04954,3800802294.557097,,,1.2639190068,83.5975913652,2.5984045131,212.33839314239998,18449.988414299638,477.06706860516005,203.4909600948,16769.67682785912,438.87052226259004,221.18582618999997,20130.30000074016,515.26361494773,19139.393876047197,17412.03831021651,20866.74944187789
Uruguay,Uruguay,URY,Uruguay,Americas,Developing economies,3388081.0,320452.6077,61988013788.33545,7865945.0,,24.8173503336,,,4169.3148560448,,,3995.5934037096,,,4343.03630838,,,4169.3148560448,3995.5934037096,4343.03630838
Uzbekistan,Uzbekistan,UZB,Uzbekistan,Asia,Developing economies,35652307.0,447320.9324,131234217776.52875,124768440.0,44684185475.818,,,,,,,,,,,,,,,
Vanuatu,Vanuatu,VUT,Vanuatu,Oceania,SIDS,320409.0,638186.3255,842026927.6678325,226164.0,355351113.885,,1237.7259297573,15.7118828801,,273166.1126974361,2884.7016967863597,,248287.82150931438,2653.73701844889,,298044.40388555784,3115.66637512383,276050.81439422246,250941.55852776326,301160.0702606817
Vatican City,Vatican City,VAT,Vatican City,,,496.0,0.566205694,,,,,,,,,,,,,,,,,,
Venezuela,Venezuela,VEN,Venezuela,Americas,Developing economies,28300854.0,1383023.211,,99568900.0,,,1286.2564828806,2858.525647631,,283876.8057717484,524825.3089050516,,258023.05046584836,482804.9818848759,,309730.5610776485,566845.6359252273,808702.1146768,740828.0323507243,876576.1970028759
Vietnam,Vietnam,VNM,Vietnam,Asia,Developing economies,100352192.0,1079093.76,377364153384.1669,334726080.0,107096414267.2795,2.579936269,233.6156203233,1840.2533163553,433.429293192,51558.967405352305,337870.50888283306,415.369739309,46863.29343685398,310818.7851324102,451.488847075,56254.64137385064,364922.232633256,389862.9055813774,358097.44830857316,421628.3628541817
Wake Island,Wake Island / Enenkio,UMI,United States,Oceania,Developed economies,,406978.1513000001,,,,,,,,,,,,,,,,,,
Wallis and Futuna,Wallis and Futuna,WLF,France,Oceania,Developing economies,11370.0,250790.027,,30666.0,,,,0.2936241421,,,53.90939248956,,,49.59311760069,,,58.22566737843,53.90939248956,49.59311760069,58.22566737843
Western Sahara,Western Sahara,ESH,Western Sahara,Africa,Developing economies,579729.0,553988.0766,,,,,,,,,,,,,,,,,,
Yemen,Yemen,YEM,Yemen,Asia,LDCs,39390799.0,980397.204,,10034892.0,5498681798.2215,,5455.8421478658,15.4146862912,,1204104.362033982,2830.13640306432,,1094441.9348618796,2603.5405145836803,,1313766.7892060848,3056.7322915449604,1206934.4984370463,1097045.4753764633,1316823.5214976298
Yemen,Yemen,YEM,Yemen,Asia,LDCs,39390799.0,980397.204,,10034892.0,5498681798.2215,,5455.8421478658,15.4146862912,,1204104.362033982,2830.13640306432,,1094441.9348618796,2603.5405145836803,,1313766.7892060848,3056.7322915449604,1206934.4984370463,1097045.4753764633,1316823.5214976298
Zambia,Zambia,ZMB,Zambia,Africa,LDCs,20723965.0,751191.6791,27712400006.14794,7748922.0,22332092742.977,,,,,,,,,,,,,,,
Zimbabwe,Zimbabwe,ZWE,Zimbabwe,Africa,Developing economies,16340822.0,390689.6313,23052145847.33067,11164030.0,10731107193.0785,,,,,,,,,,,,,,,
