ISO,Continent,Groups,Area_EEZ_KM2,saltmarshes_area_km2,seagrasses_area_km2,mangroves_area_km2,Total_BCE_area_km2,Uptake Salt (t/km2),Uptake Seag (t/km2),Uptake Mang (t/km2),Uptake Salt LOW,Uptake Seag LOW,Uptake Mang LOW,Uptake Salt HIGH,Uptake Seag HIGH,Uptake Mang HIGH,BCP Seq (tC),Total BCseq,tot_uptake (tC),tot_upt_LOW,tot_upt_HIGH
AE,Asia,,6199.306012,,,,,,,,,,,,,,,,,,
AFG,Asia,LDCs,641860.3931,,,,,,,,,,,,,,,,,,
US-AK,Americas,,5193058.289,1620.9523537258,150.5064595777,,1771.4588133035002,272319.99542593444,33216.775628798394,,260973.3289498538,30191.59579128662,,283666.66190201504,36241.955466310166,,,305536.77105473285,305536.77105473285,291164.92474114045,319908.6173683252
ALB,Europe,Developed economies,40953.54483,46.5780205364,44.0192567338,,90.5972772702,7825.1074501152,9715.04996114966,,7499.0613063604,8830.262900800279,,8151.15359387,10599.83702149904,,77900.0,95440.15741126488,17540.15741126486,16329.324207160678,18750.99061536904
DZA,Africa,Developing economies,2444283.56,,40.4831979324,,40.4831979324,,8934.64178368068,,,8120.92950523944,,,9748.354062121922,,3000000.0,3008934.6417836808,8934.64178368068,8120.92950523944,9748.354062121922
ES-ALH,Africa,,14.10069656,,,,,,,,,,,,,,,,,,
ASM,Oceania,SIDS,406038.4238,0.0012361478,461.078688911,0.318919196,461.3988442548,0.2076728304,101760.0666426577,58.5535643856,0.1990197958,92492.38499554658,53.86545220440001,0.216325865,111027.7482897688,63.24167656680001,,101818.82787987369,101818.82787987369,92546.44946754676,111091.2062922006
ATF-1,Africa,Developing economies,512251.8623,,,,,,,,,,,,,,,,,,
IN-AN,Asia,,671991.0163,,1646.1551333168,561.3487158309,2207.5038491477,,363306.4379230177,103063.62422655323,,330218.71974335006,94811.798103839,,396394.15610268543,111315.45034926748,,466370.06214957096,466370.06214957096,425030.5178471891,507709.6064519529
AND,Europe,Developed economies,467.9036281,,,,,,,,,,,,,,,,,,
AGO,Africa,LDCs,1742905.72,,592.8554747721,280.6529351198,873.5084098919001,,130843.20328220246,51527.87888799528,,118926.80823928326,47402.28074173423,,142759.59832512168,55653.47703425635,12000000.0,12182371.082170198,182371.0821701977,166329.08898101747,198413.07535937804
AIA,Caribbean,SIDS,90247.35378,,15.0100055743,0.0352719381,15.045277512399998,,3312.70823024801,6.475927835159999,,3011.00711820458,5.95743034509,,3614.40934229144,6.99442532523,,3319.1841580831697,3319.1841580831697,3016.96454854967,3621.40376761667
ATA,,,12524451.06,,,,,,,,,,,,,,,,,,
ATG,Caribbean,SIDS,112003.5377,,249.6354414798,8.691842744,258.3272842238,,55094.541934591856,1595.8223277984,,50076.869560847874,1468.0522394616,,60112.21430833584,1723.5924161352002,216760.0,273450.36426239024,56690.364262390256,51544.92180030947,61835.80672447104
ARG,Americas,Developing economies,3850468.218,1187.2151242691,,,1187.2151242691,199452.1408772088,,,191141.6350073251,,,207762.64674709248,,,10463247.0,10662699.14087721,199452.1408772088,191141.6350073251,207762.64674709248
ARM,Asia,Developing economies,29732.93033,,,,,,,,,,,,,,,,,,
ABW,Caribbean,SIDS,30196.5565,,33.0869116778,0.4329422039,33.5198538817,,7302.28140729046,79.48818863604,,6637.2344825666805,73.12393823871,,7967.328332014241,85.85243903337,,7381.7695959265,7381.7695959265,6710.358420805391,8053.18077104761
SHN-1,Africa,Developing economies,446104.7597,,,,,,,,,,,,,,,,,,
AUS,Oceania,Developed economies,14559566.31,13186.5855516723,41065.9087326225,10036.8835398962,64289.377824191004,2215346.3726809463,9063246.057289785,1842771.8179249424,2123040.2738192403,8237821.291764073,1695229.6298884682,2307652.4715426527,9888670.822815498,1990314.0059614163,55272322.0,68393686.24789567,13121364.247895673,12056091.19547178,14186637.300319567
AUT,Europe,Developed economies,83989.03008,,,,,,,,,,,,,,,,,,
AZE,Asia,Developing economies,166590.1638,,,,,,,,,,,,,,,,,,
PT-20,Europe,,962788.3495,,,,,,,,,,,,,,,,,,
BHS,Caribbean,SIDS,633060.0463,,79757.0,1497.9220880028,81254.9220880028,,17602369.9,275018.49535731407,,15999254.2,252999.0406636729,,19205485.6,297037.95005095523,1015260.0,18892648.39535731,17877388.39535731,16252253.240663672,19502523.550050955
BHR,Asia,Developing economies,8272.090041,,535.7478652347,0.5836400717,536.3315053064,,118239.55385729828,107.15631716412,,107471.02176608084,98.57680811013,,129008.08594851576,115.73582621811,,118346.7101744624,118346.7101744624,107569.59857419095,129123.82177473388
CO-BN,Caribbean,,1553.214326,,,,,,,,,,,,,,,,,,
BGD,Asia,LDCs,250237.1507,,,4482.3272145269,4482.3272145269,,,822955.2765871389,,,757065.0665335935,,,888845.4866406843,1770446.0,2593401.276587139,822955.2765871389,757065.0665335935,888845.4866406843
BRB,Caribbean,SIDS,185441.1234,,89.6291679305,0.1084302472,89.73759817770001,,19781.15736226135,19.90779338592,,17979.611086858302,18.31386875208,,21582.703637664403,21.50171801976,604947.0,624748.0651556472,19801.06515564727,17997.924955610382,21604.205355684164
ATF-2,Africa,Developing economies,120802.1517,,,,,,,,,,,,,,,,,,
BLR,Europe,Developed economies,207594.6878,,,,,,,,,,,,,,,,,,
BEL,Europe,Developed economies,34122.1657,4.8730908933,,,4.8730908933,818.6792700743999,,,784.5676338213,,,852.7909063274999,,,,818.6792700743999,818.6792700743999,784.5676338213,852.7909063274999
BLZ-1,Americas,SIDS,54990.19842,,4692.2744180261,519.3732934924,5211.6477115185,,1035584.9640583602,95356.93668520464,,941270.2482560356,87722.14927086636,,1129899.6798606848,102991.72409954292,32900.0,1163841.9007435648,1130941.9007435648,1028992.397526902,1232891.4039602275
BEN,Africa,LDCs,150707.2389,,1342.7526594473,28.8436640741,1371.5963235213999,,296345.5119400191,5295.69672400476,,269356.18348512833,4871.694862115491,,323334.84039490984,5719.698585894031,1000000.0,1301641.2086640238,301641.20866402384,274227.8783472438,329054.53898080386
BMU,Americas,SIDS,464453.075,,,0.2094120034,0.2094120034,,,38.44804382424,,,35.36968737426,,,41.52640027422,,38.44804382424,38.44804382424,35.36968737426,41.52640027422
BTN,Asia,Developing economies,40035.13991,,,,,,,,,,,,,,,,,,
BOL,Americas,Developing economies,1082640.856,,,,,,,,,,,,,,,,,,
BES-1,Caribbean,Developing economies,13290.22322,,2.610121266,1.8399214185,4.4500426845,,576.0537634062,337.8095724366,,523.5903259596,310.76272758465,,628.5172008528001,364.85641728855,,913.8633358428,913.8633358428,834.3530535442501,993.37361814135
BIH,Europe,Developed economies,50997.81703,,,,,,,,,,,,,,11.0,11.0,,,
BWA,Africa,Developing economies,578166.1667,,,,,,,,,,,,,,,,,,
BVT,Americas,Developing economies,50.71955487,,,,,,,,,,,,,,,,,,
BRA,Americas,Developing economies,11678266.58,59.6879211643,426.4758433232,11375.5504338577,11861.7141983452,10027.5707556024,94123.21862143023,2088551.0596562736,9609.7553074523,85551.05417063393,1921330.4682785652,10445.3862037525,102695.38307222656,2255771.6510339817,12626309.0,14819010.849033307,2192701.8490333064,2016491.277756652,2368912.420309961
VGB,Caribbean,SIDS,81722.13214,,40.8966706624,0.9839715953,41.880642257699996,,9025.895215191678,180.65718489708,,8203.87213487744,166.19280244617,,9847.91829550592,195.12156734799,,9206.552400088758,9206.552400088758,8370.06493732361,10043.03986285391
BRN,Asia,Developing economies,48853.87613,,,109.8247266832,109.8247266832,,,20163.81981903552,,,18549.39633679248,,,21778.24330127856,284649.0,304812.81981903553,20163.81981903552,18549.39633679248,21778.24330127856
BGR,Europe,Developed economies,145697.603,0.3155953668,,,0.3155953668,53.0200216224,,,50.8108540548,,,55.22918919,,,,53.0200216224,53.0200216224,50.8108540548,55.22918919
BFA,Africa,LDCs,273981.2237,,,,,,,,,,,,,,,,,,
BDI,Africa,LDCs,26832.74372,,,,,,,,,,,,,,,,,,
KHM,Asia,LDCs,230091.0526,,,622.0971799122,622.0971799122,,,114217.04223187992,,,105072.21368717056,,,123361.87077658926,,114217.04223187992,114217.04223187992,105072.21368717056,123361.87077658926
CMR,Africa,Developing economies,480130.3404,,,1970.7793647354,1970.7793647354,,,361835.0913654194,,,332864.63470380905,,,390805.5480270298,0.0,361835.0913654194,361835.0913654194,332864.63470380905,390805.5480270298
CAN,Americas,Developed economies,15700139.08,1114.0426138559,338.0805509232,,1452.1231647791,187159.1591277912,74614.37758875024,,179360.8608307999,67818.95851519392,,194957.4574247825,81409.79666230656,,16890002.0,17151775.536716543,261773.53671654145,247179.81934599383,276367.2540870891
ES-CN,Africa,,453419.4586,,2062.5431310577,,2062.5431310577,,455203.2690244344,,,413746.1520901746,,,496660.3859586942,,,455203.2690244344,455203.2690244344,413746.1520901746,496660.3859586942
CPV,Africa,SIDS,806027.0356,,,,,,,,,,,,,,12000000.0,12000000.0,,,
CYM,Caribbean,SIDS,118567.3013,,44.9848554788,44.3153331966,89.3001886754,,9928.15760417116,8136.29517489576,,9023.96200904728,7484.859776905741,,10832.35319929504,8787.730572885781,,18064.45277906692,18064.45277906692,16508.82178595302,19620.08377218082
CAF,Africa,LDCs,620252.6857,,,,,,,,,,,,,,,,,,
ES-CE,Africa,,53.21027835,,,,,,,,,,,,,,,,,,
TCD,Africa,LDCs,1270766.578,,,,,,,,,,,,,,,,,,
ES-CHAF,Africa,,26.11627785,,,,,,,,,,,,,,,,,,
IO,Africa,,647738.231,,,,,,,,,,,,,,7522878.0,7522878.0,,,
CHL-1,Americas,Developing economies,3244211.698,9.2112564191,,,9.2112564191,1547.4910784088,,,1483.0122834751,,,1611.9698733425,,,63103556.00000001,63105103.491078414,1547.4910784088,1483.0122834751,1611.9698733425
CHN,Asia,Developing economies,10340834.12,5421.2208431855,8075.0073487158,206.55837377,13702.7865656713,910765.101655164,1782154.1218615768,37924.117424172,872816.5557528655,1619846.4741523894,34887.709329753,948713.6475574624,1944461.7695707649,40960.52551859101,5103023.0,7833866.340940913,2730843.3409409127,2527550.739235008,2934135.9426468182
CXR,Oceania,Developed economies,328133.6411,,158.4675802562,,158.4675802562,,34973.79496254334,,,31788.59659939372,,,38158.99332569296,,,34973.79496254334,34973.79496254334,31788.59659939372,38158.99332569296
CP,Americas,,435659.2121,,,,,,,,,,,,,,,,,,
CCK,Oceania,Developed economies,467456.8656,,215.1809427618,,215.1809427618,,47490.434067529255,,,43165.29711801708,,,51815.57101704144,,,47490.434067529255,47490.434067529255,43165.29711801708,51815.57101704144
MAF,Caribbean,Developing economies,1155.029918,,48.6839978735,0.0103011623,48.6942990358,,10744.55833068145,1.89129339828,,9766.0099734241,1.73986631247,,11723.1066879388,2.04272048409,,10746.449624079729,10746.449624079729,9767.749839736569,11725.14940842289
COL,Americas,Developing economies,1855095.355,,430.8488816356,2784.0928490099,3214.9417306455,,95088.34817697691,511159.4470782176,,86428.28565610135,470233.2821977721,,103748.41069785248,552085.6119586632,8714865.0,9321112.795255195,606247.7952551945,556661.5678538735,655834.0226565157
CO-QS,Caribbean,,4008.865682,,,,,,,,,,,,,,,,,,
COM,Africa,SIDS,166148.6598,,1265.1507921094,0.9699378602,1266.1207299696,,279218.7798185446,178.08059113271997,,253789.24889714565,163.82250458778,,304648.3107399435,192.33867767766,1000000.0,1279396.8604096773,279396.8604096773,253953.07140173344,304840.6494176212
COK,Oceania,SIDS,1969814.156,,,0.0327153751,0.0327153751,,,6.00654286836,,,5.5256268543900005,,,6.48745888233,4756571.0,4756577.006542868,6.00654286836,5.5256268543900005,6.48745888233
CRI,Americas,Developing economies,632867.9047,,,368.211787166,368.211787166,,,67603.68412367761,,,62190.97085233741,,,73016.3973950178,11540220.0,11607823.684123678,67603.68412367761,62190.97085233741,73016.3973950178
HRV,Europe,Developed economies,112170.1033,5.3796232593,299.6174028317,,304.997026091,903.7767075624,66125.56080495619,,866.1193447472999,60103.25100803902,,941.4340703775,72147.87060187336,,39100.0,106129.33751251858,67029.33751251858,60969.37035278632,73089.30467225086
ATF-3,Africa,Developing economies,575821.6657,,,,,,,,,,,,,,,,,,
CUB,Caribbean,SIDS,462964.0389,,13906.1906719471,0.0,13906.1906719471,,3069096.281298725,0.0,,2789581.8487925883,0.0,,3348610.713804862,0.0,1736817.0,4805913.281298725,3069096.281298725,2789581.8487925883,3348610.713804862
CUW,Caribbean,SIDS,25838.3905,,,0.4441490499,0.4441490499,,,81.54576556164,,,75.01677452811,,,88.07475659517,,81.54576556164,81.54576556164,75.01677452811,88.07475659517
CYP,Asia,Developed economies,107717.1685,19.5673118179,69.8778706976,,89.4451825155,3287.3083854072,15422.04606296032,,3150.3372026819,14017.50086193856,,3424.2795681325,16826.59126398208,,491679.0,510388.3544483675,18709.35444836752,17167.83806462046,20250.870832114582
CZE,Europe,Developed economies,78841.84408,,,,,,,,,,,,,,,,,,
COD,Africa,LDCs,2342345.487,,,236.3872634144,236.3872634144,,,43400.70156288384,,,39925.80879069216,,,46875.59433507552,0.0,43400.70156288384,43400.70156288384,39925.80879069216,46875.59433507552
DNK,Europe,Developed economies,147744.0325,304.3514896613,1182.1938121945,,1486.5453018558,51131.0502630984,260910.17435132613,,49000.5898354693,237148.07872621669,,53261.5106907275,284672.2699764356,,16410864.0,16722905.224614425,312041.2246144245,286148.668561686,337933.7806671631
DJI,Africa,LDCs,28895.09636,,,7.0912418152,7.0912418152,,,1301.95199727072,,,1197.71074258728,,,1406.19325195416,,1301.95199727072,1301.95199727072,1197.71074258728,1406.19325195416
DMA,Caribbean,SIDS,29307.45227,,513.932054341,0.0146515174,513.9467058584,,113424.8043930587,2.69001859464,,103094.7701008046,2.47464128886,,123754.83868531282,2.90539590042,83700.0,197127.49441165332,113427.49441165334,103097.24474209346,123757.74408121324
DOM,Caribbean,SIDS,398851.9321,,346.6886384632,190.5646372618,537.253275725,,76514.18250882823,34987.66740126647,,69545.74087571792,32186.36723351802,,83482.62414193856,37788.96756901494,613543.0,725044.8499100948,111501.84991009472,101732.10810923594,121271.59171095352
DJ,Africa,,245.903579,,,,,,,,,,,,,,,,,,
TLS,Asia,SIDS,89659.78377,,334.7823342356,8.5570678111,343.3394020467,,73886.4611657969,1571.0776501179598,,67157.33624766135,1445.28875329479,,80615.58608393247,1696.86654694113,461810.0,537267.5388159149,75457.53881591487,68602.62500095615,82312.45263087361
CL-EI,Oceania,,729932.3374,,,,,,,,,,,,,,,,,,
ECU,Americas,Developing economies,484248.1905,0.0870523702,,1465.9738155052,1466.0608678754,14.6247981936,,269152.7925267547,14.0154316022,,247602.9774388283,15.234164785,,290702.6076146812,34946708.0,35215875.417324945,269167.4173249483,247616.9928704305,290717.8417794662
EGY,Africa,Developing economies,1226673.099,,2438.7337198099,2.0322796169,2440.7659994267997,,538228.5319620449,373.12653766284,,489209.9841938659,343.25202729441,,587247.0797302239,403.00104803127,1000000.0,1538601.6584997077,538601.6584997077,489553.23622116033,587650.0807782551
SLV,Americas,Developing economies,115630.1488,,,369.4258995836,369.4258995836,,,67826.59516354896,,,62396.034439670046,,,73257.15588742789,2600795.0,2668621.595163549,67826.59516354896,62396.034439670046,73257.15588742789
GNQ,Africa,Developing economies,330928.1973,,,254.532945152,254.532945152,,,46732.2487299072,,,42990.6144361728,,,50473.8830236416,6000000.0,6046732.248729907,46732.2487299072,42990.6144361728,50473.8830236416
ERI,Africa,LDCs,199286.1331,,16.3330002004,73.4137384352,89.7467386356,,3604.69314422828,13478.76237670272,,3276.39984020024,12399.58042170528,,3932.98644825632,14557.94433170016,,17083.455520931,17083.455520931,15675.98026190552,18490.93077995648
EST,Europe,Developed economies,81842.11413,3.9012615752,,,3.9012615752,655.4119446336,,,628.1031136072,,,682.72077566,,,,655.4119446336,655.4119446336,628.1031136072,682.72077566
ETH,Africa,LDCs,1129076.695,,,,,,,,,,,,,,,,,,
ATF-4,Africa,Developing economies,127985.5126,,,6.7230182021,6.7230182021,,,1234.34614190556,,,1135.51777433469,,,1333.17450947643,,1234.34614190556,1234.34614190556,1135.51777433469,1333.17450947643
FRO,Europe,Developed economies,266742.342,,,,,,,,,,,,,,,,,,
FLK,Americas,Developing economies,562938.29,,,,,,,,,,,,,,,,,,
SOM,Africa,LDCs,1454124.33,,,34.6370844949,34.6370844949,,,6359.3687132636405,,,5850.20357118861,,,6868.533855338671,12000000.0,12006359.368713263,6359.3687132636405,5850.20357118861,6868.533855338671
FJI,Oceania,SIDS,1315157.77,,1736.2949932675,487.2593668274,2223.5543600949,,383200.3050141373,89460.81974951064,,348300.7756494605,82298.10705714786,,418099.834378814,96623.53244187342,2835137.0,3307798.124763648,472661.1247636479,430598.8827066084,514723.3668206874
FIN,Europe,Developed economies,420076.1537,133.2318237148,,,133.2318237148,22382.9463840864,,,21450.3236180828,,,23315.56915009,,,,22382.9463840864,22382.9463840864,21450.3236180828,23315.56915009
FRA,Europe,Developed economies,897522.0351,800.792595264,1094.5051404912,,1895.2977357552002,134533.156004352,241557.28450640783,,128927.607837504,219557.73118253477,,140138.70417120002,263556.837830281,,44719481.0,45095571.44051076,376090.4405107598,348485.3390200387,403695.54200148105
GUF,Americas,Developing economies,214504.1101,,,635.7043780956,635.7043780956,,,116715.32381835216,,,107370.46946034684,,,126060.17817635748,,116715.32381835216,116715.32381835216,107370.46946034684,126060.17817635748
PYF,Oceania,SIDS,4774877.62,,785.2108340843,1.2587179809,786.4695520652,,173296.031082405,231.10062129324,,157513.29331731057,212.59746697401,,189078.76884749945,249.60377561247,,173527.13170369825,173527.13170369825,157725.8907842846,189328.3726231119
GAB,Africa,Developing economies,463413.3578,,,1743.9924236951,1743.9924236951,,,320197.0089904203,,,294560.3203621024,,,345833.69761873834,4000000.0,4320197.00899042,320197.0089904203,294560.3203621024,345833.69761873834
EC-W,Americas,,849472.6397000002,,,50.2139757278,50.2139757278,,,9219.28594362408,,,8481.14050042542,,,9957.43138682274,,9219.28594362408,9219.28594362408,8481.14050042542,9957.43138682274
GMB,Africa,LDCs,33723.36947,,,610.5583841905,610.5583841905,,,112098.5193373758,,,103123.31108977544,,,121073.72758497616,0.0,112098.5193373758,112098.5193373758,103123.31108977544,121073.72758497616
GEO,Asia,Developing economies,92515.43535,,,,,,,,,,,,,,,,,,
DEU-1,Europe,Developed economies,414273.458,202.8151075803,317.2246646485,,520.0397722288,34072.938073490404,70011.48348792394,,32653.232320428306,63635.267728489096,,35492.6438265525,76387.6992473588,,120.0,104204.42156141436,104084.42156141436,96288.5000489174,111880.3430739113
DEU-1,Europe,Developed economies,414273.458,202.8151075803,317.2246646485,,520.0397722288,34072.938073490404,70011.48348792394,,32653.232320428306,63635.267728489096,,35492.6438265525,76387.6992473588,,120.0,104204.42156141436,104084.42156141436,96288.5000489174,111880.3430739113
DEU-2,Europe,Developed economies,414273.458,202.8151075803,317.2246646485,,520.0397722288,34072.938073490404,70011.48348792394,,32653.232320428306,63635.267728489096,,35492.6438265525,76387.6992473588,,120.0,104204.42156141436,104084.42156141436,96288.5000489174,111880.3430739113
DEU-2,Europe,Developed economies,414273.458,202.8151075803,317.2246646485,,520.0397722288,34072.938073490404,70011.48348792394,,32653.232320428306,63635.267728489096,,35492.6438265525,76387.6992473588,,120.0,104204.42156141436,104084.42156141436,96288.5000489174,111880.3430739113
GHA,Africa,Developing economies,466117.5817,,2713.6813560531,178.0888239632,2891.7701800163,,598909.4752809191,32697.10807964352,,544364.4800242519,30079.202367384485,,653454.4705375865,35315.013791902566,3000000.0,3631606.5833605626,631606.5833605627,574443.6823916363,688769.4843294891
GIB,Europe,Developed economies,394.8886291,,,,,,,,,,,,,,,,,,
FR-GLO,Africa,,43537.67295,,,,,,,,,,,,,,,,,,
LUX,Europe,Developed economies,2595.470758,,,,,,,,,,,,,,,,,,
GRC,Europe,Developed economies,615356.1362,,626.4317346594,,626.4317346594,,138253.4838393296,,,125662.20597267564,,,150844.76170598355,,10113005.0,10251258.48383933,138253.4838393296,125662.20597267564,150844.76170598355
GRL,Americas,Developed economies,4437543.214,,,,,,,,,,,,,,,,,,
GRD,Caribbean,SIDS,25929.44268,,10.2293264417,1.9255285289,12.154854970599999,,2257.6123456831897,353.52703790604,,2052.00288420502,325.22176853121,,2463.22180716136,381.83230728087,138794.0,141405.13938358924,2611.139383589229,2377.224652736229,2845.05411444223
GLP,Caribbean,SIDS,92355.18888,,758.3848122393,34.1929994847,792.577811724,,167375.5280612135,6277.83470539092,,152131.9933352036,5775.197612965831,,182619.06278722343,6780.471797816011,,173653.3627666044,173653.3627666044,157907.19094816942,189399.53458503948
GUM,Oceania,SIDS,208784.2053,0.0799664038,473.2691110017,0.5224856718,473.8715630773,13.4343558384,104450.4927980752,95.92836934248,12.8745910118,94937.78366694102,88.24782996702001,13.994120665,113963.20192920938,103.60890871794,,104559.85552325608,104559.85552325608,95038.90608791984,114080.80495859231
GTM,Americas,Developing economies,218931.7525,,0.1797344864,248.9808509726,249.160585459,,39.66740114848,45712.88423856936,,36.05473797184,42052.86572927214,,43.28006432512,49372.90274786658,2857422.0,2903174.551639718,45752.55163971784,42088.92046724398,49416.1828121917
GGY,Europe,Developed economies,3768.532398,,,,,,,,,,,,,,,,,,
GIN,Africa,LDCs,346871.3948,,12808.1078549931,2184.5761293394,14992.6839843325,,2826749.403596977,401088.1773467138,,2569306.435711616,368974.9082454246,,3084192.3714823388,433201.446448003,1000000.0,4227837.580943691,3227837.580943691,2938281.3439570405,3517393.8179303417
GNB,Africa,SIDS,140611.56,,15319.1062725608,2675.5202435335,17994.6265160943,,3380926.7543541687,491225.5167127506,,3073012.7182756965,451895.3691328082,,3688840.790432641,530555.664292693,1000000.0,4872152.271066919,3872152.27106692,3524908.0874085044,4219396.4547253335
GUY,Americas,SIDS,345516.279,,,267.353039156,267.353039156,,,49086.0179890416,,,45155.92831344841,,,53016.10766463481,583893.0,632979.0179890416,49086.0179890416,45155.92831344841,53016.10766463481
HTI,Caribbean,SIDS,130502.8419,,748.6292875703,150.0431056151,898.6723931854,,165222.4837667652,27547.91419093236,,150175.03508660218,25342.28053839039,,180269.93244692823,29753.54784347433,221002.0,413772.3979576975,192770.39795769757,175517.31562499257,210023.4802904026
SD,Africa,,37610.64963,,,0.6236022255,0.6236022255,,,114.4933686018,,,105.32641588695,,,123.66032131665,,114.4933686018,114.4933686018,105.32641588695,123.66032131665
US-HI,Oceania,,2491444.428,1.8657893071,592.8871412703,6.9320541083,601.6849846857001,313.4526035928,130850.19207835522,1272.72513428388,300.3920784431,118933.16053882218,1170.82393889187,326.5131287425,142767.22361788826,1374.62632967589,,132436.36981623192,132436.36981623192,120404.37655615716,144468.36307630665
HMD,Oceania,Developed economies,417684.5825,,,,,,,,,,,,,,,,,,
HND,Americas,Developing economies,320588.1623000001,,2739.1957906176,600.9931089823,3340.1888995998997,,604540.5109893043,110342.33480915028,,549482.6755978905,101507.73610711048,,659598.346380718,119176.93351119007,591886.0,1306768.8457984547,714882.8457984546,650990.411705001,778775.2798919082
UMI-1,Oceania,Developed economies,434897.4775,,,,,,,,,,,,,,,,,,
HUN,Europe,Developed economies,93001.38934,,,,,,,,,,,,,,,,,,
ISL,Europe,Developed economies,865630.9691,26.2857318694,,,26.2857318694,4416.0029540592,,,4232.0028309734,,,4600.003077145,,,8803328.0,8807744.002954058,4416.0029540592,4232.0028309734,4600.003077145
IND,Asia,Developing economies,4804678.648,,2583.230114132,3446.1750775844,6029.4051917164,,570118.8861889323,632717.7442444958,,518195.9608948792,582058.9706040052,,622041.8114829856,683376.5178849865,33290126.000000004,34492962.63043343,1202836.630433428,1100254.9314988842,1305418.329367972
IDN,Asia,Developing economies,7906619.381,,17597.0823649314,0.0,17597.0823649314,,3883676.07794036,0.0,,3529974.722405239,0.0,,4237377.433475481,0.0,30885166.0,34768842.07794036,3883676.07794036,3529974.722405239,4237377.433475481
IRN,Asia,Developing economies,1838516.136,,2704.3209827839,102.63787859,2806.9588613739,,596843.6409004068,18844.314509124,,542486.7891464503,17335.537693851,,651200.4926543632,20353.091324397003,299557.0,915244.9554095308,615687.9554095308,559822.3268403014,671553.5839787602
IRQ,Asia,Developing economies,438531.6527,,90.6672882819,,90.6672882819,,20010.27052381533,,,18187.85802934914,,,21832.68301828152,,,20010.27052381533,20010.27052381533,18187.85802934914,21832.68301828152
IRL,Europe,Developed economies,498255.4494,99.0633788019,3.6013766773,,102.6647554792,16642.6476387192,794.8238326801101,,15949.2039871059,722.43616146638,,17336.0912903325,867.2115038938401,,2719716.0,2737153.4714713995,17437.471471399313,16671.64014857228,18203.30279422634
CHL-2,Americas,Developing economies,450968.2044,,,,,,,,,,,,,,,,,,
IMN,Europe,Developed economies,4540.893665,,,,,,,,,,,,,,,,,,
ISR,Asia,Developed economies,46692.92813,,17.3956373442,,17.3956373442,,3839.21716186494,,,3489.56485124652,,,4188.86947248336,,20100.0,23939.21716186494,3839.21716186494,3489.56485124652,4188.86947248336
ITA,Europe,Developed economies,837224.5569,439.3309839357,3724.9805100926,,4164.3114940283,73807.60530119759,822103.1985774369,,70732.2884136477,747231.0903245755,,76882.9221887475,896975.3068302982,,8715967.0,9611877.803878635,895910.8038786345,817963.3787382232,973858.2290190456
CIV,Africa,Developing economies,492520.1653,,,53.4962968508,53.4962968508,,,9821.92010180688,,,9035.52453810012,,,10608.31566551364,3000000.0,3009821.920101807,9821.92010180688,9035.52453810012,10608.31566551364
JAM,Caribbean,SIDS,267911.9523,,791.6998588876,97.6693403955,889.3691992831,,174728.15885649333,17932.0908966138,,158814.99169285258,16496.35159279995,,190641.3260201341,19367.83020042765,838551.0,1031211.2497531072,192660.24975310717,175311.34328565252,210009.1562205617
SJM-1,Europe,Developed economies,293290.5763,,,,,,,,,,,,,,,,,,
JPN,Asia,Developed economies,4438697.451,,473.7326777891,10.2871928875,484.0198706766,,104552.80198805436,1888.728614145,,95030.77516449346,1737.50687869875,,114074.8288116153,2039.9503495912504,22871261.0,22977702.5306022,106441.53060219936,96768.28204319222,116114.77916120656
UMI-2,Oceania,Developed economies,323192.6875,,,,,,,,,,,,,,,,,,
JEY,Europe,Developed economies,2456.817384,,,,,,,,,,,,,,,,,,
UMI-3,Oceania,Developed economies,442448.3936,,,,,,,,,,,,,,,,,,
JOR,Asia,Developing economies,89443.77602,,1.3705424897,,1.3705424897,,302.47872747679,,,274.93082343382,,,330.02663151976003,,,302.47872747679,302.47872747679,274.93082343382,330.02663151976003
ATF-5,Africa,Developing economies,62824.02726,,,,,,,,,,,,,,,,,,
KAZ,Asia,Developing economies,2836835.689,,,,,,,,,,,,,,,,,,
KEN,Africa,Developing economies,707484.6591,,116.0615719036,542.0699299071,658.1315018107,,25614.78891912452,99524.03913094357,,23281.95132386216,91555.6111613092,,27947.62651438688,107492.46710057794,1000000.0,1125138.828050068,125138.82805006808,114837.56248517137,135440.0936149648
ATF-6,Africa,Developing economies,558169.7229000002,,,,,,,,,,,,,,,,,,
KIR,Oceania,SIDS,3441229.2672999995,,496.2343497951,1.4648261908,497.6991759859,,109518.92099977857,268.94208863088,,99544.61056889706,247.40914362612,,119493.23143066007,290.47503363564,25833193.0,25942980.86308841,109787.86308840945,99792.01971252318,119783.70646429573
RU-SA,Asia,,218735.0936,,,,,,,,,,,,,,,,,,
KWT,Asia,Developing economies,28241.48885,,1568.6025533623,,1568.6025533623,,346190.5835270596,,,314661.67220447736,,,377719.4948496418,,,346190.5835270596,346190.5835270596,314661.67220447736,377719.4948496418
KGZ,Asia,Developing economies,199637.6734,,,,,,,,,,,,,,,,,,
LAO,Asia,LDCs,229724.7134,,,,,,,,,,,,,,,,,,
LVA,Europe,Developed economies,92872.99497,0.7129094665,,,0.7129094665,119.768790372,,,114.7784241065,,,124.7591566375,,,,119.768790372,119.768790372,114.7784241065,124.7591566375
LBN,Asia,Developing economies,29064.42192,,,,,,,,,,,,,,40900.0,40900.0,,,
LSO,Africa,LDCs,30561.65539,,,,,,,,,,,,,,,,,,
LBR,Africa,LDCs,347612.3157,,,182.1353161055,182.1353161055,,,33440.044036969804,,,30762.654890218957,,,36117.433183720656,3000000.0,3033440.04403697,33440.044036969804,30762.654890218957,36117.433183720656
LBY,Africa,Developing economies,1973738.166,,11.5167549849,,11.5167549849,,2541.74782516743,,,2310.26104997094,,,2773.2346003639204,,7000000.0,7002541.747825167,2541.74782516743,2310.26104997094,2773.2346003639204
LIE,Europe,Developed economies,160.8089954,,,,,,,,,,,,,,,,,,
LTU,Europe,Developed economies,71779.08695,,,,,,,,,,,,,,,,,,
MKD,Europe,Developed economies,25437.19787,,,,,,,,,,,,,,,,,,
AU-TAS,Oceania,,476412.8641,,,,,,,,,,,,,,,,,,
MDG,Africa,LDCs,1786627.146,57.8254622808,5764.7648300837,2758.3331165541,8580.9234089186,9714.6776631744,1272283.5979994724,506429.9601993328,9309.8994272088,1156411.8249147902,465882.4633859875,10119.45589914,1388155.371084155,546977.457012678,3000000.0,4788428.235861979,1788428.2358619797,1631604.1877279866,1945252.2839959727
PT-30,Europe,,453615.7185,,,,,,,,,,,,,,,,,,
MWI,Africa,LDCs,118501.0583,,,,,,,,,,,,,,,,,,
MYS,Asia,Developing economies,847078.3438,,548.0749517944,5227.091421078,5775.1663728724,,120960.14186102408,959693.9849099208,,109943.83532995664,882855.7410200742,,131976.44839209152,1036532.2287997674,1108930.0,2189584.126770945,1080654.1267709448,992799.5763500308,1168508.6771918589
MDV,Asia,SIDS,924130.53,,2400.9672221328,0.9734406622,2401.940662795,,529893.465924709,178.72370557992,,481634.0247598397,164.41412784558,,578152.9070895783,193.03328331426,11633297.0,12163369.189630289,530072.1896302889,481798.4388876853,578345.9403728925
MLI,Africa,LDCs,1252545.079,,,,,,,,,,,,,,,,,,
MLT,Europe,Developed economies,53247.41011,,70.4110839898,,70.4110839898,,15539.72623654886,,,14124.46344835388,,,16954.98902474384,,1556727.0,1572266.726236549,15539.72623654886,14124.46344835388,16954.98902474384
MHL,Oceania,SIDS,2004958.808,,525.8349166768,0.3254464617,526.1603631385001,,116051.76611056976,59.751970368120006,,105482.48428536608,54.96790738113,,126621.04793577346,64.53603335511,8845072.0,8961183.518080939,116111.51808093788,105537.4521927472,126685.58396912857
MTQ,Caribbean,SIDS,48905.09809,,548.7793639129,19.4411010032,568.2204649160999,,121115.60561557702,3569.38614418752,,110085.14040092772,3283.60195944048,,132146.07083022632,3855.17032893456,,124684.99175976454,124684.99175976454,113368.7423603682,136001.24115916088
VU,Oceania,,187185.5177,,,,,,,,,,,,,,,,,,
MRT,Africa,LDCs,1212054.797,23.0,772.0,3.4594715486,798.4594715486,3864.0,170380.4,635.1589763229599,3703.0,154863.19999999998,584.3047445585399,4025.0,185897.6,686.01320808738,4000000.0,4174879.558976323,174879.55897632297,159150.50474455854,190608.6132080874
MYT,Africa,Developing economies,67285.12793,,1484.3952218942,6.7533274632,1491.1485493574,,327606.0254720499,1239.91092224352,,297769.6815119765,1140.63700853448,,357442.3694321234,1339.18483595256,,328845.9363942934,328845.9363942934,298910.318520511,358781.5542680759
ES-ML,Africa,,40.73956715,,,,,,,,,,,,,,,,,,
MEX,Americas,Developing economies,5138716.724,2714.0569471771,9758.378052241,9921.3205130288,22393.7555124469,455961.5671257528,2153674.0361295887,1821554.446192088,436963.1684955131,1957530.6372795445,1675711.0346505644,474959.9657559925,2349817.434979633,1967397.8577336117,30789336.0,35220526.04944743,4431190.049447429,4070204.8404256217,4792175.258469237
FSM,Oceania,SIDS,3009867.645,,1584.2227649027,87.1055536458,1671.3283185485,,349637.9642140259,15992.57964936888,,317795.0866394816,14712.12801077562,,381480.84178857016,17273.03128796214,13999541.0,14365171.543863395,365630.5438633948,332507.2146502572,398753.8730765323
MDA,Europe,Developed economies,33855.6426,,,,,,,,,,,,,,,,,,
MCO,Europe,Developed economies,290.5136861,,0.4232879985,,0.4232879985,,93.41966126895,,,84.91157249909999,,,101.9277500388,,,93.41966126895,93.41966126895,84.91157249909999,101.9277500388
MNG,Asia,Developing economies,1564953.688,,,,,,,,,,,,,,,,,,
MNE,Europe,Developed economies,20237.20393,1.0502616735,,,1.0502616735,176.44396114800003,,,169.09212943350002,,,183.7957928625,,,40000.0,40176.443961148,176.44396114800003,169.09212943350002,183.7957928625
MSR,Caribbean,SIDS,7288.804817,,12.9999232775,,12.9999232775,,2869.08306734425,,,2607.7846094665,,,3130.381525222,,,2869.08306734425,2869.08306734425,2607.7846094665,3130.381525222
MAR,Africa,Developing economies,686691.5903,,,,,,,,,,,,,,2000000.0,2000000.0,,,
MOZ,Africa,LDCs,1352536.737,,689.8324937973,2978.680385156,3668.5128789533,,152246.0313810641,546885.7187146415,,138380.39825573837,503099.1170528484,,166111.66450638985,590672.3203764348,2000000.0,2699131.750095705,699131.7500957056,641479.5153085868,756783.9848828247
MMR,Asia,LDCs,1165256.57,,2933.5359685211,5319.8569842173,8253.3929527384,,647431.3882526067,976725.7423022962,,588467.3152853326,898523.8446343021,,706395.461219881,1054927.6399702907,4548515.0,6172672.130554903,1624157.1305549028,1486991.1599196347,1761323.1011901717
NAM,Africa,Developing economies,1386405.326,,,,,,,,,,,,,,14000000.0,14000000.0,,,
NRU,Oceania,SIDS,309282.8981,,,,,,,,,,,,,,2013181.0,2013181.0,,,
UM-76,Caribbean,,13895.46578,,,,,,,,,,,,,,,,,,
NPL,Asia,LDCs,147296.9028,,,,,,,,,,,,,,,,,,
NLD,Europe,Developed economies,99460.48933,151.2944475334,1.1224619492,,152.41690948259998,25417.4671856112,247.72735218844,,24358.4060528774,225.16586700952,,26476.528318345,270.28883736736003,,563712.0,589377.1945377997,25665.19453779964,24583.57191988692,26746.81715571236
NCL,Oceania,SIDS,1198282.794,,1469.2951856795,334.8082100499,1804.1033957294,,324273.4474794656,61470.78736516165,,294740.6142473077,56549.10667742811,,353806.2807116236,66392.46805289517,,385744.23484462727,385744.23484462727,351289.7209247358,420198.7487645188
NZL,Oceania,Developed economies,4374135.887,168.1917636481,,277.2352916621,445.4270553102,28256.2162928808,,50900.39954916156,27078.8739473441,,46825.04076172869,29433.5586384175,,54975.75833659443,35752087.0,35831243.615842044,79156.61584204236,73903.9147090728,84409.31697501193
NIC,Americas,Developing economies,341809.2869,,5532.4201101315,743.4585878993,6275.8786980308005,,1221005.118306022,136498.99673831149,,1109803.474092379,125570.15549619176,,1332206.7625196653,147427.8379804312,2565473.0,3922977.1150443335,1357504.1150443335,1235373.629588571,1479634.6005000966
NER,Africa,LDCs,1181112.974,,,,,,,,,,,,,,,,,,
NGA,Africa,Developing economies,1087016.427,,8829.3065752691,8392.5148781293,17221.8214533984,,1948627.9611618903,1540865.7316245392,,1771158.898998981,1417495.7629160387,,2126097.0233247997,1664235.7003330402,2000000.0,5489493.692786429,3489493.692786429,3188654.66191502,3790332.72365784
NIU,Oceania,SIDS,318407.1764,,,,,,,,,,,,,,514955.0,514955.0,,,
NFK,Oceania,Developed economies,430640.4739,,,,,,,,,,,,,,,,,,
PRK,Asia,Developing economies,236798.6621,4.9118865079,,,4.9118865079,825.1969333272,,,790.8137277719001,,,859.5801388825,,,,825.1969333272,825.1969333272,790.8137277719001,859.5801388825
MNP,Oceania,SIDS,764117.3579,0.0016172742,,,0.0016172742,0.2717020656,,,0.2603811462,,,0.283022985,,,,0.2717020656,0.2717020656,0.2603811462,0.283022985
NOR,Europe,Developed economies,1256754.973,,62.2705825703,,62.2705825703,,13743.11757326521,,,12491.47886360218,,,14994.75628292824,,10771371.0,10785114.117573263,13743.11757326521,12491.47886360218,14994.75628292824
TL-OE,Asia,,2578.265425,,,1.9302585377,1.9302585377,,,354.39546752172004,,,326.02066701753,,,382.77026802591007,,354.39546752172004,354.39546752172004,326.02066701753,382.77026802591007
OMN,Asia,Developing economies,864660.6732,,,1.3646663791,1.3646663791,,,250.55274720276,,,230.49215142999,,,270.61334297553003,14782091.0,14782341.552747205,250.55274720276,230.49215142999,270.61334297553003
PAK,Asia,Developing economies,1096403.603,,,777.4546405073,777.4546405073,,,142740.67199714028,,,131312.08878168298,,,154169.2552125976,3384331.0,3527071.67199714,142740.67199714028,131312.08878168298,154169.2552125976
PLW,Oceania,SIDS,616992.7204,,727.4325533265,56.9219440142,784.3544973407,,160544.36451915855,10450.86892100712,,145922.97019729592,9614.11634399838,,175165.75884102122,11287.62149801586,2529223.0,2700218.233440166,170995.23344016567,155537.0865412943,186453.38033903707
PSE,Asia,Developing economies,7372.715335,,,,,,,,,,,,,,,,,,
UMI-4,Oceania,Developed economies,353675.8936,,,,,,,,,,,,,,,,,,
PAN,Americas,Developing economies,406250.2226,,1791.3001132113,1528.2358256176,3319.5359388289,,395339.9349857339,280584.0975833913,,359334.80271018675,258119.03094681265,,431345.0672612811,303049.1642199701,3835240.0,4511164.032569125,675924.0325691253,617453.8336569994,734394.2314812512
PNG,Oceania,SIDS,2861551.097,,9227.2574378643,4492.6365050735,13719.8939429378,,2036455.716536651,824848.0623314946,,1850987.8420355783,758806.3057069143,,2221923.591037724,890889.8189560751,12196339.0,15057642.778868146,2861303.7788681453,2609794.147742493,3112813.409993799
PRY,Americas,Developing economies,400752.4479000001,,,,,,,,,,,,,,,,,,
ES-PER,Africa,,0.785737099,,,,,,,,,,,,,,,,,,
PER,Americas,Developing economies,2146765.779,282.6696741037,,54.1852527689,336.8549268726,47488.5052494216,,9948.41240837004,45509.8175306957,,9151.88919266721,49467.1929681475,,10744.93562407287,45278430.0,45335866.91765779,57436.91765779164,54661.706723362906,60212.12859222037
ES-PVG,Africa,,3.738562293,,,,,,,,,,,,,,,,,,
PHL,Asia,Developing economies,2260600.759,,14946.0027147582,2820.259491479,17766.2622062372,,3298582.799147134,517799.6426355444,,2998168.144580495,476341.8281108032,,3598997.4537137747,559257.4571602858,5609099.0,9425481.44178268,3816382.441782679,3474509.9726912985,4158254.910874061
PCN,Oceania,Developing economies,842344.1991,,,,,,,,,,,,,,,,,,
POL,Europe,Developed economies,342427.1866,,2.6594927668,,2.6594927668,,586.95005363276,,,533.49424902008,,,640.4058582454401,,,586.95005363276,586.95005363276,533.49424902008,640.4058582454401
PRT,Europe,Developed economies,404204.1673,198.9353711863,0.0380443627,,198.97341554899998,33421.1423592984,8.39639084789,,32028.5947609943,7.63169915762,,34813.689957602495,9.16108253816,,12403497.0,12436926.538750146,33429.53875014629,32036.22646015192,34822.85104014065
ZA-PE,Oceania,,475239.5011,,,,,,,,,,,,,,,,,,
PRI,Caribbean,SIDS,163631.3489,58.4387261237,600.654661828,81.9958562891,741.0892442408001,9817.7059887816,132564.4838654396,15054.43921467876,9408.6349059157,120491.3251626968,13849.10012722899,10226.7770716475,144637.6425681824,16259.778302128532,,157436.62906889996,157436.62906889996,143749.0601958415,171124.19794195844
QAT,Asia,Developing economies,42976.44118,,1147.2089035422,4.595108877,1151.8040124192,,253189.00501176357,843.6619898172,,230130.1060505653,776.1138893253001,,276247.90397296177,911.2100903091,,254032.66700158076,254032.66700158076,230906.2199398906,277159.11406327086
MUS,Africa,SIDS,1280968.84,,131.8322677674,3.9624566903,135.7947244577,,29095.381496265178,727.5070483390799,,26445.55291414044,669.25893499167,,31745.21007838992,785.75516168649,7000000.0,7029822.888544604,29822.88854460426,27114.81184913211,32530.965240076413
COG,Africa,Developing economies,376110.1204,,,20.5416266422,20.5416266422,,,3771.44265150792,,,3469.4807398675803,,,4073.404563148261,1000000.0,1003771.442651508,3771.44265150792,3469.4807398675803,4073.404563148261
ROU,Europe,Developed economies,267907.8796,54.7212770144,,,54.7212770144,9193.1745384192,,,8810.1255993184,,,9576.22347752,,,,9193.1745384192,9193.1745384192,8810.1255993184,9576.22347752
RUS,Europe,Developed economies,24610608.92,7043.8960256472,680.0401280493,,7723.9361536965,1183374.5323087296,150084.8562604805,,1134067.2601291991,136416.0496866896,,1232681.80448826,163753.66283427147,,46459217.0,47792676.38856921,1333459.3885692102,1270483.3098158888,1396435.4673225316
RWA,Africa,LDCs,25315.45209,,,,,,,,,,,,,,,,,,
REU,,,317665.1825,,,,,,,,,,,,,,,,,,
BES-2,Caribbean,Developing economies,9501.573907,,0.6132910815,,0.6132910815,,135.35334168705,,,123.0261909489,,,147.6804924252,,,135.35334168705,135.35334168705,123.0261909489,147.6804924252
SHN-2,Africa,Developing economies,449352.0558,,,,,,,,,,,,,,,,,,
KNA,Caribbean,SIDS,9768.631729,,60.0867798917,0.3468710985,60.4336509902,,13261.152322098187,63.6855336846,,12053.40804627502,58.58652853665,,14468.89659792136,68.78453883255,23300.0,36624.83785578279,13324.83785578279,12111.99457481167,14537.68113675391
LCA,Caribbean,SIDS,16027.46852,,6.6136956423,1.6215341376,8.2352297799,,1459.64262825561,297.71366766336,,1326.70734584538,273.87711584064004,,1592.57791066584,321.55021948608004,61099.99999999999,62857.356295918966,1757.35629591897,1600.58446168602,1914.12813015192
VCT,Caribbean,SIDS,36640.77601,,,0.3255645546,0.3255645546,,,59.77365222456,,,54.98785327194,,,64.55945117718001,180854.0,180913.77365222457,59.77365222456,54.98785327194,64.55945117718001
BLM,Caribbean,Developing economies,4203.437535,,16.8932475997,,16.8932475997,,3728.3397452537897,,,3388.78546849982,,,4067.89402200776,,,3728.3397452537897,3728.3397452537897,3388.78546849982,4067.89402200776
SPM,Americas,Developed economies,12640.74524,,,,,,,,,,,,,,,,,,
WSM,Oceania,SIDS,133333.9137,,982.8710169627,2.314155737,985.1851726996999,,216919.63344366787,424.8789933132,,197163.9260027176,390.8609039793,,236675.34088461817,458.8970826471,272057.0,489401.5124369811,217344.51243698108,197554.7869066969,237134.23796726528
SMR,Europe,Developed economies,58.46616607,,,,,,,,,,,,,,,,,,
STP,Africa,SIDS,131846.4427,,,0.4838520661,0.4838520661,,,88.83523933596,,,81.72261396429,,,95.94786470763,3000000.0,3000088.835239336,88.83523933596,81.72261396429,95.94786470763
BLZ-2,Americas,SIDS,1449.95064,,208.8283875165,,208.8283875165,,46088.425124891546,,,41890.974535809895,,,50285.8757139732,,,46088.425124891546,46088.425124891546,41890.974535809895,50285.8757139732
SAU,Asia,Developing economies,2149313.361,,20982.6977499275,69.3923174465,21052.090067374003,,4630881.393409,12740.4294831774,,4209129.168635457,11720.362416713851,,5052633.618182543,13760.496549640951,,4643621.822892177,4643621.822892177,4220849.53105217,5066394.114732184
SEN,Africa,LDCs,353554.9855,,1482.0112378299,0.0,1482.0112378299,,327079.8801890589,0.0,,297291.454308678,0.0,,356868.3060694399,0.0,3000000.0,3327079.880189059,327079.8801890589,297291.454308678,356868.3060694399
JP,Asia,,73800.91173,,,,,,,,,,,,,,,,,,
SRB,Europe,Developed economies,88332.90221,,,,,,,,,,,,,,,,,,
CO-SR,Caribbean,,2842.327632,,,,,,,,,,,,,,,,,,
CO-SL,Caribbean,,1553.311591,,,,,,,,,,,,,,,,,,
SYC,Africa,SIDS,1342014.332,,,3.8298136769,3.8298136769,,,703.15379107884,,,646.85553002841,,,759.4520521292701,17000000.0,17000703.153791077,703.15379107884,646.85553002841,759.4520521292701
SLE,Africa,LDCs,232907.7396,,4411.0989118676,1508.2259567574,5919.324868625,,973529.5298491792,276910.2856606586,,884866.4417206405,254739.3640963249,,1062192.617977718,299081.2072249924,2000000.0,3250439.815509838,1250439.8155098378,1139605.8058169654,1361273.8252027105
SGP,Asia,SIDS,1377.156656,,119.530559041,6.9701526733,126.50071171430001,,26380.394380348695,1279.72003081788,,23977.8301436246,1177.25878652037,,28782.958617072803,1382.1812751153902,0.0799,27660.19431116658,27660.114411166574,25155.08893014497,30165.139892188192
BES-3,Caribbean,Developing economies,2199.099395,,1.2888806866,,1.2888806866,,284.45596753262,,,258.54946573196,,,310.36246933328,,,284.45596753262,284.45596753262,258.54946573196,310.36246933328
SXM,Caribbean,SIDS,504.6385051,,24.0978992544,0.0539361904,24.151835444800003,,5318.40636544608,9.90268455744,,4834.03859043264,9.10982255856,,5802.774140459521,10.69554655632,,5328.30905000352,5328.30905000352,4843.1484129912005,5813.4696870158405
SVK,Europe,Developed economies,49037.64322,,,,,,,,,,,,,,,,,,
SVN,Europe,Developed economies,20436.23849,2.2113830746,0.0849964019,,2.2963794765,371.5123565328,18.75870589933,,356.03267501060003,17.05027822114,,386.992038055,20.46713357752,,,390.27106243213,390.27106243213,373.08295323174,407.45917163252
SLB,Oceania,SIDS,1631260.53,,1253.8889659394,525.650041244,1779.5390071834,,276733.2947828256,96509.3475723984,,251530.1265674436,88782.2919661116,,301936.4629982075,104236.4031786852,6872945.0,7246187.642355224,373242.642355224,340312.41853355523,406172.8661768927
ZAF,Africa,Developing economies,2292218.116,61.2951236623,405.561115167,26.5433526972,493.39959152650005,10297.5807752664,89507.3381173569,4873.35955520592,9868.5149096303,81355.5597025002,4483.17227055708,10726.6466409025,97659.1165322136,5263.54683985476,15000000.0,15104678.27844783,104678.27844782922,95707.24688268758,113649.31001297088
SGS,Americas,Developing economies,1241743.427,,,,,,,,,,,,,,,,,,
KOR,Asia,Developed economies,448099.2543,,,,,,,,,,,,,,1855368.0,1855368.0,,,
SSD,Africa,LDCs,632552.3626,,,,,,,,,,,,,,,,,,
ESP,Europe,Developed economies,1060247.985,881.5859162822,1037.8186489336,,1919.4045652157997,148106.4339354096,229046.57581964548,,141935.3325214342,208186.42097608012,,154277.535349385,249906.73066321085,,11421840.0,11798993.009755054,377153.0097550551,350121.75349751435,404184.2660125959
LKA,Asia,Developing economies,599363.0095,,2867.8565481386,181.1910531588,3049.0476012974,,632935.9401741889,33266.67735995568,,575292.0235566031,30603.168878521323,,690579.8567917749,35930.18584139004,7658827.0,8325029.617534145,666202.6175341445,605895.1924351244,726510.0426331649
SDN,Africa,LDCs,1915608.674,,4439.9415764222,6.3654840695,4446.3070604917,,979895.1059163796,1168.7028751602,,890652.2802302934,1075.13025933855,,1069137.931602466,1262.27549098185,,981063.8087915396,981063.8087915396,891727.4104896319,1070400.2070934477
SUR,Americas,SIDS,278588.9878,,,806.2228176422,806.2228176422,,,148022.50931910792,,,136171.0338997676,,,159873.98473844826,699754.0,847776.509319108,148022.50931910792,136171.0338997676,159873.98473844826
SJM-2,Europe,Developed economies,857624.7462000002,,,,,,,,,,,,,,,,,,
SWZ,Africa,Developing economies,17367.387,,,,,,,,,,,,,,,,,,
SWE,Europe,Developed economies,605471.911,50.0187173763,33.8751010946,,83.8938184709,8403.1445192184,7476.234811578219,,8053.0134975843,6795.34527957676,,8753.2755408525,8157.12434357968,,,15879.37933079662,15879.37933079662,14848.35877716106,16910.39988443218
CHE,Europe,Developed economies,41270.47734,,,,,,,,,,,,,,,,,,
SYR,Asia,Developing economies,197867.8245,,,,,,,,,,,,,,11500.0,11500.0,,,
TWN,Asia,Developing economies,391613.4811,46.0495839507,1241.9345545891,1.5645513068,1289.5486898466,7736.3301037176,274094.9561978143,287.25161992848,7413.9830160627,249132.07165057343,264.25271571852005,8058.6771913725,299057.8407450553,310.25052413844,2564714.0,2846832.5379214603,282118.5379214604,256810.30738235463,307426.76846056624
TJK,Asia,Developing economies,142400.8008,,,,,,,,,,,,,,,,,,
TZA,Africa,LDCs,1182382.508,,45.7689915576,1098.6138344444,1144.382826002,,10101.21643676232,201705.50000399185,,9181.25970645456,185555.8766376592,,11021.17316707008,217855.1233703245,3000000.0,3211806.716440754,211806.7164407542,194737.1363441137,228876.2965373946
THA,Asia,Developing economies,812462.5612,,1822.151861586,2505.6032262862,4327.7550878721995,,402148.91585203016,460028.7523461463,,365523.6634341516,423196.3849197392,,438774.1682699088,496861.1197725535,339451.0,1201628.6681981764,862177.6681981764,788720.0483538908,935635.2880424624
TGO,Africa,LDCs,72151.4315,,189.8178308684,0.1620513089,189.9798821773,,41892.79527265588,29.75262031404,,38077.45687220104,27.37046607321,,45708.13367311072,32.13477455487,0.0,41922.54789296992,41922.54789296992,38104.82733827425,45740.26844766559
TKL,Oceania,Developing economies,320755.744,,,,,,,,,,,,,,,,,,
TON,Oceania,SIDS,666812.0242,,3684.5884327113,10.3884450631,3694.9768777744,,813188.6670993839,1907.31851358516,,739128.4396018868,1754.6083711575902,,887248.894596881,2060.02865601273,1375546.0,2190641.985612969,815095.985612969,740883.0479730443,889308.9232528937
TTO,Caribbean,SIDS,81719.32345,,1.1171760354,81.893051038,83.01022707339999,,246.56075101278,15035.5641705768,,224.10551270124,13831.7363203182,,269.01598932432,16239.3920208354,344084.0,359366.1249215896,15282.12492158958,14055.84183301944,16508.40801015972
BR-ES,Americas,,472492.5991,,,,,,,,,,,,,,,,,,
SHN-3,Africa,Developing economies,758352.7671000002,,,,,,,,,,,,,,,,,,
FR-TRO,Africa,,274562.3249,,,,,,,,,,,,,,,,,,
TUN,Africa,Developing economies,254795.9371,,4988.2407528023,,4988.2407528023,,1100904.7341434676,,,1000641.0950121414,,,1201168.373274794,,1000000.0,2100904.734143468,1100904.7341434676,1000641.0950121414,1201168.373274794
TUR,Asia,Developing economies,1042327.031,255.955139949,0.260049809,,256.215189758,43000.463511432,57.3929928463,,41208.777531789,52.1659916854,,44792.149491075,62.619994007200006,,370398.0,413455.8565042783,43057.85650427829,41260.9435234744,44854.76948508219
TKM,Asia,Developing economies,550026.2555,,,,,,,,,,,,,,,,,,
TCA,Caribbean,SIDS,92016.57957,,951.9578942212,151.8826173705,1103.8405115917,,210097.10725461884,27885.648549223795,,190962.75358077275,25652.97407387745,,229231.46092846495,30118.32302457015,,237982.75580384265,237982.75580384265,216615.72765465017,259349.78395303516
TUV,Oceania,SIDS,753174.5746000002,,,0.0891171497,0.0891171497,,,16.36190868492,,,15.05188658433,,,17.67193078551,2347440.0,2347456.361908685,16.36190868492,15.05188658433,17.67193078551
UGA,Africa,LDCs,241519.178,,,,,,,,,,,,,,,,,,
UKR,Europe,Developed economies,734668.3492000002,,5963.4948513879,,5963.4948513879,,1316143.3137013095,,,1196277.0671884126,,,1436009.5602142063,,,1316143.3137013095,1316143.3137013095,1196277.0671884126,1436009.5602142063
ARE,Asia,Developing economies,122931.7161,47.7634807019,1021.6823402571,73.8624741473,1143.3082951063,8024.2647579192,225485.292494742,13561.15025344428,7689.9203930059,204949.47745557423,12475.37188347897,8358.6091228325,246021.1075339097,14646.928623409593,,247070.70750610545,247070.70750610545,225114.76973205915,269026.6452801518
GBR,Europe,Developed economies,972473.4921,562.1590147976,149.3221128348,,711.4811276324,94442.7144859968,32955.39030264036,,90507.6013824136,29954.01583466088,,98377.82758958,35956.76477061984,,19729141.0,19856539.10478864,127398.10478863717,120461.61721707448,134334.59236019984
USA,Americas,Developed economies,10392443.11,17161.8447007787,0.0,2299.9444099495,19461.7891107282,2883189.9097308214,0.0,422269.7936667282,2763056.9968253705,0.0,388460.6108404705,3003322.8226362723,0.0,456078.97649298585,79645600.0,82951059.70339754,3305459.7033975497,3151517.607665841,3459401.799129258
VIR,Caribbean,SIDS,38636.04954,1.2639190068,83.5975913652,2.5984045131,87.4599148851,212.3383931424,18449.98841429964,477.0670686051601,203.4909600948,16769.67682785912,438.8705222625901,221.18582619,20130.30000074016,515.26361494773,,19139.3938760472,19139.3938760472,17412.03831021651,20866.74944187789
URY,Americas,Developing economies,320452.6077,24.8173503336,,,24.8173503336,4169.3148560448,,,3995.5934037096,,,4343.03630838,,,839758.0,843927.3148560448,4169.3148560448,3995.5934037096,4343.03630838
UZB,Asia,Developing economies,447320.9324,,,,,,,,,,,,,,,,,,
VUT,Oceania,SIDS,638186.3255,,1237.7259297573,15.7118828801,1253.4378126374,,273166.1126974361,2884.70169678636,,248287.8215093144,2653.73701844889,,298044.40388555784,3115.66637512383,1444133.0,1720183.8143942226,276050.81439422246,250941.5585277633,301160.0702606817
VAT,,,0.566205694,,,,,,,,,,,,,,,,,,
VEN,Americas,Developing economies,1383023.211,,1286.2564828806,2858.525647631,4144.7821305116,,283876.8057717484,524825.3089050516,,258023.0504658484,482804.9818848759,,309730.5610776485,566845.6359252273,,808702.1146768,808702.1146768,740828.0323507243,876576.1970028759
VNM,Asia,Developing economies,1079093.76,2.579936269,233.6156203233,1840.2533163553,2076.4488729476,433.429293192,51558.96740535231,337870.50888283306,415.369739309,46863.29343685398,310818.7851324102,451.488847075,56254.64137385064,364922.232633256,4154377.0,4544239.905581377,389862.9055813774,358097.4483085732,421628.3628541817
UMI-5,Oceania,Developed economies,406978.1513000001,,,,,,,,,,,,,,,,,,
WLF,Oceania,Developing economies,250790.027,,,0.2936241421,0.2936241421,,,53.90939248956,,,49.59311760069,,,58.22566737843,,53.90939248956,53.90939248956,49.59311760069,58.22566737843
ESH,Africa,Developing economies,553988.0766,,,,,,,,,,,,,,,,,,
YEM-1,Asia,LDCs,980397.204,,5455.8421478658,15.4146862912,5471.256834157,,1204104.362033982,2830.13640306432,,1094441.9348618796,2603.5405145836803,,1313766.7892060848,3056.7322915449604,,1206934.4984370463,1206934.4984370463,1097045.4753764633,1316823.5214976298
YEM-1,Asia,LDCs,980397.204,,5455.8421478658,15.4146862912,5471.256834157,,1204104.362033982,2830.13640306432,,1094441.9348618796,2603.5405145836803,,1313766.7892060848,3056.7322915449604,,1206934.4984370463,1206934.4984370463,1097045.4753764633,1316823.5214976298
YEM-2,Asia,LDCs,980397.204,,5455.8421478658,15.4146862912,5471.256834157,,1204104.362033982,2830.13640306432,,1094441.9348618796,2603.5405145836803,,1313766.7892060848,3056.7322915449604,,1206934.4984370463,1206934.4984370463,1097045.4753764633,1316823.5214976298
YEM-2,Asia,LDCs,980397.204,,5455.8421478658,15.4146862912,5471.256834157,,1204104.362033982,2830.13640306432,,1094441.9348618796,2603.5405145836803,,1313766.7892060848,3056.7322915449604,,1206934.4984370463,1206934.4984370463,1097045.4753764633,1316823.5214976298
ZMB,Africa,LDCs,751191.6791,,,,,,,,,,,,,,,,,,
ZWE,Africa,Developing economies,390689.6313,,,,,,,,,,,,,,,,,,
,,,397679.20127356,,,,,,,,,,,,,,,,,,
,,,377047.05997778,,2.1668535853,,2.1668535853,,478.22458627571,,,434.67082921118,,,521.7783433402401,,,478.22458627571,478.22458627571,434.67082921118,521.7783433402401
