ISO,Continent,Groups,EEZ Area (km²),Saltmarshes Area (km²),Seagrasses Area (km²),Mangroves Area (km²),Total BCEs Area (km²),Saltmarshes Sequestration (tC),Saltmarshes SE,Seagrasses Sequestration (tC),Seagrasses SE,Mangroves Sequestration (tC),Mangroves SE,Total BCEs Sequestration (tC),Total BCEs SE (tC),BCP Sequestration (tC),Total Blue Carbon Sequestration (tC),Total Blue Carbon Sequestration SE
AE,Asia,,6199.306012,,,,,,,,,,,,,,,
AFG,Asia,LDCs,641860.3931,,,,,,,,,,,,,,,
US-AK,Americas,,5193058.289,1620.9523537258,150.5064595777,,1771.4588133035002,272320.0,0.0,32925.2109375,208.3724712108054,,,305245.25,208.37247750139412,,305245.25,208.37247750139412
ALB,Europe,Developed economies,40953.54483,46.5780205364,44.0192567338,,90.5972772702,7825.109,6.905512299990404e-06,9629.7744140625,60.943575097357744,,,17454.8828125,60.943575097357744,77900.0,95354.8828125,60.943575097357744
DZA,Africa,Developing economies,2444283.56,,40.4831979324,,40.4831979324,,,8856.2158203125,56.0479870058004,,,8856.2158203125,56.0479870058004,3000000.0,3008856.0,56.04798408244479
ES-ALH,Africa,,14.10069656,,,,,,,,,,,,,,,
ASM,Oceania,SIDS,406038.4238,0.0012361478,461.078688911,0.318919196,461.3988442548,0.20767285,1.0536975555405279e-10,100866.8515625,638.3520652613894,59.08498,0.5182810731287977,100926.140625,638.3512110507133,,100926.140625,638.3512110507133
ATF-1,Africa,Developing economies,512251.8623,,,,,,,,,,,,,,,
IN-AN,Asia,,671991.0163,,1646.1551333168,561.3487158309,2207.5038491477,,,360117.4375,2279.061218197751,103999.0,912.2574582915892,464116.46875,2453.116847498058,,464116.46875,2453.116847498058
AND,Europe,Developed economies,467.9036281,,,,,,,,,,,,,,,
AGO,Africa,LDCs,1742905.72,,592.8554747721,280.6529351198,873.5084098919001,,,129694.71875,820.7937678144394,51995.53,456.0939213399518,181690.234375,938.1813845534966,12000000.0,12181691.0,938.1813845534966
AIA,Caribbean,SIDS,90247.35378,,15.0100055743,0.0352719381,15.045277512399998,,,3283.630615234375,20.78098247873856,6.5347023,0.0573210359297352,3290.165283203125,20.78094404163976,,3290.165283203125,20.78094404163976
ATA,,,12524451.06,,,,,,,,,,,,,,,
ATG,Caribbean,SIDS,112003.5377,,249.6354414798,8.691842744,258.3272842238,,,54610.9453125,345.6141169212432,1610.3055,14.12526405538076,56221.24609375,345.8736020949724,216760.0,272981.25,345.87361725409994
ARG,Americas,Developing economies,3850468.218,1187.2151242691,,,1187.2151242691,199452.14,0.0,,,,,199452.140625,0.0,10463247.0,10662699.0,0.0
ARM,Asia,Developing economies,29732.93033,,,,,,,,,,,,,,,
ABW,Caribbean,SIDS,30196.5565,,33.0869116778,0.4329422039,33.5198538817,,,7238.1845703125,45.808012179301016,80.20961,0.7035818583303357,7318.3935546875,45.811967999864414,,7318.3935546875,45.811967999864414
SHN-1,Africa,Developing economies,446104.7597,,,,,,,,,,,,,,,
AUS,Oceania,Developed economies,14559566.31,13186.5855516723,41065.9087326225,10036.8835398962,64289.377824191004,2215346.2,0.0017678111487975,8983692.0,56854.73805003365,1859496.4,16311.112871051682,13058535.0,59115.98453502023,55272322.0,68330856.0,59115.98453502023
AUT,Europe,Developed economies,83989.03008,,,,,,,,,,,,,,,
AZE,Asia,Developing economies,166590.1638,,,,,,,,,,,,,,,
PT-20,Europe,,962788.3495,,,,,,,,,,,,,,,
BHS,Caribbean,SIDS,633060.0463,,79757.0,1497.9220880028,81254.9220880028,,,17447862.0,110421.59734454988,277514.5,2434.299012390205,17725378.0,110443.4278700624,1015260.0,18740638.0,110443.42164760844
BHR,Asia,Developing economies,8272.090041,,535.7478652347,0.5836400717,536.3315053064,,,117201.6875,741.7297286988043,108.12885,0.9484836008371744,117309.8203125,741.7283714871728,,117309.8203125,741.7283714871728
CO-BN,Caribbean,,1553.214326,,,,,,,,,,,,,,,
BGD,Asia,LDCs,250237.1507,,,4482.3272145269,4482.3272145269,,,,,830424.25,7284.307300162424,830424.25,7284.307300162424,1770446.0,2600870.25,7284.307300162424
BRB,Caribbean,SIDS,185441.1234,,89.6291679305,0.1084302472,89.73759817770001,,,19607.525390625,124.08937349568144,20.088472,0.176211854115654,19627.61328125,124.08913054097816,604947.0,624574.625,124.08913054097816
ATF-2,Africa,Developing economies,120802.1517,,,,,,,,,,,,,,,
BLR,Europe,Developed economies,207594.6878,,,,,,,,,,,,,,,
BEL,Europe,Developed economies,34122.1657,4.8730908933,,,4.8730908933,818.6793,4.3159451874940027e-07,,,,,818.6793212890625,4.3159451874940027e-07,,818.6793212890625,4.3159451874940027e-07
BLZ-1,Americas,SIDS,54990.19842,,4692.2744180261,519.3732934924,5211.6477115185,,,1026495.0,6496.338039542613,96222.375,844.0425273814355,1122717.25,6549.21887341029,32900.0,1155617.375,6549.218463515779
BEN,Africa,LDCs,150707.2389,,1342.7526594473,28.8436640741,1371.5963235213999,,,293744.28125,1859.0079419730123,5343.7593,46.87433669900885,299088.0625,1859.50255140916,1000000.0,1299088.125,1859.50255140916
BMU,Americas,SIDS,464453.075,,,0.2094120034,0.2094120034,,,,,38.79699,0.3403190721272357,38.79698944091797,0.3403190721272357,,38.79698944091797,0.3403190721272357
BTN,Asia,Developing economies,40035.13991,,,,,,,,,,,,,,,
BOL,Americas,Developing economies,1082640.856,,,,,,,,,,,,,,,
BES-1,Caribbean,Developing economies,13290.22322,,2.610121266,1.8399214185,4.4500426845,,,570.9973754882812,3.6136484558902704,340.87546,2.990088104277793,911.872802734375,4.6855782964537696,,911.872802734375,4.6855782964537696
BIH,Europe,Developed economies,50997.81703,,,,,,,,,,,,,11.0,11.0,0.0
BWA,Africa,Developing economies,578166.1667,,,,,,,,,,,,,,,
BVT,Americas,Developing economies,50.71955487,,,,,,,,,,,,,,,
BRA,Americas,Developing economies,11678266.58,59.6879211643,426.4758433232,11375.5504338577,11861.7141983452,10027.57,0.0,93297.0390625,590.445276144103,2107506.2,18486.60422628391,2210831.25,18494.816791262747,12626309.0,14837141.0,18494.817371855414
VGB,Caribbean,SIDS,81722.13214,,40.8966706624,0.9839715953,41.880642257699996,,,8946.669921875,56.62042976500036,182.29678,1.5990692327477745,9128.966796875,56.63971944290445,,9128.966796875,56.63971944290445
BRN,Asia,Developing economies,48853.87613,,,109.8247266832,109.8247266832,,,,,20346.822,178.4780635851898,20346.822265625,178.4780635851898,284649.0,304995.8125,178.4780635851898
BGR,Europe,Developed economies,145697.603,0.3155953668,,,0.3155953668,53.02002,0.0,,,,,53.02001953125,0.0,,53.02001953125,0.0
BFA,Africa,LDCs,273981.2237,,,,,,,,,,,,,,,
BDI,Africa,LDCs,26832.74372,,,,,,,,,,,,,,,
KHM,Asia,LDCs,230091.0526,,,622.0971799122,622.0971799122,,,,,115253.66,1010.980848901067,115253.65625,1010.980848901067,,115253.65625,1010.980848901067
CMR,Africa,Developing economies,480130.3404,,,1970.7793647354,1970.7793647354,,,,,365119.03,3202.747682017635,365119.03125,3202.747682017635,0.0,365119.03125,3202.747682017635
CAN,Americas,Developed economies,15700139.08,1114.0426138559,338.0805509232,,1452.1231647791,187159.12,0.0002209763935996,73959.4375,468.06416852574057,,,261118.59375,468.0641461222215,16890002.0,17151122.0,468.0642133327756
ES-CN,Africa,,453419.4586,,2062.5431310577,,2062.5431310577,,,451207.6875,2855.5402030461555,,,451207.6875,2855.5402030461555,,451207.6875,2855.5402030461555
CPV,Africa,SIDS,806027.0356,,,,,,,,,,,,,12000000.0,12000000.0,0.0
CYM,Caribbean,SIDS,118567.3013,,44.9848554788,44.3153331966,89.3001886754,,,9841.01171875,62.28042234531149,8210.14,72.0176126998594,18051.1484375,95.11540467353493,,18051.1484375,95.11540467353493
CAF,Africa,LDCs,620252.6857,,,,,,,,,,,,,,,
ES-CE,Africa,,53.21027835,,,,,,,,,,,,,,,
TCD,Africa,LDCs,1270766.578,,,,,,,,,,,,,,,
ES-CHAF,Africa,,26.11627785,,,,,,,,,,,,,,,
IO,Africa,,647738.231,,,,,,,,,,,,,7522878.0,7522879.0,0.0070712445951901
CHL-1,Americas,Developing economies,3244211.698,9.2112564191,,,9.2112564191,1547.4912,1.726378074997601e-06,,,,,1547.4912109375,1.726378074997601e-06,63103556.00000001,63105088.0,0.1131399135230427
CHN,Asia,Developing economies,10340834.12,5421.2208431855,8075.0073487158,206.55837377,13702.7865656713,910765.2,0.0008839055743987,1766511.0,11179.64830419422,38268.31,335.6815898946049,2715544.25,11183.99704332737,5103023.0,7818567.5,11183.996563268436
CXR,Oceania,Developed economies,328133.6411,,158.4675802562,,158.4675802562,,,34666.8046875,219.39444397509783,,,34666.8046875,219.39444397509783,,34666.8046875,219.39444397509783
CP,Americas,,435659.2121,,,,,,,,,,,,,,,
CCK,Oceania,Developed economies,467456.8656,,215.1809427618,,215.1809427618,,,47073.58203125,297.91271971030085,,,47073.58203125,297.91271971030085,,47073.58203125,297.91271971030085
MAF,Caribbean,Developing economies,1155.029918,,48.6839978735,0.0103011623,48.6942990358,,,10650.24609375,67.40179367590699,1.9084584,0.0167405963772457,10652.1552734375,67.40175964305493,,10652.1552734375,67.40175964305493
COL,Americas,Developing economies,1855095.355,,430.8488816356,2784.0928490099,3214.9417306455,,,94253.6953125,596.4996503069225,515798.62,4524.4772127710185,610052.3125,4562.412215808746,8714865.0,9324918.0,4562.412215808746
CO-QS,Caribbean,,4008.865682,,,,,,,,,,,,,,,
COM,Africa,SIDS,166148.6598,,1265.1507921094,0.9699378602,1266.1207299696,,,276767.90625,1751.5700204881884,179.69682,1.5762627414906154,276947.59375,1751.5675299812006,1000000.0,1276947.625,1751.5675299812006
COK,Oceania,SIDS,1969814.156,,,0.0327153751,0.0327153751,,,,,6.061057,0.0531663229440852,6.061057090759277,0.0531663229440852,4756571.0,4756576.5,0.0533399159385503
CRI,Americas,Developing economies,632867.9047,,,368.211787166,368.211787166,,,,,68217.24,598.387289873368,68217.2421875,598.387289873368,11540220.0,11608438.0,598.3873249218531
HRV,Europe,Developed economies,112170.1033,5.3796232593,299.6174028317,,304.997026091,903.7768,4.3159451874940027e-07,65545.140625,414.8129016969104,,,66448.90625,414.8129143366862,39100.0,105548.9140625,414.8129143366862
ATF-3,Africa,Developing economies,575821.6657,,,,,,,,,,,,,,,
CUB,Caribbean,SIDS,462964.0389,,13906.1906719471,,13906.1906719471,,,3042156.75,19252.77755814175,,,3042156.75,19252.77755814175,1736817.0,4778973.5,19252.77755814175
CUW,Caribbean,SIDS,25838.3905,,,0.4441490499,0.4441490499,,,,,82.28585,0.7217942707922164,82.28585052490234,0.7217942707922164,,82.28585052490234,0.7217942707922164
CYP,Asia,Developed economies,107717.1685,19.5673118179,69.8778706976,,89.4451825155,3287.3083,0.0,15286.6748046875,96.74418523771268,,,18573.986328125,96.74418523771268,491679.0,510252.96875,96.74418523771268
CZE,Europe,Developed economies,78841.84408,,,,,,,,,,,,,,,
COD,Africa,LDCs,2342345.487,,,236.3872634144,236.3872634144,,,,,43794.598,384.1570317451601,43794.59765625,384.1570317451601,0.0,43794.59765625,384.1570317451601
DNK,Europe,Developed economies,147744.0325,304.3514896613,1182.1938121945,,1486.5453018558,51131.06,5.524409839992324e-05,258620.0,1636.7182592421111,,,309751.03125,1636.7182592421111,16410864.0,16720616.0,1636.7182079869392
DJI,Africa,LDCs,28895.09636,,,7.0912418152,7.0912418152,,,,,1313.7682,11.52409991990473,1313.7681884765625,11.52409991990473,,1313.7681884765625,11.52409991990473
DMA,Caribbean,SIDS,29307.45227,,513.932054341,0.0146515174,513.9467058584,,,112429.2109375,711.5262661269571,2.7144327,0.0238104335381522,112431.921875,711.5262071760217,83700.0,196131.921875,711.5262071760217
DOM,Caribbean,SIDS,398851.9321,,346.6886384632,190.5646372618,537.253275725,,,75842.5625,479.9818494586545,35305.21,309.6898577749042,111147.7734375,570.6829535239966,613543.0,724690.8125,570.6829535239966
DJ,Africa,,245.903579,,,,,,,,,,,,,,,
TLS,Asia,SIDS,89659.78377,,334.7823342356,8.5570678111,343.3394020467,,,73237.921875,463.49787880103895,1585.3364,13.906238440835777,74823.25,463.6778874975684,461810.0,536633.25,463.6778874975684
CL-EI,Oceania,,729932.3374,,,,,,,,,,,,,,,
ECU,Americas,Developing economies,484248.1905,0.0870523702,,1465.9738155052,1466.0608678754,14.6248,1.3487328710918758e-08,,,271595.56,2382.3792197434336,271610.1875,2382.3792197434336,34946708.0,35218320.0,2382.3792197434336
EGY,Africa,Developing economies,1226673.099,,2438.7337198099,2.0322796169,2440.7659994267997,,,533504.125,3376.366699302516,376.51294,3.302692832976971,533880.625,3376.361332493958,1000000.0,1533880.625,3376.3615312647976
SLV,Americas,Developing economies,115630.1488,,,369.4258995836,369.4258995836,,,,,68442.18,600.3604208905751,68442.1796875,600.3604208905751,2600795.0,2669237.0,600.3604208905751
GNQ,Africa,Developing economies,330928.1973,,,254.532945152,254.532945152,,,,,47156.38,413.64588537385976,47156.37890625,413.64588537385976,6000000.0,6047156.0,413.64588537385976
ERI,Africa,LDCs,199286.1331,,16.3330002004,73.4137384352,89.7467386356,,,3573.052490234375,22.612635727944856,13601.093,119.30593733278384,17174.146484375,121.3842731502249,,17174.146484375,121.3842731502249
EST,Europe,Developed economies,81842.11413,3.9012615752,,,3.9012615752,655.4119,0.0,,,,,655.4119262695312,0.0,,655.4119262695312,0.0
ETH,Africa,LDCs,1129076.695,,,,,,,,,,,,,,,
ATF-4,Africa,Developing economies,127985.5126,,,6.7230182021,6.7230182021,,,,,1245.5488,10.925692694655242,1245.548828125,10.925692694655242,,1245.548828125,10.925692694655242
FRO,Europe,Developed economies,266742.342,,,,,,,,,,,,,,,
FLK,Americas,Developing economies,562938.29,,,,,,,,,,,,,,,
SOM,Africa,LDCs,1454124.33,,,34.6370844949,34.6370844949,,,,,6417.085,56.289322475148296,6417.0849609375,56.289322475148296,12000000.0,12006417.0,56.28929336692181
FJI,Oceania,SIDS,1315157.77,,1736.2949932675,487.2593668274,2223.5543600949,,,379836.71875,2403.857573006114,90272.75,791.8535914984781,470109.5,2529.374377824564,2835137.0,3305246.5,2529.3745104902114
FIN,Europe,Developed economies,420076.1537,133.2318237148,,,133.2318237148,22382.951,2.7622049199961617e-05,,,,,22382.951171875,2.7622049199961617e-05,,22382.951171875,2.7622049199961617e-05
FRA,Europe,Developed economies,897522.0351,800.792595264,1094.5051404912,,1895.2977357552002,134533.12,0.0002209763935996,239436.984375,1515.3153143223924,,,373970.15625,1515.3153696839877,44719481.0,45093452.0,1515.3153143223924
GUF,Americas,Developing economies,214504.1101,,,635.7043780956,635.7043780956,,,,,117774.6,1033.0941946922533,117774.6015625,1033.0941946922533,,117774.6015625,1033.0941946922533
PYF,Oceania,SIDS,4774877.62,,785.2108340843,1.2587179809,786.4695520652,,,171774.90625,1087.105037799752,233.19804,2.045564317411905,172008.09375,1087.1027227420277,,172008.09375,1087.1027227420277
GAB,Africa,Developing economies,463413.3578,,,1743.9924236951,1743.9924236951,,,,,323103.03,2834.1922056038397,323103.03125,2834.1922056038397,4000000.0,4323103.0,2834.1922056038397
EC-W,Americas,,849472.6397000002,,,50.2139757278,50.2139757278,,,,,9302.957,81.60359316721838,9302.95703125,81.60359316721838,,9302.95703125,81.60359316721838
GMB,Africa,LDCs,33723.36947,,,610.5583841905,610.5583841905,,,,,113115.91,992.2290023299124,113115.90625,992.2290023299124,0.0,113115.90625,992.2290023299124
GEO,Asia,Developing economies,92515.43535,,,,,,,,,,,,,,,
DEU,Europe,Developed economies,414273.458,202.8151075803,317.2246646485,,520.0397722288,34072.934,2.7622049199961617e-05,69396.953125,439.1897412995016,,,103469.890625,439.1897412995016,120.0,103589.890625,439.1897412995016
GHA,Africa,Developing economies,466117.5817,,2713.6813560531,178.0888239632,2891.7701800163,,,593652.5,3757.024973834789,32993.86,289.4152162227291,626646.3125,3767.562304031017,3000000.0,3626646.25,3767.562125899333
GIB,Europe,Developed economies,394.8886291,,,,,,,,,,,,,,,
FR-GLO,Africa,,43537.67295,,,,,,,,,,,,,,,
LUX,Europe,Developed economies,2595.470758,,,,,,,,,,,,,,,
GRC,Europe,Developed economies,615356.1362,,626.4317346594,,626.4317346594,,,137039.953125,867.2793413620767,,,137039.953125,867.2793413620767,10113005.0,10250045.0,867.2793413620767
GRL,Americas,Developed economies,4437543.214,,,,,,,,,,,,,,,
GRD,Caribbean,SIDS,25929.44268,,10.2293264417,1.9255285289,12.154854970599999,,,2237.7958984375,14.162249707791458,356.73557,3.1292095867218417,2594.53125,14.497551975097846,138794.0,141388.53125,14.497551268736366
GLP,Caribbean,SIDS,92355.18888,,758.3848122393,34.1929994847,792.577811724,,,165906.375,1049.96508381722,6334.811,55.56763549212535,172241.171875,1051.320360491615,,172241.171875,1051.320360491615
GUM,Oceania,SIDS,208784.2053,0.0799664038,473.2691110017,0.5224856718,473.8715630773,13.434355,6.743664355459379e-09,103533.65625,655.229420462781,96.798996,0.8491004938064923,103643.8984375,655.2282041585024,,103643.8984375,655.2282041585024
GTM,Americas,Developing economies,218931.7525,,0.1797344864,248.9808509726,249.160585459,,,39.3192138671875,0.2488379613655256,46127.76,404.6230842273022,46167.0859375,404.6226436520178,2857422.0,2903589.25,404.6226436520178
GGY,Europe,Developed economies,3768.532398,,,,,,,,,,,,,,,
GIN,Africa,LDCs,346871.3948,,12808.1078549931,2184.5761293394,14992.6839843325,,,2801937.25,17732.50855624338,404728.38,3550.1923105158457,3206665.5,18077.245759492725,1000000.0,4206665.5,18077.245759492725
GNB,Africa,SIDS,140611.56,,15319.1062725608,2675.5202435335,17994.6265160943,,,3351250.0,21208.92457211084,495683.78,4348.034137185294,3846934.0,21641.27051725517,1000000.0,4846934.0,21641.27051725517
GUY,Americas,SIDS,345516.279,,,267.353039156,267.353039156,,,,,49531.51,434.4800280658473,49531.51171875,434.4800280658473,583893.0,633424.5625,434.480003930596
HTI,Caribbean,SIDS,130502.8419,,748.6292875703,150.0431056151,898.6723931854,,,163772.21875,1036.4587187495813,27797.934,243.83763375997128,191570.15625,1064.2669644742823,221002.0,412572.15625,1064.2669644742823
SD,Africa,,37610.64963,,,0.6236022255,0.6236022255,,,,,115.532486,1.0134266977357484,115.53248596191406,1.0134266977357484,,115.53248596191406,1.0134266977357484
US-HI,Oceania,,2491444.428,1.8657893071,592.8871412703,6.9320541083,601.6849846857001,313.45264,2.1579725937470013e-07,129701.6328125,820.8376386860523,1284.2761,11.265400673860524,131299.359375,820.8917266846262,,131299.359375,820.8917266846262
HMD,Oceania,Developed economies,417684.5825,,,,,,,,,,,,,,,
HND,Americas,Developing economies,320588.1623000001,,2739.1957906176,600.9931089823,3340.1888995998997,,,599234.0625,3792.349196424309,111343.78,976.6842463057592,710577.875,3914.152299689451,591886.0,1302463.875,3914.152299689451
UMI-1,Oceania,Developed economies,434897.4775,,,,,,,,,,,,,,,
HUN,Europe,Developed economies,93001.38934,,,,,,,,,,,,,,,
ISL,Europe,Developed economies,865630.9691,26.2857318694,,,26.2857318694,4416.0034,3.452756149995202e-06,,,,,4416.00341796875,3.452756149995202e-06,8803328.0,8807743.0,0.0070712445951901
IND,Asia,Developing economies,4804678.648,,2583.230114132,3446.1750775844,6029.4051917164,,,565114.625,3576.4186400327408,638460.2,5600.438549089211,1203574.625,6638.772525029099,33290126.000000004,34493700.0,6638.772525029099
IDN,Asia,Developing economies,7906619.381,,17597.0823649314,,17597.0823649314,,,3849586.25,24362.72657202509,,,3849586.25,24362.72657202509,30885166.0,34734756.0,24362.72657202509
IRN,Asia,Developing economies,1838516.136,,2704.3209827839,102.63787859,2806.9588613739,,,591604.75,3744.065788770941,19015.34,166.7985884788475,610620.125,3747.436851887512,299557.0,910177.0625,3747.436851887512
IRQ,Asia,Developing economies,438531.6527,,90.6672882819,,90.6672882819,,,19834.626953125,125.5266291137097,,,19834.626953125,125.5266291137097,,19834.626953125,125.5266291137097
IRL,Europe,Developed economies,498255.4494,99.0633788019,3.6013766773,,102.6647554792,16642.645,1.3811024599980809e-05,787.8472290039062,4.986017326327589,,,17430.4921875,4.986017326327589,2719716.0,2737146.75,4.9860247715139865
CHL-2,Americas,Developing economies,450968.2044,,,,,,,,,,,,,,,
IMN,Europe,Developed economies,4540.893665,,,,,,,,,,,,,,,
ISR,Asia,Developed economies,46692.92813,,17.3956373442,,17.3956373442,,,3805.51806640625,24.083830165980103,,,3805.51806640625,24.083830165980103,20100.0,23905.517578125,24.083830165980103
ITA,Europe,Developed economies,837224.5569,439.3309839357,3724.9805100926,,4164.3114940283,73807.62,5.524409839992324e-05,814887.125,5157.143819564366,,,888694.6875,5157.143299026446,8715967.0,9604661.0,5157.143559295412
CIV,Africa,Developing economies,492520.1653,,,53.4962968508,53.4962968508,,,,,9911.061,86.93775318839607,9911.060546875,86.93775318839607,3000000.0,3009911.25,86.93775695771798
JAM,Caribbean,SIDS,267911.9523,,791.6998588876,97.6693403955,889.3691992831,,,173194.4375,1096.088838375047,18094.838,158.72413331413978,191289.296875,1107.1985284803593,838551.0,1029840.3125,1107.1985284803593
SJM-1,Europe,Developed economies,293290.5763,,,,,,,,,,,,,,,
JPN,Asia,Developed economies,4438697.451,,473.7326777891,10.2871928875,484.0198706766,,,103635.0703125,655.8711862045509,1905.8704,16.717895427396837,105540.9375,656.0498474356625,22871261.0,22976800.0,656.0498474356625
UMI-2,Oceania,Developed economies,323192.6875,,,,,,,,,,,,,,,
JEY,Europe,Developed economies,2456.817384,,,,,,,,,,,,,,,
UMI-3,Oceania,Developed economies,442448.3936,,,,,,,,,,,,,,,
,,,377047.05997778,,2.1668535853,,2.1668535853,,,474.0268859863281,2.999955530780304,,,474.0268859863281,2.999955530780304,,474.0268859863281,2.999955530780304
JOR,Asia,Developing economies,89443.77602,,1.3705424897,,1.3705424897,,,299.8236999511719,1.8974823377204588,,,299.8236999511719,1.8974823377204588,,299.8236999511719,1.8974823377204588
ATF-5,Africa,Developing economies,62824.02726,,,,,,,,,,,,,,,
KAZ,Asia,Developing economies,2836835.689,,,,,,,,,,,,,,,
KEN,Africa,Developing economies,707484.6591,,116.0615719036,542.0699299071,658.1315018107,,,25389.951171875,160.68438257435028,100427.305,880.927175723332,125817.2578125,895.1369008883761,1000000.0,1125817.375,895.1369008883761
ATF-6,Africa,Developing economies,558169.7229000002,,,,,,,,,,,,,,,
KIR,Oceania,SIDS,3441229.2672999995,,496.2343497951,1.4648261908,497.6991759859,,,108557.609375,687.0242018230613,271.38293,2.380514306674907,108828.984375,687.0874818362274,25833193.0,25942020.0,687.0234691823274
RU-SA,Asia,,218735.0936,,,,,,,,,,,,,,,
KWT,Asia,Developing economies,28241.48885,,1568.6025533623,,1568.6025533623,,,343151.8125,2171.691534482291,,,343151.8125,2171.691534482291,,343151.8125,2171.691534482291
KGZ,Asia,Developing economies,199637.6734,,,,,,,,,,,,,,,
LAO,Asia,LDCs,229724.7134,,,,,,,,,,,,,,,
LVA,Europe,Developed economies,92872.99497,0.7129094665,,,0.7129094665,119.768776,1.078986296873501e-07,,,,,119.7687759399414,1.078986296873501e-07,,119.7687759399414,1.078986296873501e-07
LBN,Asia,Developing economies,29064.42192,,,,,,,,,,,,,40900.0,40900.0,0.0
LSO,Africa,LDCs,30561.65539,,,,,,,,,,,,,,,
LBR,Africa,LDCs,347612.3157,,,182.1353161055,182.1353161055,,,,,33743.54,295.9912387749873,33743.5390625,295.9912387749873,3000000.0,3033743.5,295.99124763190844
LBY,Africa,Developing economies,1973738.166,,11.5167549849,,11.5167549849,,,2519.437255859375,15.944663145207574,,,2519.437255859375,15.944663145207574,7000000.0,7002519.0,15.944667640979825
LIE,Europe,Developed economies,160.8089954,,,,,,,,,,,,,,,
LTU,Europe,Developed economies,71779.08695,,,,,,,,,,,,,,,
MKD,Europe,Developed economies,25437.19787,,,,,,,,,,,,,,,
AU-TAS,Oceania,,476412.8641,,,,,,,,,,,,,,,
MDG,Africa,LDCs,1786627.146,57.8254622808,5764.7648300837,2758.3331165541,8580.9234089186,9714.68,1.3811024599980809e-05,1261115.75,7981.174715071045,511026.2,4482.614576194418,1781856.625,9145.809734680128,3000000.0,4781857.0,9145.809441158952
PT-30,Europe,,453615.7185,,,,,,,,,,,,,,,
MWI,Africa,LDCs,118501.0583,,,,,,,,,,,,,,,
MYS,Asia,Developing economies,847078.3438,,548.0749517944,5227.091421078,5775.1663728724,,,119898.390625,758.7962540003965,968403.94,8494.636176236363,1088302.25,8526.904847531283,1108930.0,2197232.25,8526.904847531283
MDV,Asia,SIDS,924130.53,,2400.9672221328,0.9734406622,2401.940662795,,,525242.25,3324.080050403473,180.34576,1.581955147627282,525422.5625,3324.077122893912,11633297.0,12158720.0,3324.077122893912
MLI,Africa,LDCs,1252545.079,,,,,,,,,,,,,,,
MLT,Europe,Developed economies,53247.41011,,70.4110839898,,70.4110839898,,,15403.3251953125,97.48241008045376,,,15403.3251953125,97.48241008045376,1556727.0,1572130.375,97.4824168036436
MHL,Oceania,SIDS,2004958.808,,525.8349166768,0.3254464617,526.1603631385001,,,115033.0859375,728.0054323216788,60.294262,0.5288886708574009,115093.3984375,728.0045680734131,8845072.0,8960165.0,728.0045680734131
MTQ,Caribbean,SIDS,48905.09809,,548.7793639129,19.4411010032,568.2204649160999,,,120052.4921875,759.7714591250615,3601.7808,31.594068174535405,123654.28125,760.3631918823388,,123654.28125,760.3631918823388
VU,Oceania,,187185.5177,,,,,,,,,,,,,,,
MRT,Africa,LDCs,1212054.797,23.0,772.0,3.4594715486,798.4594715486,3864.0,0.0,168884.859375,1068.8149562934734,640.9235,5.622046507309106,173389.78125,1068.8182135842394,4000000.0,4173389.75,1068.818174339831
MYT,Africa,Developing economies,67285.12793,,1484.3952218942,6.7533274632,1491.1485493574,,,324730.4375,2055.1086690890893,1251.164,10.974948582787064,325981.59375,2055.115445257581,,325981.59375,2055.115445257581
ES-ML,Africa,,40.73956715,,,,,,,,,,,,,,,
MEX,Americas,Developing economies,5138716.724,2714.0569471771,9758.378052241,9921.3205130288,22393.7555124469,455961.56,0.0,2134769.75,13510.23326847303,1838086.4,16123.308695214902,4428818.0,21014.080415302124,30789336.0,35218156.0,21014.080415302124
FSM,Oceania,SIDS,3009867.645,,1584.2227649027,87.1055536458,1671.3283185485,,,346568.96875,2193.317307968884,16137.725,141.55673370377986,362706.6875,2197.590127842137,13999541.0,14362247.0,2197.590051494619
MDA,Europe,Developed economies,33855.6426,,,,,,,,,,,,,,,
MCO,Europe,Developed economies,290.5136861,,0.4232879985,,0.4232879985,,,92.59964752197266,0.5860317838330811,,,92.59964752197266,0.5860317838330811,,92.59964752197266,0.5860317838330811
MNG,Asia,Developing economies,1564953.688,,,,,,,,,,,,,,,
MNE,Europe,Developed economies,20237.20393,1.0502616735,,,1.0502616735,176.44397,1.078986296873501e-07,,,,,176.4439697265625,1.078986296873501e-07,40000.0,40176.44140625,2.7622049199961617e-05
MSR,Caribbean,SIDS,7288.804817,,12.9999232775,,12.9999232775,,,2843.899658203125,17.99807383619399,,,2843.899658203125,17.99807383619399,,2843.899658203125,17.99807383619399
MAR,Africa,Developing economies,686691.5903,,,,,,,,,,,,,2000000.0,2000000.0,0.0
MOZ,Africa,LDCs,1352536.737,,689.8324937973,2978.680385156,3668.5128789533,,,150909.671875,955.0561028942244,551849.1,4840.704985884426,702758.8125,4932.093210898809,2000000.0,2702759.0,4932.092938753825
MMR,Asia,LDCs,1165256.57,,2933.5359685211,5319.8569842173,8253.3929527384,,,641748.5,4061.407960200413,985590.25,8645.39143573661,1627338.625,9544.28692661948,4548515.0,6175854.0,9544.28692661948
NAM,Africa,Developing economies,1386405.326,,,,,,,,,,,,,14000000.0,14000000.0,0.0
NRU,Oceania,SIDS,309282.8981,,,,,,,,,,,,,2013181.0,2013180.75,0.0017678111487975
UM-76,Caribbean,,13895.46578,,,,,,,,,,,,,,,
NPL,Asia,LDCs,147296.9028,,,,,,,,,,,,,,,
NLD,Europe,Developed economies,99460.48933,151.2944475334,1.1224619492,,152.41690948259998,25417.469,1.3811024599980809e-05,245.5529022216797,1.554020781402054,,,25663.01953125,1.554020781402054,563712.0,589375.0,1.5540198547269093
NCL,Oceania,SIDS,1198282.794,,1469.2951856795,334.8082100499,1804.1033957294,,,321427.09375,2034.202893502975,62028.68,544.1025678078488,383455.78125,2104.6322629274946,,383455.78125,2104.6322629274946
NZL,Oceania,Developed economies,4374135.887,168.1917636481,,277.2352916621,445.4270553102,28256.217,1.3811024599980809e-05,,,51362.36,450.53984435959467,79618.5703125,450.53984435959467,35752087.0,35831708.0,450.53984435959467
NIC,Americas,Developing economies,341809.2869,,5532.4201101315,743.4585878993,6275.8786980308005,,,1210287.5,7659.498932992546,137737.83,1208.2074619462485,1348025.375,7751.750071097038,2565473.0,3913498.5,7751.750071097038
NER,Africa,LDCs,1181112.974,,,,,,,,,,,,,,,
NGA,Africa,Developing economies,1087016.427,,8829.3065752691,8392.5148781293,17221.8214533984,,,1931523.625,12223.957275235804,1554850.2,13638.820314213088,3486373.5,18296.36098285899,2000000.0,5486374.0,18296.36098285899
NIU,Oceania,SIDS,318407.1764,,,,,,,,,,,,,514955.0,514954.96875,0.0002209763935996
NFK,Oceania,Developed economies,430640.4739,,,,,,,,,,,,,,,
PRK,Asia,Developing economies,236798.6621,4.9118865079,,,4.9118865079,825.1969,4.3159451874940027e-07,,,,,825.1968994140625,4.3159451874940027e-07,,825.1968994140625,4.3159451874940027e-07
MNP,Oceania,SIDS,764117.3579,0.0016172742,,,0.0016172742,0.27170205,2.1073951110810557e-10,,,,,0.2717020511627197,2.1073951110810557e-10,,0.2717020511627197,2.1073951110810557e-10
NOR,Europe,Developed economies,1256754.973,,62.2705825703,,62.2705825703,,,13622.486328125,86.2120890862484,,,13622.486328125,86.2120890862484,10771371.0,10784993.0,86.2120624789005
TL-OE,Asia,,2578.265425,,,1.9302585377,1.9302585377,,,,,357.61188,3.136896377941786,357.61187744140625,3.136896377941786,,357.61187744140625,3.136896377941786
OMN,Asia,Developing economies,864660.6732,,,1.3646663791,1.3646663791,,,,,252.8267,2.217742816279642,252.8267059326172,2.217742816279642,14782091.0,14782343.0,2.2177394252724825
,,,397679.20127356,,,,,,,,,,,,,,,
PAK,Asia,Developing economies,1096403.603,,,777.4546405073,777.4546405073,,,,,144036.16,1263.454987067231,144036.15625,1263.454987067231,3384331.0,3528367.25,1263.454987067231
PLW,Oceania,SIDS,616992.7204,,727.4325533265,56.9219440142,784.3544973407,,,159135.15625,1007.1124306146136,10545.719,92.50483347853152,169680.890625,1011.1624323402588,2529223.0,2698904.0,1011.1624323402588
PSE,Asia,Developing economies,7372.715335,,,,,,,,,,,,,,,
UMI-4,Oceania,Developed economies,353675.8936,,,,,,,,,,,,,,,
PAN,Americas,Developing economies,406250.2226,,1791.3001132113,1528.2358256176,3319.5359388289,,,391869.8125,2480.0108326253285,283130.62,2483.562380264324,675000.4375,3506.166421758473,3835240.0,4510240.5,3506.166421758473
PNG,Oceania,SIDS,2861551.097,,9227.2574378643,4492.6365050735,13719.8939429378,,,2018580.5,12774.910623230066,832334.25,7301.061326154543,2850914.75,14701.02800733641,12196339.0,15047254.0,14701.02800733641
PRY,Americas,Developing economies,400752.4479000001,,,,,,,,,,,,,,,
ES-PER,Africa,,0.785737099,,,,,,,,,,,,,,,
PER,Americas,Developing economies,2146765.779,282.6696741037,,54.1852527689,336.8549268726,47488.504,2.7622049199961617e-05,,,10038.702,88.05738985863387,57527.20703125,88.05738985863387,45278430.0,45335956.0,88.05744940094364
ES-PVG,Africa,,3.738562293,,,,,,,,,,,,,,,
PHL,Asia,Developing economies,2260600.759,,14946.0027147582,2820.259491479,17766.2622062372,,,3269629.25,20692.371614806118,522499.06,4583.252402869785,3792128.5,21184.67440581984,5609099.0,9401226.0,21184.67440581984
PCN,Oceania,Developing economies,842344.1991,,,,,,,,,,,,,,,
POL,Europe,Developed economies,342427.1866,,2.6594927668,,2.6594927668,,,581.7979736328125,3.682002164176014,,,581.7979736328125,3.682002164176014,,581.7979736328125,3.682002164176014
PRT,Europe,Developed economies,404204.1673,198.9353711863,0.0380443627,,198.97341554899998,33421.14,0.0,8.322690963745117,0.0526714815080059,,,33429.4609375,0.0526713628419009,12403497.0,12436926.0,0.0528124697192613
ZA-PE,Oceania,,475239.5011,,,,,,,,,,,,,,,
PRI,Caribbean,SIDS,163631.3489,58.4387261237,600.654661828,81.9958562891,741.0892442408001,9817.706,0.0,131400.890625,831.5915634659249,15191.068,133.2528830933974,156409.65625,841.9294126293443,,156409.65625,841.9294126293443
QAT,Asia,Developing economies,42976.44118,,1147.2089035422,4.595108877,1151.8040124192,,,250966.578125,1588.28239164998,851.3189,7.467590846159977,251817.9375,1588.2846100143515,,251817.9375,1588.2846100143515
MUS,Africa,SIDS,1280968.84,,131.8322677674,3.9624566903,135.7947244577,,,28839.994140625,182.5185309521941,734.1097,6.439456751167951,29574.10546875,182.61885985625568,7000000.0,7029575.0,182.6188670339673
COG,Africa,Developing economies,376110.1204,,,20.5416266422,20.5416266422,,,,,3805.6711,33.382549904581985,3805.671142578125,33.382549904581985,1000000.0,1003805.6875,33.382548677532256
ROU,Europe,Developed economies,267907.8796,54.7212770144,,,54.7212770144,9193.173,6.905512299990404e-06,,,,,9193.1728515625,6.905512299990404e-06,,9193.1728515625,6.905512299990404e-06
RUS,Europe,Developed economies,24610608.92,7043.8960256472,680.0401280493,,7723.9361536965,1183374.4,0.0008839055743987,148767.46875,941.4987384098404,,,1332141.875,941.4987384098404,46459217.0,47791356.0,941.4987384098404
RWA,Africa,LDCs,25315.45209,,,,,,,,,,,,,,,
REU,,,317665.1825,,,,,,,,,,,,,,,
BES-2,Caribbean,Developing economies,9501.573907,,0.6132910815,,0.6132910815,,,134.16525268554688,0.8490864074912337,,,134.16525268554688,0.8490864074912337,,134.16525268554688,0.8490864074912337
SHN-2,Africa,Developing economies,449352.0558,,,,,,,,,,,,,,,
KNA,Caribbean,SIDS,9768.631729,,60.0867798917,0.3468710985,60.4336509902,,,13144.75,83.18866426102223,64.26353,0.5637062428574051,13209.0146484375,83.1894127047385,23300.0,36509.015625,83.1894127047385
LCA,Caribbean,SIDS,16027.46852,,6.6136956423,1.6215341376,8.2352297799,,,1446.8304443359375,9.156498408952826,300.41565,2.6351830618551864,1747.2459716796875,9.522941289356982,61099.99999999999,62847.24609375,9.522941289356982
VCT,Caribbean,SIDS,36640.77601,,,0.3255645546,0.3255645546,,,,,60.31615,0.5290805952913182,60.3161506652832,0.5290805952913182,180854.0,180914.328125,0.5290805952913182
BLM,Caribbean,Developing economies,4203.437535,,16.8932475997,,16.8932475997,,,3695.613525390625,23.38828467487519,,,3695.613525390625,23.38828467487519,,3695.613525390625,23.38828467487519
SPM,Americas,Developed economies,12640.74524,,,,,,,,,,,,,,,
WSM,Oceania,SIDS,133333.9137,,982.8710169627,2.314155737,985.1851726996999,,,215015.578125,1360.7607291547256,428.7351,3.7607744696047063,215444.328125,1360.7581398715354,272057.0,487501.3125,1360.7581398715354
SMR,Europe,Developed economies,58.46616607,,,,,,,,,,,,,,,
STP,Africa,SIDS,131846.4427,,,0.4838520661,0.4838520661,,,,,89.64148,0.7863163451625137,89.6414794921875,0.7863163451625137,3000000.0,3000089.5,0.7863160907991978
BLZ-2,Americas,SIDS,1449.95064,,208.8283875165,,208.8283875165,,,45683.875,289.117747165798,,,45683.875,289.117747165798,,45683.875,289.117747165798
SAU,Asia,Developing economies,2149313.361,,20982.6977499275,69.3923174465,21052.090067374003,,,4590233.0,29050.026766290917,12856.059,112.77065367149592,4603089.0,29050.01345936777,,4603089.0,29050.01345936777
SEN,Africa,LDCs,353554.9855,,1482.0112378299,,1482.0112378299,,,324208.90625,2051.8079783661537,,,324208.90625,2051.8079783661537,3000000.0,3324208.75,2051.8079783661537
JP,Asia,,73800.91173,,,,,,,,,,,,,,,
SRB,Europe,Developed economies,88332.90221,,,,,,,,,,,,,,,
CO-SR,Caribbean,,2842.327632,,,,,,,,,,,,,,,
CO-SL,Caribbean,,1553.311591,,,,,,,,,,,,,,,
SYC,Africa,SIDS,1342014.332,,,3.8298136769,3.8298136769,,,,,709.5355,6.223896262329106,709.5355224609375,6.223896262329106,17000000.0,17000710.0,6.22390634011362
SLE,Africa,LDCs,232907.7396,,4411.0989118676,1508.2259567574,5919.324868625,,,964984.1875,6107.057858486663,279423.5,2451.0440182857465,1244407.75,6575.880706933324,2000000.0,3244407.5,6575.880706933324
SGP,Asia,SIDS,1377.156656,,119.530559041,6.9701526733,126.50071171430001,,,26148.8359375,165.4870995425497,1291.3345,11.327315913502645,27440.171875,165.8510864326898,0.0799,27440.25,165.8510706259124
BES-3,Caribbean,Developing economies,2199.099395,,1.2888806866,,1.2888806866,,,281.9591064453125,1.784423584347735,,,281.9591064453125,1.784423584347735,,281.9591064453125,1.784423584347735
SXM,Caribbean,SIDS,504.6385051,,24.0978992544,0.0539361904,24.151835444800003,,,5271.72314453125,33.36294571028349,9.992559,0.0876526334413716,5281.7158203125,33.36288063837151,,5281.7158203125,33.36288063837151
SVK,Europe,Developed economies,49037.64322,,,,,,,,,,,,,,,
SVN,Europe,Developed economies,20436.23849,2.2113830746,0.0849964019,,2.2963794765,371.5124,2.1579725937470013e-07,18.59404945373535,0.1176754217126234,,,390.1064147949219,0.1176754217126234,,390.1064147949219,0.1176754217126234
SLB,Oceania,SIDS,1631260.53,,1253.8889659394,525.650041244,1779.5390071834,,,274304.21875,1735.9782636471552,97385.24,854.2429174040466,371689.46875,1933.1973514649312,6872945.0,7244634.5,1933.1973514649312
ZAF,Africa,Developing economies,2292218.116,61.2951236623,405.561115167,26.5433526972,493.39959152650005,10297.58,6.905512299990404e-06,88721.6796875,561.489363823968,4917.589,43.13605858093081,103936.84375,563.0554273073931,15000000.0,15103938.0,563.0554273073931
SGS,Americas,Developing economies,1241743.427,,,,,,,,,,,,,,,
KOR,Asia,Developed economies,448099.2543,,,,,,,,,,,,,1855368.0,1855368.0,0.0
SSD,Africa,LDCs,632552.3626,,,,,,,,,,,,,,,
ESP,Europe,Developed economies,1060247.985,881.5859162822,1037.8186489336,,1919.4045652157997,148106.44,0.0,227036.078125,1436.8342553088933,,,375142.5,1436.8342553088933,11421840.0,11796983.0,1436.8342553088933
LKA,Asia,Developing economies,599363.0095,,2867.8565481386,181.1910531588,3049.0476012974,,,627380.25,3970.476614591552,33568.594,294.45671417318044,660948.875,3980.7761685531736,7658827.0,8319775.5,3980.7761685531736
SDN,Africa,LDCs,1915608.674,,4439.9415764222,6.3654840695,4446.3070604917,,,971293.875,6146.989420322254,1179.3098,10.34465842635212,972473.25,6146.976755544486,,972473.25,6146.976755544486
SUR,Americas,SIDS,278588.9878,,,806.2228176422,806.2228176422,,,,,149365.92,1310.2066578129377,149365.921875,1310.2066578129377,699754.0,849119.9375,1310.2065937846596
SJM-2,Europe,Developed economies,857624.7462000002,,,,,,,,,,,,,,,
SWZ,Africa,Developing economies,17367.387,,,,,,,,,,,,,,,
SWE,Europe,Developed economies,605471.911,50.0187173763,33.8751010946,,83.8938184709,8403.144,6.905512299990404e-06,7410.611328125,46.899244097904685,,,15813.7568359375,46.899244097904685,,15813.7568359375,46.899244097904685
CHE,Europe,Developed economies,41270.47734,,,,,,,,,,,,,,,
SYR,Asia,Developing economies,197867.8245,,,,,,,,,,,,,11500.0,11500.0,0.0
TWN,Asia,Developing economies,391613.4811,46.0495839507,1241.9345545891,1.5645513068,1289.5486898466,7736.3286,1.0358268449985606e-05,271689.0625,1719.4277712649605,289.85864,2.542579358739816,279715.21875,1719.4244535657435,2564714.0,2844429.25,1719.4244535657435
TJK,Asia,Developing economies,142400.8008,,,,,,,,,,,,,,,
TZA,Africa,LDCs,1182382.508,,45.7689915576,1098.6138344444,1144.382826002,,,10012.5517578125,63.36604203423276,203536.16,1785.3763451623,213548.703125,1786.3703228285322,3000000.0,3213548.75,1786.3703228285322
THA,Asia,Developing economies,812462.5612,,1822.151861586,2505.6032262862,4327.7550878721995,,,398618.96875,2522.7242605833767,464203.88,4071.899119260823,862822.8125,4785.6297023363095,339451.0,1202273.875,4785.6297023363095
TGO,Africa,LDCs,72151.4315,,189.8178308684,0.1620513089,189.9798821773,,,41525.07421875,262.7980903164513,30.02265,0.2633523641879566,41555.09765625,262.79769129177566,0.0,41555.09765625,262.79769129177566
TKL,Oceania,Developing economies,320755.744,,,,,,,,,,,,,,,
TON,Oceania,SIDS,666812.0242,,3684.5884327113,10.3884450631,3694.9768777744,,,806050.75,5101.221666563202,1924.6288,16.882440523807627,807975.4375,5101.214825382818,1375546.0,2183521.5,5101.214825382818
TTO,Caribbean,SIDS,81719.32345,,1.1171760354,81.893051038,83.01022707339999,,,244.39654541015625,1.546702691036879,15172.024,133.08581297794592,15416.4189453125,133.09161894030595,344084.0,359500.40625,133.09161894030595
BR-ES,Americas,,472492.5991,,,,,,,,,,,,,,,
SHN-3,Africa,Developing economies,758352.7671000002,,,,,,,,,,,,,,,
FR-TRO,Africa,,274562.3249,,,,,,,,,,,,,,,
TUN,Africa,Developing economies,254795.9371,,4988.2407528023,,4988.2407528023,,,1091241.375,6906.096094895575,,,1091241.375,6906.096094895575,1000000.0,2091241.5,6906.096094895575
TUR,Asia,Developing economies,1042327.031,255.955139949,0.260049809,,256.215189758,43000.47,2.7622049199961617e-05,56.88922500610352,0.3600325695996941,,,43057.35546875,0.3600326112646723,370398.0,413455.375,0.3600330834674218
TKM,Asia,Developing economies,550026.2555,,,,,,,,,,,,,,,
TCA,Caribbean,SIDS,92016.57957,,951.9578942212,151.8826173705,1103.8405115917,,,208252.953125,1317.962179342013,28138.732,246.82705961484027,236391.6875,1340.3767717912594,,236391.6875,1340.3767717912594
TUV,Oceania,SIDS,753174.5746000002,,,0.0891171497,0.0891171497,,,,,16.510406,0.144825813395994,16.510406494140625,0.144825813395994,2347440.0,2347456.5,0.1448265729650876
UGA,Africa,LDCs,241519.178,,,,,,,,,,,,,,,
UKR,Europe,Developed economies,734668.3492000002,,5963.4948513879,,5963.4948513879,,,1304590.625,8256.311286982409,,,1304590.625,8256.311286982409,,1304590.625,8256.311286982409
ARE,Asia,Developing economies,122931.7161,47.7634807019,1021.6823402571,73.8624741473,1143.3082951063,8024.264,3.452756149995202e-06,223506.078125,1414.493942717783,13684.228,120.03517409722464,245214.546875,1419.3319322020934,,245214.546875,1419.3319322020934
GBR,Europe,Developed economies,972473.4921,562.1590147976,149.3221128348,,711.4811276324,94442.7,5.524409839992324e-05,32666.119140625,206.7327880085834,,,127108.8359375,206.73277532761884,19729141.0,19856248.0,206.73274996568736
USA,Americas,Developed economies,10392443.11,17161.8447007787,,2299.9444099495,19461.7891107282,2883189.8,0.0,,,426102.22,3737.679236174012,3309292.0,3737.679236174012,79645600.0,82954896.0,3737.679056618151
VIR,Caribbean,SIDS,38636.04954,1.2639190068,83.5975913652,2.5984045131,87.4599148851,212.3384,0.0,18288.0390625,115.73879192300991,481.3968,4.22271170276947,18981.775390625,115.80713172697068,,18981.775390625,115.80713172697068
URY,Americas,Developing economies,320452.6077,24.8173503336,,,24.8173503336,4169.315,0.0,,,,,4169.31494140625,0.0,839758.0,843927.375,0.0004419527871993
UZB,Asia,Developing economies,447320.9324,,,,,,,,,,,,,,,
VUT,Oceania,SIDS,638186.3255,,1237.7259297573,15.7118828801,1253.4378126374,,,270768.34375,1713.6010015227994,2910.8823,25.5336515079212,273679.21875,1713.738756895258,1444133.0,1717812.25,1713.738756895258
VAT,,,0.566205694,,,,,,,,,,,,,,,
VEN,Americas,Developing economies,1383023.211,,1286.2564828806,2858.525647631,4144.7821305116,,,281385.03125,1780.790401094186,529588.5,4645.439271284579,810973.5625,4971.649249322091,,810973.5625,4971.649249322091
VNM,Asia,Developing economies,1079093.76,2.579936269,233.6156203233,1840.2533163553,2076.4488729476,433.4293,0.0,51106.3984375,323.435045338361,340936.97,2990.627396444248,392476.78125,3007.4049134063703,4154377.0,4546854.0,3007.4049134063703
UMI-5,Oceania,Developed economies,406978.1513000001,,,,,,,,,,,,,,,
WLF,Oceania,Developing economies,250790.027,,,0.2936241421,0.2936241421,,,,,54.398663,0.4771736421201791,54.39866256713867,0.4771736421201791,,54.39866256713867,0.4771736421201791
ESH,Africa,Developing economies,553988.0766,,,,,,,,,,,,,,,
YEM,Asia,LDCs,980397.204,,5455.8421478658,15.4146862912,5471.256834157,,,1193535.25,7553.47938561809,2855.822,25.05067266821505,1196391.0,7553.468723681219,,1196391.0,7553.468723681219
ZMB,Africa,LDCs,751191.6791,,,,,,,,,,,,,,,
ZWE,Africa,Developing economies,390689.6313,,,,,,,,,,,,,,,
